0 verbose cli /opt/homebrew/Cellar/node@24/24.13.1/bin/node /opt/homebrew/opt/node@24/bin/npm
1 info using npm@11.8.0
2 info using node@v24.13.1
3 silly config load:file:/opt/homebrew/Cellar/node@24/24.13.1/lib/node_modules/npm/npmrc
4 silly config load:file:/Users/mac/Downloads/Elevate-Educate/.npmrc
5 silly config load:file:/Users/mac/.npmrc
6 silly config load:file:/opt/homebrew/etc/npmrc
7 verbose title npm i
8 verbose argv "i" "--cache" "./.npm-cache" "--no-audit" "--no-fund"
9 verbose logfile logs-max:10 dir:/Users/mac/Downloads/Elevate-Educate/.npm-cache/_logs/2026-02-21T00_23_21_126Z-
10 verbose logfile /Users/mac/Downloads/Elevate-Educate/.npm-cache/_logs/2026-02-21T00_23_21_126Z-debug-0.log
11 silly logfile done cleaning log files
12 silly packumentCache heap:4496293888 maxSize:1124073472 maxEntrySize:562036736
13 silly idealTree buildDeps
14 silly fetch manifest @emotion/react@11.14.0
15 silly packumentCache full:https://registry.npmjs.org/@emotion%2freact cache-miss
16 http cache https://registry.npmjs.org/@emotion%2freact 9ms (cache hit)
17 silly packumentCache full:https://registry.npmjs.org/@emotion%2freact set size:196548 disposed:false
18 silly fetch manifest react@18.3.1
19 silly packumentCache full:https://registry.npmjs.org/react cache-miss
20 http cache https://registry.npmjs.org/react 12ms (cache hit)
21 silly packumentCache full:https://registry.npmjs.org/react set size:6504076 disposed:false
22 silly fetch manifest @emotion/styled@11.14.1
23 silly packumentCache full:https://registry.npmjs.org/@emotion%2fstyled cache-miss
24 http cache https://registry.npmjs.org/@emotion%2fstyled 3ms (cache hit)
25 silly packumentCache full:https://registry.npmjs.org/@emotion%2fstyled set size:286397 disposed:false
26 silly fetch manifest @mui/icons-material@7.3.5
27 silly packumentCache full:https://registry.npmjs.org/@mui%2ficons-material cache-miss
28 http cache https://registry.npmjs.org/@mui%2ficons-material 2ms (cache hit)
29 silly packumentCache full:https://registry.npmjs.org/@mui%2ficons-material set size:504386 disposed:false
30 silly fetch manifest @mui/material@7.3.5
31 silly packumentCache full:https://registry.npmjs.org/@mui%2fmaterial cache-miss
32 http cache https://registry.npmjs.org/@mui%2fmaterial 3ms (cache hit)
33 silly packumentCache full:https://registry.npmjs.org/@mui%2fmaterial set size:830188 disposed:false
34 silly fetch manifest @mui/material-pigment-css@^7.3.5
35 silly packumentCache full:https://registry.npmjs.org/@mui%2fmaterial-pigment-css cache-miss
36 http cache https://registry.npmjs.org/@mui%2fmaterial-pigment-css 2ms (cache hit)
37 silly packumentCache full:https://registry.npmjs.org/@mui%2fmaterial-pigment-css set size:218556 disposed:false
38 silly fetch manifest @pigment-css/react@^0.0.30
39 silly packumentCache full:https://registry.npmjs.org/@pigment-css%2freact cache-miss
40 http cache https://registry.npmjs.org/@pigment-css%2freact 2ms (cache hit)
41 silly packumentCache full:https://registry.npmjs.org/@pigment-css%2freact set size:174507 disposed:false
42 silly fetch manifest @types/react@^17.0.0 || ^18.0.0 || ^19.0.0
43 silly packumentCache full:https://registry.npmjs.org/@types%2freact cache-miss
44 http cache https://registry.npmjs.org/@types%2freact 7ms (cache hit)
45 silly packumentCache full:https://registry.npmjs.org/@types%2freact set size:2588986 disposed:false
46 silly fetch manifest react-dom@18.3.1
47 silly packumentCache full:https://registry.npmjs.org/react-dom cache-miss
48 http cache https://registry.npmjs.org/react-dom 18ms (cache hit)
49 silly packumentCache full:https://registry.npmjs.org/react-dom set size:8617570 disposed:false
50 silly fetch manifest @popperjs/core@2.11.8
51 silly packumentCache full:https://registry.npmjs.org/@popperjs%2fcore cache-miss
52 http cache https://registry.npmjs.org/@popperjs%2fcore 10ms (cache hit)
53 silly packumentCache full:https://registry.npmjs.org/@popperjs%2fcore set size:579534 disposed:false
54 silly fetch manifest @radix-ui/react-accordion@1.2.3
55 silly packumentCache full:https://registry.npmjs.org/@radix-ui%2freact-accordion cache-miss
56 http cache https://registry.npmjs.org/@radix-ui%2freact-accordion 2ms (cache hit)
57 silly packumentCache full:https://registry.npmjs.org/@radix-ui%2freact-accordion set size:830703 disposed:false
58 silly fetch manifest @types/react@*
59 silly packumentCache full:https://registry.npmjs.org/@types%2freact cache-miss
60 http cache https://registry.npmjs.org/@types%2freact 5ms (cache hit)
61 silly packumentCache full:https://registry.npmjs.org/@types%2freact set size:2588986 disposed:false
62 silly fetch manifest @types/react-dom@*
63 silly packumentCache full:https://registry.npmjs.org/@types%2freact-dom cache-miss
64 http cache https://registry.npmjs.org/@types%2freact-dom 3ms (cache hit)
65 silly packumentCache full:https://registry.npmjs.org/@types%2freact-dom set size:429026 disposed:false
66 silly fetch manifest @radix-ui/react-alert-dialog@1.1.6
67 silly packumentCache full:https://registry.npmjs.org/@radix-ui%2freact-alert-dialog cache-miss
68 http cache https://registry.npmjs.org/@radix-ui%2freact-alert-dialog 3ms (cache hit)
69 silly packumentCache full:https://registry.npmjs.org/@radix-ui%2freact-alert-dialog set size:945599 disposed:false
70 silly fetch manifest @radix-ui/react-aspect-ratio@1.1.2
71 silly packumentCache full:https://registry.npmjs.org/@radix-ui%2freact-aspect-ratio cache-miss
72 http cache https://registry.npmjs.org/@radix-ui%2freact-aspect-ratio 3ms (cache hit)
73 silly packumentCache full:https://registry.npmjs.org/@radix-ui%2freact-aspect-ratio set size:590666 disposed:false
74 silly fetch manifest @radix-ui/react-avatar@1.1.3
75 silly packumentCache full:https://registry.npmjs.org/@radix-ui%2freact-avatar cache-miss
76 http cache https://registry.npmjs.org/@radix-ui%2freact-avatar 3ms (cache hit)
77 silly packumentCache full:https://registry.npmjs.org/@radix-ui%2freact-avatar set size:681949 disposed:false
78 silly fetch manifest @radix-ui/react-checkbox@1.1.4
79 silly packumentCache full:https://registry.npmjs.org/@radix-ui%2freact-checkbox cache-miss
80 http cache https://registry.npmjs.org/@radix-ui%2freact-checkbox 11ms (cache hit)
81 silly packumentCache full:https://registry.npmjs.org/@radix-ui%2freact-checkbox set size:851310 disposed:false
82 silly fetch manifest @radix-ui/react-collapsible@1.1.3
83 silly packumentCache full:https://registry.npmjs.org/@radix-ui%2freact-collapsible cache-miss
84 http cache https://registry.npmjs.org/@radix-ui%2freact-collapsible 3ms (cache hit)
85 silly packumentCache full:https://registry.npmjs.org/@radix-ui%2freact-collapsible set size:801871 disposed:false
86 silly fetch manifest @radix-ui/react-context-menu@2.2.6
87 silly packumentCache full:https://registry.npmjs.org/@radix-ui%2freact-context-menu cache-miss
88 http cache https://registry.npmjs.org/@radix-ui%2freact-context-menu 3ms (cache hit)
89 silly packumentCache full:https://registry.npmjs.org/@radix-ui%2freact-context-menu set size:1044411 disposed:false
90 silly fetch manifest @radix-ui/react-dialog@1.1.6
91 silly packumentCache full:https://registry.npmjs.org/@radix-ui%2freact-dialog cache-miss
92 http cache https://registry.npmjs.org/@radix-ui%2freact-dialog 10ms (cache hit)
93 silly packumentCache full:https://registry.npmjs.org/@radix-ui%2freact-dialog set size:1036325 disposed:false
94 silly fetch manifest @radix-ui/react-dropdown-menu@2.1.6
95 silly packumentCache full:https://registry.npmjs.org/@radix-ui%2freact-dropdown-menu cache-miss
96 http cache https://registry.npmjs.org/@radix-ui%2freact-dropdown-menu 3ms (cache hit)
97 silly packumentCache full:https://registry.npmjs.org/@radix-ui%2freact-dropdown-menu set size:1049847 disposed:false
98 silly fetch manifest @radix-ui/react-hover-card@1.1.6
99 silly packumentCache full:https://registry.npmjs.org/@radix-ui%2freact-hover-card cache-miss
100 http cache https://registry.npmjs.org/@radix-ui%2freact-hover-card 3ms (cache hit)
101 silly packumentCache full:https://registry.npmjs.org/@radix-ui%2freact-hover-card set size:971323 disposed:false
102 silly fetch manifest @radix-ui/react-label@2.1.2
103 silly packumentCache full:https://registry.npmjs.org/@radix-ui%2freact-label cache-miss
104 http cache https://registry.npmjs.org/@radix-ui%2freact-label 3ms (cache hit)
105 silly packumentCache full:https://registry.npmjs.org/@radix-ui%2freact-label set size:622756 disposed:false
106 silly fetch manifest @radix-ui/react-menubar@1.1.6
107 silly packumentCache full:https://registry.npmjs.org/@radix-ui%2freact-menubar cache-miss
108 http cache https://registry.npmjs.org/@radix-ui%2freact-menubar 2ms (cache hit)
109 silly packumentCache full:https://registry.npmjs.org/@radix-ui%2freact-menubar set size:549851 disposed:false
110 silly fetch manifest @radix-ui/react-navigation-menu@1.2.5
111 silly packumentCache full:https://registry.npmjs.org/@radix-ui%2freact-navigation-menu cache-miss
112 http cache https://registry.npmjs.org/@radix-ui%2freact-navigation-menu 2ms (cache hit)
113 silly packumentCache full:https://registry.npmjs.org/@radix-ui%2freact-navigation-menu set size:795749 disposed:false
114 silly fetch manifest @radix-ui/react-popover@1.1.6
115 silly packumentCache full:https://registry.npmjs.org/@radix-ui%2freact-popover cache-miss
116 http cache https://registry.npmjs.org/@radix-ui%2freact-popover 4ms (cache hit)
117 silly packumentCache full:https://registry.npmjs.org/@radix-ui%2freact-popover set size:1089273 disposed:false
118 silly fetch manifest @radix-ui/react-progress@1.1.2
119 silly packumentCache full:https://registry.npmjs.org/@radix-ui%2freact-progress cache-miss
120 http cache https://registry.npmjs.org/@radix-ui%2freact-progress 2ms (cache hit)
121 silly packumentCache full:https://registry.npmjs.org/@radix-ui%2freact-progress set size:596750 disposed:false
122 silly fetch manifest @radix-ui/react-radio-group@1.2.3
123 silly packumentCache full:https://registry.npmjs.org/@radix-ui%2freact-radio-group cache-miss
124 http cache https://registry.npmjs.org/@radix-ui%2freact-radio-group 3ms (cache hit)
125 silly packumentCache full:https://registry.npmjs.org/@radix-ui%2freact-radio-group set size:908487 disposed:false
126 silly fetch manifest @radix-ui/react-scroll-area@1.2.3
127 silly packumentCache full:https://registry.npmjs.org/@radix-ui%2freact-scroll-area cache-miss
128 http cache https://registry.npmjs.org/@radix-ui%2freact-scroll-area 3ms (cache hit)
129 silly packumentCache full:https://registry.npmjs.org/@radix-ui%2freact-scroll-area set size:867381 disposed:false
130 silly fetch manifest @radix-ui/react-select@2.1.6
131 silly packumentCache full:https://registry.npmjs.org/@radix-ui%2freact-select cache-miss
132 http cache https://registry.npmjs.org/@radix-ui%2freact-select 3ms (cache hit)
133 silly packumentCache full:https://registry.npmjs.org/@radix-ui%2freact-select set size:940573 disposed:false
134 silly fetch manifest @radix-ui/react-separator@1.1.2
135 silly packumentCache full:https://registry.npmjs.org/@radix-ui%2freact-separator cache-miss
136 http cache https://registry.npmjs.org/@radix-ui%2freact-separator 2ms (cache hit)
137 silly packumentCache full:https://registry.npmjs.org/@radix-ui%2freact-separator set size:589871 disposed:false
138 silly fetch manifest @radix-ui/react-slider@1.2.3
139 silly packumentCache full:https://registry.npmjs.org/@radix-ui%2freact-slider cache-miss
140 http cache https://registry.npmjs.org/@radix-ui%2freact-slider 3ms (cache hit)
141 silly packumentCache full:https://registry.npmjs.org/@radix-ui%2freact-slider set size:816874 disposed:false
142 silly fetch manifest @radix-ui/react-slot@1.1.2
143 silly packumentCache full:https://registry.npmjs.org/@radix-ui%2freact-slot cache-miss
144 http cache https://registry.npmjs.org/@radix-ui%2freact-slot 2ms (cache hit)
145 silly packumentCache full:https://registry.npmjs.org/@radix-ui%2freact-slot set size:387271 disposed:false
146 silly fetch manifest @radix-ui/react-switch@1.1.3
147 silly packumentCache full:https://registry.npmjs.org/@radix-ui%2freact-switch cache-miss
148 http cache https://registry.npmjs.org/@radix-ui%2freact-switch 2ms (cache hit)
149 silly packumentCache full:https://registry.npmjs.org/@radix-ui%2freact-switch set size:723564 disposed:false
150 silly fetch manifest @radix-ui/react-tabs@1.1.3
151 silly packumentCache full:https://registry.npmjs.org/@radix-ui%2freact-tabs cache-miss
152 http cache https://registry.npmjs.org/@radix-ui%2freact-tabs 2ms (cache hit)
153 silly packumentCache full:https://registry.npmjs.org/@radix-ui%2freact-tabs set size:855865 disposed:false
154 silly fetch manifest @radix-ui/react-toggle@1.1.2
155 silly packumentCache full:https://registry.npmjs.org/@radix-ui%2freact-toggle cache-miss
156 http cache https://registry.npmjs.org/@radix-ui%2freact-toggle 10ms (cache hit)
157 silly packumentCache full:https://registry.npmjs.org/@radix-ui%2freact-toggle set size:655369 disposed:false
158 silly fetch manifest @radix-ui/react-toggle-group@1.1.2
159 silly packumentCache full:https://registry.npmjs.org/@radix-ui%2freact-toggle-group cache-miss
160 http cache https://registry.npmjs.org/@radix-ui%2freact-toggle-group 3ms (cache hit)
161 silly packumentCache full:https://registry.npmjs.org/@radix-ui%2freact-toggle-group set size:799697 disposed:false
162 silly fetch manifest @radix-ui/react-tooltip@1.1.8
163 silly packumentCache full:https://registry.npmjs.org/@radix-ui%2freact-tooltip cache-miss
164 http cache https://registry.npmjs.org/@radix-ui%2freact-tooltip 3ms (cache hit)
165 silly packumentCache full:https://registry.npmjs.org/@radix-ui%2freact-tooltip set size:1098971 disposed:false
166 silly fetch manifest @supabase/supabase-js@^2.97.0
167 silly packumentCache full:https://registry.npmjs.org/@supabase%2fsupabase-js cache-miss
168 http cache https://registry.npmjs.org/@supabase%2fsupabase-js 5ms (cache hit)
169 silly packumentCache full:https://registry.npmjs.org/@supabase%2fsupabase-js set size:2611460 disposed:false
170 silly fetch manifest class-variance-authority@0.7.1
171 silly packumentCache full:https://registry.npmjs.org/class-variance-authority cache-miss
172 http cache https://registry.npmjs.org/class-variance-authority 2ms (cache hit)
173 silly packumentCache full:https://registry.npmjs.org/class-variance-authority set size:96388 disposed:false
174 silly fetch manifest clsx@2.1.1
175 silly packumentCache full:https://registry.npmjs.org/clsx cache-miss
176 http cache https://registry.npmjs.org/clsx 2ms (cache hit)
177 silly packumentCache full:https://registry.npmjs.org/clsx set size:42506 disposed:false
178 silly fetch manifest cmdk@1.1.1
179 silly packumentCache full:https://registry.npmjs.org/cmdk cache-miss
180 http cache https://registry.npmjs.org/cmdk 2ms (cache hit)
181 silly packumentCache full:https://registry.npmjs.org/cmdk set size:102891 disposed:false
182 silly fetch manifest date-fns@3.6.0
183 silly packumentCache full:https://registry.npmjs.org/date-fns cache-miss
184 http cache https://registry.npmjs.org/date-fns 5ms (cache hit)
185 silly packumentCache full:https://registry.npmjs.org/date-fns set size:3443779 disposed:false
186 silly fetch manifest embla-carousel-react@8.6.0
187 silly packumentCache full:https://registry.npmjs.org/embla-carousel-react cache-miss
188 http cache https://registry.npmjs.org/embla-carousel-react 3ms (cache hit)
189 silly packumentCache full:https://registry.npmjs.org/embla-carousel-react set size:396465 disposed:false
190 silly fetch manifest input-otp@1.4.2
191 silly packumentCache full:https://registry.npmjs.org/input-otp cache-miss
192 http cache https://registry.npmjs.org/input-otp 2ms (cache hit)
193 silly packumentCache full:https://registry.npmjs.org/input-otp set size:85904 disposed:false
194 silly fetch manifest lucide-react@0.487.0
195 silly packumentCache full:https://registry.npmjs.org/lucide-react cache-miss
196 http cache https://registry.npmjs.org/lucide-react 4ms (cache hit)
197 silly packumentCache full:https://registry.npmjs.org/lucide-react set size:2192180 disposed:false
198 silly fetch manifest motion@12.23.24
199 silly packumentCache full:https://registry.npmjs.org/motion cache-miss
200 http cache https://registry.npmjs.org/motion 7ms (cache hit)
201 silly packumentCache full:https://registry.npmjs.org/motion set size:1358057 disposed:false
202 silly fetch manifest @emotion/is-prop-valid@*
203 silly packumentCache full:https://registry.npmjs.org/@emotion%2fis-prop-valid cache-miss
204 http cache https://registry.npmjs.org/@emotion%2fis-prop-valid 11ms (cache hit)
205 silly packumentCache full:https://registry.npmjs.org/@emotion%2fis-prop-valid set size:96664 disposed:false
206 silly fetch manifest next-themes@0.4.6
207 silly packumentCache full:https://registry.npmjs.org/next-themes cache-miss
208 http cache https://registry.npmjs.org/next-themes 3ms (cache hit)
209 silly packumentCache full:https://registry.npmjs.org/next-themes set size:162039 disposed:false
210 silly fetch manifest react-day-picker@8.10.1
211 silly packumentCache full:https://registry.npmjs.org/react-day-picker cache-miss
212 http cache https://registry.npmjs.org/react-day-picker 3ms (cache hit)
213 silly packumentCache full:https://registry.npmjs.org/react-day-picker set size:1112922 disposed:false
214 silly fetch manifest react-dnd@16.0.1
215 silly packumentCache full:https://registry.npmjs.org/react-dnd cache-miss
216 http cache https://registry.npmjs.org/react-dnd 2ms (cache hit)
217 silly packumentCache full:https://registry.npmjs.org/react-dnd set size:369630 disposed:false
218 silly fetch manifest @types/hoist-non-react-statics@>= 3.3.1
219 silly packumentCache full:https://registry.npmjs.org/@types%2fhoist-non-react-statics cache-miss
220 http cache https://registry.npmjs.org/@types%2fhoist-non-react-statics 2ms (cache hit)
221 silly packumentCache full:https://registry.npmjs.org/@types%2fhoist-non-react-statics set size:21346 disposed:false
222 silly fetch manifest @types/node@>= 12
223 silly packumentCache full:https://registry.npmjs.org/@types%2fnode cache-miss
224 http cache https://registry.npmjs.org/@types%2fnode 16ms (cache hit)
225 silly packumentCache full:https://registry.npmjs.org/@types%2fnode set size:10864169 disposed:false
226 silly fetch manifest react-dnd-html5-backend@16.0.1
227 silly packumentCache full:https://registry.npmjs.org/react-dnd-html5-backend cache-miss
228 http cache https://registry.npmjs.org/react-dnd-html5-backend 3ms (cache hit)
229 silly packumentCache full:https://registry.npmjs.org/react-dnd-html5-backend set size:223941 disposed:false
230 silly fetch manifest react-hook-form@7.55.0
231 silly packumentCache full:https://registry.npmjs.org/react-hook-form cache-miss
232 http cache https://registry.npmjs.org/react-hook-form 8ms (cache hit)
233 silly packumentCache full:https://registry.npmjs.org/react-hook-form set size:5111823 disposed:false
234 silly fetch manifest react-popper@2.3.0
235 silly packumentCache full:https://registry.npmjs.org/react-popper cache-miss
236 http cache https://registry.npmjs.org/react-popper 7ms (cache hit)
237 silly packumentCache full:https://registry.npmjs.org/react-popper set size:414555 disposed:false
238 silly fetch manifest react-resizable-panels@2.1.7
239 silly packumentCache full:https://registry.npmjs.org/react-resizable-panels cache-miss
240 http cache https://registry.npmjs.org/react-resizable-panels 3ms (cache hit)
241 silly packumentCache full:https://registry.npmjs.org/react-resizable-panels set size:726738 disposed:false
242 silly fetch manifest react-responsive-masonry@2.7.1
243 silly packumentCache full:https://registry.npmjs.org/react-responsive-masonry cache-miss
244 http cache https://registry.npmjs.org/react-responsive-masonry 2ms (cache hit)
245 silly packumentCache full:https://registry.npmjs.org/react-responsive-masonry set size:85381 disposed:false
246 silly fetch manifest react-router-dom@7.13.0
247 silly packumentCache full:https://registry.npmjs.org/react-router-dom cache-miss
248 http cache https://registry.npmjs.org/react-router-dom 5ms (cache hit)
249 silly packumentCache full:https://registry.npmjs.org/react-router-dom set size:2764193 disposed:false
250 silly fetch manifest react-slick@0.31.0
251 silly packumentCache full:https://registry.npmjs.org/react-slick cache-miss
252 http cache https://registry.npmjs.org/react-slick 2ms (cache hit)
253 silly packumentCache full:https://registry.npmjs.org/react-slick set size:382220 disposed:false
254 silly fetch manifest recharts@2.15.2
255 silly packumentCache full:https://registry.npmjs.org/recharts cache-miss
256 http cache https://registry.npmjs.org/recharts 3ms (cache hit)
257 silly packumentCache full:https://registry.npmjs.org/recharts set size:1328786 disposed:false
258 silly fetch manifest sonner@2.0.3
259 silly packumentCache full:https://registry.npmjs.org/sonner cache-miss
260 http cache https://registry.npmjs.org/sonner 2ms (cache hit)
261 silly packumentCache full:https://registry.npmjs.org/sonner set size:143249 disposed:false
262 silly fetch manifest tailwind-merge@3.2.0
263 silly packumentCache full:https://registry.npmjs.org/tailwind-merge cache-miss
264 http cache https://registry.npmjs.org/tailwind-merge 3ms (cache hit)
265 silly packumentCache full:https://registry.npmjs.org/tailwind-merge set size:1516007 disposed:false
266 silly fetch manifest tw-animate-css@1.3.8
267 silly packumentCache full:https://registry.npmjs.org/tw-animate-css cache-miss
268 http cache https://registry.npmjs.org/tw-animate-css 2ms (cache hit)
269 silly packumentCache full:https://registry.npmjs.org/tw-animate-css set size:166212 disposed:false
270 silly fetch manifest vaul@1.1.2
271 silly packumentCache full:https://registry.npmjs.org/vaul cache-miss
272 http cache https://registry.npmjs.org/vaul 2ms (cache hit)
273 silly packumentCache full:https://registry.npmjs.org/vaul set size:132229 disposed:false
274 silly fetch manifest @tailwindcss/vite@4.1.12
275 silly packumentCache full:https://registry.npmjs.org/@tailwindcss%2fvite cache-miss
276 http cache https://registry.npmjs.org/@tailwindcss%2fvite 4ms (cache hit)
277 silly packumentCache full:https://registry.npmjs.org/@tailwindcss%2fvite set size:1852262 disposed:false
278 silly fetch manifest vite@6.3.5
279 silly packumentCache full:https://registry.npmjs.org/vite cache-miss
280 http cache https://registry.npmjs.org/vite 62ms (cache hit)
281 silly packumentCache full:https://registry.npmjs.org/vite set size:38728544 disposed:false
282 silly fetch manifest @types/node@^18.0.0 || ^20.0.0 || >=22.0.0
283 silly packumentCache full:https://registry.npmjs.org/@types%2fnode cache-miss
284 http cache https://registry.npmjs.org/@types%2fnode 16ms (cache hit)
285 silly packumentCache full:https://registry.npmjs.org/@types%2fnode set size:10864169 disposed:false
286 silly fetch manifest jiti@>=1.21.0
287 silly packumentCache full:https://registry.npmjs.org/jiti cache-miss
288 http cache https://registry.npmjs.org/jiti 14ms (cache hit)
289 silly packumentCache full:https://registry.npmjs.org/jiti set size:382310 disposed:false
290 silly fetch manifest less@*
291 silly packumentCache full:https://registry.npmjs.org/less cache-miss
292 http cache https://registry.npmjs.org/less 3ms (cache hit)
293 silly packumentCache full:https://registry.npmjs.org/less set size:430648 disposed:false
294 silly fetch manifest lightningcss@^1.21.0
295 silly packumentCache full:https://registry.npmjs.org/lightningcss cache-miss
296 http cache https://registry.npmjs.org/lightningcss 2ms (cache hit)
297 silly packumentCache full:https://registry.npmjs.org/lightningcss set size:182441 disposed:false
298 silly fetch manifest sass@*
299 silly packumentCache full:https://registry.npmjs.org/sass cache-miss
300 http cache https://registry.npmjs.org/sass 2ms (cache hit)
301 silly packumentCache full:https://registry.npmjs.org/sass set size:722061 disposed:false
302 silly fetch manifest sass-embedded@*
303 silly packumentCache full:https://registry.npmjs.org/sass-embedded cache-miss
304 http cache https://registry.npmjs.org/sass-embedded 3ms (cache hit)
305 silly packumentCache full:https://registry.npmjs.org/sass-embedded set size:407397 disposed:false
306 silly fetch manifest stylus@*
307 silly packumentCache full:https://registry.npmjs.org/stylus cache-miss
308 http cache https://registry.npmjs.org/stylus 2ms (cache hit)
309 silly packumentCache full:https://registry.npmjs.org/stylus set size:286766 disposed:false
310 silly fetch manifest sugarss@*
311 silly packumentCache full:https://registry.npmjs.org/sugarss cache-miss
312 http cache https://registry.npmjs.org/sugarss 2ms (cache hit)
313 silly packumentCache full:https://registry.npmjs.org/sugarss set size:44975 disposed:false
314 silly fetch manifest postcss@^8.3.3
315 silly packumentCache full:https://registry.npmjs.org/postcss cache-miss
316 http cache https://registry.npmjs.org/postcss 2ms (cache hit)
317 silly packumentCache full:https://registry.npmjs.org/postcss set size:696248 disposed:false
318 silly fetch manifest terser@^5.16.0
319 silly packumentCache full:https://registry.npmjs.org/terser cache-miss
320 http cache https://registry.npmjs.org/terser 2ms (cache hit)
321 silly packumentCache full:https://registry.npmjs.org/terser set size:786629 disposed:false
322 silly fetch manifest tsx@^4.8.1
323 silly packumentCache full:https://registry.npmjs.org/tsx cache-miss
324 http cache https://registry.npmjs.org/tsx 2ms (cache hit)
325 silly packumentCache full:https://registry.npmjs.org/tsx set size:289592 disposed:false
326 silly fetch manifest yaml@^2.4.2
327 silly packumentCache full:https://registry.npmjs.org/yaml cache-miss
328 http cache https://registry.npmjs.org/yaml 2ms (cache hit)
329 silly packumentCache full:https://registry.npmjs.org/yaml set size:361552 disposed:false
330 silly fetch manifest @vitejs/plugin-react@4.7.0
331 silly packumentCache full:https://registry.npmjs.org/@vitejs%2fplugin-react cache-miss
332 http cache https://registry.npmjs.org/@vitejs%2fplugin-react 2ms (cache hit)
333 silly packumentCache full:https://registry.npmjs.org/@vitejs%2fplugin-react set size:251316 disposed:false
334 silly fetch manifest tailwindcss@4.1.12
335 silly packumentCache full:https://registry.npmjs.org/tailwindcss cache-miss
336 http cache https://registry.npmjs.org/tailwindcss 14ms (cache hit)
337 silly packumentCache full:https://registry.npmjs.org/tailwindcss set size:10206660 disposed:false
338 silly placeDep ROOT @emotion/react@11.14.0 OK for: @figma/my-make-file@0.0.1 want: 11.14.0
339 silly placeDep ROOT react@18.3.1 OK for: @emotion/react@11.14.0 want: >=16.8.0
340 silly placeDep ROOT @emotion/styled@11.14.1 OK for: @figma/my-make-file@0.0.1 want: 11.14.1
341 silly placeDep ROOT @mui/icons-material@7.3.5 OK for: @figma/my-make-file@0.0.1 want: 7.3.5
342 silly placeDep ROOT @mui/material@7.3.5 OK for: @mui/icons-material@7.3.5 want: ^7.3.5
343 silly placeDep ROOT react-dom@18.3.1 OK for: @mui/material@7.3.5 want: ^17.0.0 || ^18.0.0 || ^19.0.0
344 silly placeDep ROOT @popperjs/core@2.11.8 OK for: @figma/my-make-file@0.0.1 want: 2.11.8
345 silly placeDep ROOT @radix-ui/react-accordion@1.2.3 OK for: @figma/my-make-file@0.0.1 want: 1.2.3
346 silly placeDep ROOT @radix-ui/react-alert-dialog@1.1.6 OK for: @figma/my-make-file@0.0.1 want: 1.1.6
347 silly placeDep ROOT @radix-ui/react-aspect-ratio@1.1.2 OK for: @figma/my-make-file@0.0.1 want: 1.1.2
348 silly placeDep ROOT @radix-ui/react-avatar@1.1.3 OK for: @figma/my-make-file@0.0.1 want: 1.1.3
349 silly placeDep ROOT @radix-ui/react-checkbox@1.1.4 OK for: @figma/my-make-file@0.0.1 want: 1.1.4
350 silly placeDep ROOT @radix-ui/react-collapsible@1.1.3 OK for: @figma/my-make-file@0.0.1 want: 1.1.3
351 silly placeDep ROOT @radix-ui/react-context-menu@2.2.6 OK for: @figma/my-make-file@0.0.1 want: 2.2.6
352 silly placeDep ROOT @radix-ui/react-dialog@1.1.6 OK for: @figma/my-make-file@0.0.1 want: 1.1.6
353 silly placeDep ROOT @radix-ui/react-dropdown-menu@2.1.6 OK for: @figma/my-make-file@0.0.1 want: 2.1.6
354 silly placeDep ROOT @radix-ui/react-hover-card@1.1.6 OK for: @figma/my-make-file@0.0.1 want: 1.1.6
355 silly placeDep ROOT @radix-ui/react-label@2.1.2 OK for: @figma/my-make-file@0.0.1 want: 2.1.2
356 silly placeDep ROOT @radix-ui/react-menubar@1.1.6 OK for: @figma/my-make-file@0.0.1 want: 1.1.6
357 silly placeDep ROOT @radix-ui/react-navigation-menu@1.2.5 OK for: @figma/my-make-file@0.0.1 want: 1.2.5
358 silly placeDep ROOT @radix-ui/react-popover@1.1.6 OK for: @figma/my-make-file@0.0.1 want: 1.1.6
359 silly placeDep ROOT @radix-ui/react-progress@1.1.2 OK for: @figma/my-make-file@0.0.1 want: 1.1.2
360 silly placeDep ROOT @radix-ui/react-radio-group@1.2.3 OK for: @figma/my-make-file@0.0.1 want: 1.2.3
361 silly placeDep ROOT @radix-ui/react-scroll-area@1.2.3 OK for: @figma/my-make-file@0.0.1 want: 1.2.3
362 silly placeDep ROOT @radix-ui/react-select@2.1.6 OK for: @figma/my-make-file@0.0.1 want: 2.1.6
363 silly placeDep ROOT @radix-ui/react-separator@1.1.2 OK for: @figma/my-make-file@0.0.1 want: 1.1.2
364 silly placeDep ROOT @radix-ui/react-slider@1.2.3 OK for: @figma/my-make-file@0.0.1 want: 1.2.3
365 silly placeDep ROOT @radix-ui/react-slot@1.1.2 OK for: @figma/my-make-file@0.0.1 want: 1.1.2
366 silly placeDep ROOT @radix-ui/react-switch@1.1.3 OK for: @figma/my-make-file@0.0.1 want: 1.1.3
367 silly placeDep ROOT @radix-ui/react-tabs@1.1.3 OK for: @figma/my-make-file@0.0.1 want: 1.1.3
368 silly placeDep ROOT @radix-ui/react-toggle@1.1.2 OK for: @figma/my-make-file@0.0.1 want: 1.1.2
369 silly placeDep ROOT @radix-ui/react-toggle-group@1.1.2 OK for: @figma/my-make-file@0.0.1 want: 1.1.2
370 silly placeDep ROOT @radix-ui/react-tooltip@1.1.8 OK for: @figma/my-make-file@0.0.1 want: 1.1.8
371 silly placeDep ROOT @supabase/supabase-js@2.97.0 OK for: @figma/my-make-file@0.0.1 want: ^2.97.0
372 silly placeDep ROOT @tailwindcss/vite@4.1.12 OK for: @figma/my-make-file@0.0.1 want: 4.1.12
373 silly placeDep ROOT vite@6.3.5 OK for: @tailwindcss/vite@4.1.12 want: ^5.2.0 || ^6 || ^7
374 silly placeDep ROOT @vitejs/plugin-react@4.7.0 OK for: @figma/my-make-file@0.0.1 want: 4.7.0
375 silly placeDep ROOT class-variance-authority@0.7.1 OK for: @figma/my-make-file@0.0.1 want: 0.7.1
376 silly placeDep ROOT clsx@2.1.1 OK for: @figma/my-make-file@0.0.1 want: 2.1.1
377 silly placeDep ROOT cmdk@1.1.1 OK for: @figma/my-make-file@0.0.1 want: 1.1.1
378 silly placeDep ROOT date-fns@3.6.0 OK for: @figma/my-make-file@0.0.1 want: 3.6.0
379 silly placeDep ROOT embla-carousel-react@8.6.0 OK for: @figma/my-make-file@0.0.1 want: 8.6.0
380 silly placeDep ROOT input-otp@1.4.2 OK for: @figma/my-make-file@0.0.1 want: 1.4.2
381 silly placeDep ROOT lucide-react@0.487.0 OK for: @figma/my-make-file@0.0.1 want: 0.487.0
382 silly placeDep ROOT motion@12.23.24 OK for: @figma/my-make-file@0.0.1 want: 12.23.24
383 silly placeDep ROOT next-themes@0.4.6 OK for: @figma/my-make-file@0.0.1 want: 0.4.6
384 silly placeDep ROOT react-day-picker@8.10.1 OK for: @figma/my-make-file@0.0.1 want: 8.10.1
385 silly placeDep ROOT react-dnd@16.0.1 OK for: @figma/my-make-file@0.0.1 want: 16.0.1
386 silly placeDep ROOT react-dnd-html5-backend@16.0.1 OK for: @figma/my-make-file@0.0.1 want: 16.0.1
387 silly placeDep ROOT react-hook-form@7.55.0 OK for: @figma/my-make-file@0.0.1 want: 7.55.0
388 silly placeDep ROOT react-popper@2.3.0 OK for: @figma/my-make-file@0.0.1 want: 2.3.0
389 silly placeDep ROOT react-resizable-panels@2.1.7 OK for: @figma/my-make-file@0.0.1 want: 2.1.7
390 silly placeDep ROOT react-responsive-masonry@2.7.1 OK for: @figma/my-make-file@0.0.1 want: 2.7.1
391 silly placeDep ROOT react-router-dom@7.13.0 OK for: @figma/my-make-file@0.0.1 want: 7.13.0
392 silly placeDep ROOT react-slick@0.31.0 OK for: @figma/my-make-file@0.0.1 want: 0.31.0
393 silly placeDep ROOT recharts@2.15.2 OK for: @figma/my-make-file@0.0.1 want: 2.15.2
394 silly placeDep ROOT sonner@2.0.3 OK for: @figma/my-make-file@0.0.1 want: 2.0.3
395 silly placeDep ROOT tailwind-merge@3.2.0 OK for: @figma/my-make-file@0.0.1 want: 3.2.0
396 silly placeDep ROOT tailwindcss@4.1.12 OK for: @figma/my-make-file@0.0.1 want: 4.1.12
397 silly placeDep ROOT tw-animate-css@1.3.8 OK for: @figma/my-make-file@0.0.1 want: 1.3.8
398 silly placeDep ROOT vaul@1.1.2 OK for: @figma/my-make-file@0.0.1 want: 1.1.2
399 silly fetch manifest @babel/runtime@^7.18.3
400 silly packumentCache full:https://registry.npmjs.org/@babel%2fruntime cache-miss
401 silly fetch manifest @emotion/babel-plugin@^11.13.5
402 silly packumentCache full:https://registry.npmjs.org/@emotion%2fbabel-plugin cache-miss
403 silly fetch manifest @emotion/cache@^11.14.0
404 silly packumentCache full:https://registry.npmjs.org/@emotion%2fcache cache-miss
405 silly fetch manifest @emotion/serialize@^1.3.3
406 silly packumentCache full:https://registry.npmjs.org/@emotion%2fserialize cache-miss
407 silly fetch manifest @emotion/use-insertion-effect-with-fallbacks@^1.2.0
408 silly packumentCache full:https://registry.npmjs.org/@emotion%2fuse-insertion-effect-with-fallbacks cache-miss
409 silly fetch manifest @emotion/utils@^1.4.2
410 silly packumentCache full:https://registry.npmjs.org/@emotion%2futils cache-miss
411 silly fetch manifest @emotion/weak-memoize@^0.4.0
412 silly packumentCache full:https://registry.npmjs.org/@emotion%2fweak-memoize cache-miss
413 silly fetch manifest hoist-non-react-statics@^3.3.1
414 silly packumentCache full:https://registry.npmjs.org/hoist-non-react-statics cache-miss
415 silly fetch manifest loose-envify@^1.1.0
416 silly packumentCache full:https://registry.npmjs.org/loose-envify cache-miss
417 http cache https://registry.npmjs.org/@emotion%2fcache 6ms (cache hit)
418 silly packumentCache full:https://registry.npmjs.org/@emotion%2fcache set size:203709 disposed:false
419 silly fetch manifest @babel/runtime@^7.18.3
420 silly packumentCache full:https://registry.npmjs.org/@babel%2fruntime cache-miss
421 http cache https://registry.npmjs.org/@emotion%2fweak-memoize 7ms (cache hit)
422 silly packumentCache full:https://registry.npmjs.org/@emotion%2fweak-memoize set size:38359 disposed:false
423 silly fetch manifest @emotion/babel-plugin@^11.13.5
424 silly packumentCache full:https://registry.npmjs.org/@emotion%2fbabel-plugin cache-miss
425 http cache https://registry.npmjs.org/@babel%2fruntime 13ms (cache hit)
426 silly packumentCache full:https://registry.npmjs.org/@babel%2fruntime set size:3322062 disposed:false
427 silly fetch manifest @emotion/is-prop-valid@^1.3.0
428 silly packumentCache full:https://registry.npmjs.org/@emotion%2fis-prop-valid cache-hit
429 silly fetch manifest @emotion/serialize@^1.3.3
430 silly packumentCache full:https://registry.npmjs.org/@emotion%2fserialize cache-miss
431 http cache https://registry.npmjs.org/@emotion%2fserialize 26ms (cache hit)
432 silly packumentCache full:https://registry.npmjs.org/@emotion%2fserialize set size:167908 disposed:false
433 silly fetch manifest @emotion/use-insertion-effect-with-fallbacks@^1.2.0
434 silly packumentCache full:https://registry.npmjs.org/@emotion%2fuse-insertion-effect-with-fallbacks cache-miss
435 http cache https://registry.npmjs.org/@emotion%2futils 26ms (cache hit)
436 silly packumentCache full:https://registry.npmjs.org/@emotion%2futils set size:84286 disposed:false
437 silly fetch manifest @babel/runtime@^7.28.4
438 silly packumentCache full:https://registry.npmjs.org/@babel%2fruntime cache-miss
439 http cache https://registry.npmjs.org/@emotion%2fbabel-plugin 28ms (cache hit)
440 silly packumentCache full:https://registry.npmjs.org/@emotion%2fbabel-plugin set size:83085 disposed:false
441 silly fetch manifest clsx@^2.1.1
442 silly packumentCache full:https://registry.npmjs.org/clsx cache-hit
443 silly fetch manifest csstype@^3.1.3
444 silly packumentCache full:https://registry.npmjs.org/csstype cache-miss
445 http cache https://registry.npmjs.org/@emotion%2fuse-insertion-effect-with-fallbacks 28ms (cache hit)
446 silly packumentCache full:https://registry.npmjs.org/@emotion%2fuse-insertion-effect-with-fallbacks set size:14021 disposed:false
447 silly fetch manifest react-is@^19.2.0
448 silly packumentCache full:https://registry.npmjs.org/react-is cache-miss
449 http cache https://registry.npmjs.org/hoist-non-react-statics 28ms (cache hit)
450 silly packumentCache full:https://registry.npmjs.org/hoist-non-react-statics set size:97044 disposed:false
451 silly fetch manifest @mui/types@^7.4.8
452 silly packumentCache full:https://registry.npmjs.org/@mui%2ftypes cache-miss
453 http cache https://registry.npmjs.org/loose-envify 29ms (cache hit)
454 silly packumentCache full:https://registry.npmjs.org/loose-envify set size:12559 disposed:false
455 silly fetch manifest @mui/utils@^7.3.5
456 silly packumentCache full:https://registry.npmjs.org/@mui%2futils cache-miss
457 http cache https://registry.npmjs.org/@emotion%2fbabel-plugin 25ms (cache hit)
458 silly packumentCache full:https://registry.npmjs.org/@emotion%2fbabel-plugin set size:83085 disposed:false
459 silly packumentCache full:https://registry.npmjs.org/@emotion%2fbabel-plugin dispose
460 silly fetch manifest prop-types@^15.8.1
461 silly packumentCache full:https://registry.npmjs.org/prop-types cache-miss
462 http cache https://registry.npmjs.org/@babel%2fruntime 30ms (cache hit)
463 silly packumentCache full:https://registry.npmjs.org/@babel%2fruntime set size:3322062 disposed:false
464 silly fetch manifest @mui/system@^7.3.5
465 silly packumentCache full:https://registry.npmjs.org/@mui%2fsystem cache-miss
466 http cache https://registry.npmjs.org/@emotion%2fuse-insertion-effect-with-fallbacks 27ms (cache hit)
467 silly packumentCache full:https://registry.npmjs.org/@emotion%2fuse-insertion-effect-with-fallbacks set size:14021 disposed:false
468 silly packumentCache full:https://registry.npmjs.org/@emotion%2fuse-insertion-effect-with-fallbacks dispose
469 silly fetch manifest @babel/runtime@^7.28.4
470 silly packumentCache full:https://registry.npmjs.org/@babel%2fruntime cache-miss
471 http cache https://registry.npmjs.org/@emotion%2fserialize 29ms (cache hit)
472 silly packumentCache full:https://registry.npmjs.org/@emotion%2fserialize set size:167908 disposed:false
473 silly packumentCache full:https://registry.npmjs.org/@emotion%2fserialize dispose
474 silly fetch manifest @popperjs/core@^2.11.8
475 silly packumentCache full:https://registry.npmjs.org/@popperjs%2fcore cache-hit
476 silly fetch manifest react-transition-group@^4.4.5
477 silly packumentCache full:https://registry.npmjs.org/react-transition-group cache-miss
478 http cache https://registry.npmjs.org/csstype 27ms (cache hit)
479 silly packumentCache full:https://registry.npmjs.org/csstype set size:274189 disposed:false
480 silly fetch manifest @mui/core-downloads-tracker@^7.3.5
481 silly packumentCache full:https://registry.npmjs.org/@mui%2fcore-downloads-tracker cache-miss
482 http cache https://registry.npmjs.org/@babel%2fruntime 34ms (cache hit)
483 silly packumentCache full:https://registry.npmjs.org/@babel%2fruntime set size:3322062 disposed:false
484 silly fetch manifest @types/react-transition-group@^4.4.12
485 silly packumentCache full:https://registry.npmjs.org/@types%2freact-transition-group cache-miss
486 http cache https://registry.npmjs.org/@mui%2ftypes 43ms (cache hit)
487 silly packumentCache full:https://registry.npmjs.org/@mui%2ftypes set size:129402 disposed:false
488 silly fetch manifest scheduler@^0.23.2
489 silly packumentCache full:https://registry.npmjs.org/scheduler cache-miss
490 http cache https://registry.npmjs.org/@mui%2futils 44ms (cache hit)
491 silly packumentCache full:https://registry.npmjs.org/@mui%2futils set size:433515 disposed:false
492 silly fetch manifest @radix-ui/react-id@1.1.0
493 silly packumentCache full:https://registry.npmjs.org/@radix-ui%2freact-id cache-miss
494 http cache https://registry.npmjs.org/react-is 53ms (cache hit)
495 silly packumentCache full:https://registry.npmjs.org/react-is set size:5266703 disposed:false
496 silly fetch manifest @radix-ui/primitive@1.1.1
497 silly packumentCache full:https://registry.npmjs.org/@radix-ui%2fprimitive cache-miss
498 http cache https://registry.npmjs.org/react-transition-group 54ms (cache hit)
499 silly packumentCache full:https://registry.npmjs.org/react-transition-group set size:110654 disposed:false
500 silly fetch manifest @radix-ui/react-context@1.1.1
501 silly packumentCache full:https://registry.npmjs.org/@radix-ui%2freact-context cache-miss
502 http cache https://registry.npmjs.org/@babel%2fruntime 61ms (cache hit)
503 silly packumentCache full:https://registry.npmjs.org/@babel%2fruntime set size:3322062 disposed:false
504 silly fetch manifest @radix-ui/react-direction@1.1.0
505 silly packumentCache full:https://registry.npmjs.org/@radix-ui%2freact-direction cache-miss
506 http cache https://registry.npmjs.org/@mui%2fcore-downloads-tracker 69ms (cache hit)
507 silly packumentCache full:https://registry.npmjs.org/@mui%2fcore-downloads-tracker set size:447638 disposed:false
508 silly fetch manifest @radix-ui/react-primitive@2.0.2
509 silly packumentCache full:https://registry.npmjs.org/@radix-ui%2freact-primitive cache-miss
510 http cache https://registry.npmjs.org/@types%2freact-transition-group 57ms (cache hit)
511 silly packumentCache full:https://registry.npmjs.org/@types%2freact-transition-group set size:107434 disposed:false
512 silly fetch manifest @radix-ui/react-collection@1.1.2
513 silly packumentCache full:https://registry.npmjs.org/@radix-ui%2freact-collection cache-miss
514 http cache https://registry.npmjs.org/prop-types 95ms (cache hit)
515 silly packumentCache full:https://registry.npmjs.org/prop-types set size:76747 disposed:false
516 silly fetch manifest @radix-ui/react-compose-refs@1.1.1
517 silly packumentCache full:https://registry.npmjs.org/@radix-ui%2freact-compose-refs cache-miss
518 http cache https://registry.npmjs.org/@mui%2fsystem 81ms (cache hit)
519 silly packumentCache full:https://registry.npmjs.org/@mui%2fsystem set size:669264 disposed:false
520 silly fetch manifest @radix-ui/react-use-controllable-state@1.1.0
521 silly packumentCache full:https://registry.npmjs.org/@radix-ui%2freact-use-controllable-state cache-miss
522 http cache https://registry.npmjs.org/@radix-ui%2fprimitive 34ms (cache hit)
523 silly packumentCache full:https://registry.npmjs.org/@radix-ui%2fprimitive set size:164617 disposed:false
524 silly fetch manifest @radix-ui/react-context@1.1.1
525 silly packumentCache full:https://registry.npmjs.org/@radix-ui%2freact-context cache-miss
526 http cache https://registry.npmjs.org/@radix-ui%2freact-id 61ms (cache hit)
527 silly packumentCache full:https://registry.npmjs.org/@radix-ui%2freact-id set size:325405 disposed:false
528 silly fetch manifest @radix-ui/react-primitive@2.0.2
529 silly packumentCache full:https://registry.npmjs.org/@radix-ui%2freact-primitive cache-miss
530 http cache https://registry.npmjs.org/scheduler 71ms (cache hit)
531 silly packumentCache full:https://registry.npmjs.org/scheduler set size:5400024 disposed:false
532 silly fetch manifest @radix-ui/react-compose-refs@1.1.1
533 silly packumentCache full:https://registry.npmjs.org/@radix-ui%2freact-compose-refs cache-miss
534 http cache https://registry.npmjs.org/@radix-ui%2freact-primitive 42ms (cache hit)
535 silly packumentCache full:https://registry.npmjs.org/@radix-ui%2freact-primitive set size:595809 disposed:false
536 silly fetch manifest @radix-ui/react-context@1.1.1
537 silly packumentCache full:https://registry.npmjs.org/@radix-ui%2freact-context cache-miss
538 http cache https://registry.npmjs.org/@radix-ui%2freact-use-controllable-state 40ms (cache hit)
539 silly packumentCache full:https://registry.npmjs.org/@radix-ui%2freact-use-controllable-state set size:296080 disposed:false
540 silly fetch manifest @radix-ui/react-use-callback-ref@1.1.0
541 silly packumentCache full:https://registry.npmjs.org/@radix-ui%2freact-use-callback-ref cache-miss
542 http cache https://registry.npmjs.org/@radix-ui%2freact-context 66ms (cache hit)
543 silly packumentCache full:https://registry.npmjs.org/@radix-ui%2freact-context set size:266557 disposed:false
544 silly fetch manifest @radix-ui/react-use-layout-effect@1.1.0
545 silly packumentCache full:https://registry.npmjs.org/@radix-ui%2freact-use-layout-effect cache-miss
546 http cache https://registry.npmjs.org/@radix-ui%2freact-direction 51ms (cache hit)
547 silly packumentCache full:https://registry.npmjs.org/@radix-ui%2freact-direction set size:202714 disposed:false
548 silly fetch manifest @radix-ui/react-presence@1.1.2
549 silly packumentCache full:https://registry.npmjs.org/@radix-ui%2freact-presence cache-miss
550 http cache https://registry.npmjs.org/@radix-ui%2freact-collection 51ms (cache hit)
551 silly packumentCache full:https://registry.npmjs.org/@radix-ui%2freact-collection set size:630833 disposed:false
552 silly fetch manifest @radix-ui/react-use-size@1.1.0
553 silly packumentCache full:https://registry.npmjs.org/@radix-ui%2freact-use-size cache-miss
554 http cache https://registry.npmjs.org/@radix-ui%2freact-compose-refs 53ms (cache hit)
555 silly packumentCache full:https://registry.npmjs.org/@radix-ui%2freact-compose-refs set size:219425 disposed:false
556 silly fetch manifest @radix-ui/react-use-previous@1.1.0
557 silly packumentCache full:https://registry.npmjs.org/@radix-ui%2freact-use-previous cache-miss
558 http cache https://registry.npmjs.org/@radix-ui%2freact-context 48ms (cache hit)
559 silly packumentCache full:https://registry.npmjs.org/@radix-ui%2freact-context set size:266557 disposed:false
560 silly packumentCache full:https://registry.npmjs.org/@radix-ui%2freact-context dispose
561 silly fetch manifest @radix-ui/react-presence@1.1.2
562 silly packumentCache full:https://registry.npmjs.org/@radix-ui%2freact-presence cache-miss
563 http cache https://registry.npmjs.org/@radix-ui%2freact-compose-refs 20ms (cache hit)
564 silly packumentCache full:https://registry.npmjs.org/@radix-ui%2freact-compose-refs set size:219425 disposed:false
565 silly packumentCache full:https://registry.npmjs.org/@radix-ui%2freact-compose-refs dispose
566 silly fetch manifest @radix-ui/react-use-layout-effect@1.1.0
567 silly packumentCache full:https://registry.npmjs.org/@radix-ui%2freact-use-layout-effect cache-miss
568 http cache https://registry.npmjs.org/@radix-ui%2freact-primitive 49ms (cache hit)
569 silly packumentCache full:https://registry.npmjs.org/@radix-ui%2freact-primitive set size:595809 disposed:false
570 silly packumentCache full:https://registry.npmjs.org/@radix-ui%2freact-primitive dispose
571 silly fetch manifest @radix-ui/react-menu@2.1.6
572 silly packumentCache full:https://registry.npmjs.org/@radix-ui%2freact-menu cache-miss
573 http cache https://registry.npmjs.org/@radix-ui%2freact-use-callback-ref 18ms (cache hit)
574 silly packumentCache full:https://registry.npmjs.org/@radix-ui%2freact-use-callback-ref set size:212985 disposed:false
575 silly fetch manifest aria-hidden@^1.2.4
576 silly packumentCache full:https://registry.npmjs.org/aria-hidden cache-miss
577 http cache https://registry.npmjs.org/@radix-ui%2freact-use-layout-effect 18ms (cache hit)
578 silly packumentCache full:https://registry.npmjs.org/@radix-ui%2freact-use-layout-effect set size:213388 disposed:false
579 silly fetch manifest react-remove-scroll@^2.6.3
580 silly packumentCache full:https://registry.npmjs.org/react-remove-scroll cache-miss
581 http cache https://registry.npmjs.org/@radix-ui%2freact-context 23ms (cache hit)
582 silly packumentCache full:https://registry.npmjs.org/@radix-ui%2freact-context set size:266557 disposed:true
583 silly packumentCache full:https://registry.npmjs.org/@radix-ui%2freact-context dispose
584 silly fetch manifest @radix-ui/react-portal@1.1.4
585 silly packumentCache full:https://registry.npmjs.org/@radix-ui%2freact-portal cache-miss
586 http cache https://registry.npmjs.org/@radix-ui%2freact-presence 20ms (cache hit)
587 silly packumentCache full:https://registry.npmjs.org/@radix-ui%2freact-presence set size:443830 disposed:false
588 silly fetch manifest @radix-ui/react-focus-scope@1.1.2
589 silly packumentCache full:https://registry.npmjs.org/@radix-ui%2freact-focus-scope cache-miss
590 http cache https://registry.npmjs.org/@radix-ui%2freact-presence 16ms (cache hit)
591 silly packumentCache full:https://registry.npmjs.org/@radix-ui%2freact-presence set size:443830 disposed:false
592 silly packumentCache full:https://registry.npmjs.org/@radix-ui%2freact-presence dispose
593 silly fetch manifest @radix-ui/react-focus-guards@1.1.1
594 silly packumentCache full:https://registry.npmjs.org/@radix-ui%2freact-focus-guards cache-miss
595 http cache https://registry.npmjs.org/@radix-ui%2freact-use-size 20ms (cache hit)
596 silly packumentCache full:https://registry.npmjs.org/@radix-ui%2freact-use-size set size:272110 disposed:false
597 silly fetch manifest @radix-ui/react-dismissable-layer@1.1.5
598 silly packumentCache full:https://registry.npmjs.org/@radix-ui%2freact-dismissable-layer cache-miss
599 http cache https://registry.npmjs.org/@radix-ui%2freact-use-layout-effect 17ms (cache hit)
600 silly packumentCache full:https://registry.npmjs.org/@radix-ui%2freact-use-layout-effect set size:213388 disposed:false
601 silly packumentCache full:https://registry.npmjs.org/@radix-ui%2freact-use-layout-effect dispose
602 silly fetch manifest @radix-ui/react-menu@2.1.6
603 silly packumentCache full:https://registry.npmjs.org/@radix-ui%2freact-menu cache-miss
604 http cache https://registry.npmjs.org/@radix-ui%2freact-use-previous 21ms (cache hit)
605 silly packumentCache full:https://registry.npmjs.org/@radix-ui%2freact-use-previous set size:285605 disposed:false
606 silly fetch manifest @radix-ui/react-popper@1.2.2
607 silly packumentCache full:https://registry.npmjs.org/@radix-ui%2freact-popper cache-miss
608 http cache https://registry.npmjs.org/@radix-ui%2freact-menu 19ms (cache hit)
609 silly packumentCache full:https://registry.npmjs.org/@radix-ui%2freact-menu set size:1168171 disposed:false
610 silly fetch manifest @radix-ui/react-portal@1.1.4
611 silly packumentCache full:https://registry.npmjs.org/@radix-ui%2freact-portal cache-miss
612 http cache https://registry.npmjs.org/react-remove-scroll 20ms (cache hit)
613 silly packumentCache full:https://registry.npmjs.org/react-remove-scroll set size:147112 disposed:false
614 silly fetch manifest @radix-ui/react-dismissable-layer@1.1.5
615 silly packumentCache full:https://registry.npmjs.org/@radix-ui%2freact-dismissable-layer cache-miss
616 http cache https://registry.npmjs.org/aria-hidden 24ms (cache hit)
617 silly packumentCache full:https://registry.npmjs.org/aria-hidden set size:40391 disposed:false
618 silly fetch manifest @radix-ui/react-roving-focus@1.1.2
619 silly packumentCache full:https://registry.npmjs.org/@radix-ui%2freact-roving-focus cache-miss
620 http cache https://registry.npmjs.org/@radix-ui%2freact-focus-scope 20ms (cache hit)
621 silly packumentCache full:https://registry.npmjs.org/@radix-ui%2freact-focus-scope set size:643933 disposed:false
622 silly fetch manifest @radix-ui/react-visually-hidden@1.1.2
623 silly packumentCache full:https://registry.npmjs.org/@radix-ui%2freact-visually-hidden cache-miss
624 http cache https://registry.npmjs.org/@radix-ui%2freact-portal 26ms (cache hit)
625 silly packumentCache full:https://registry.npmjs.org/@radix-ui%2freact-portal set size:667939 disposed:false
626 silly fetch manifest @radix-ui/react-dismissable-layer@1.1.5
627 silly packumentCache full:https://registry.npmjs.org/@radix-ui%2freact-dismissable-layer cache-miss
628 http cache https://registry.npmjs.org/@radix-ui%2freact-menu 22ms (cache hit)
629 silly packumentCache full:https://registry.npmjs.org/@radix-ui%2freact-menu set size:1168171 disposed:false
630 silly fetch manifest @radix-ui/react-popper@1.2.2
631 silly packumentCache full:https://registry.npmjs.org/@radix-ui%2freact-popper cache-miss
632 http cache https://registry.npmjs.org/@radix-ui%2freact-dismissable-layer 28ms (cache hit)
633 silly packumentCache full:https://registry.npmjs.org/@radix-ui%2freact-dismissable-layer set size:803119 disposed:false
634 silly fetch manifest @radix-ui/react-focus-guards@1.1.1
635 silly packumentCache full:https://registry.npmjs.org/@radix-ui%2freact-focus-guards cache-miss
636 http cache https://registry.npmjs.org/@radix-ui%2freact-popper 29ms (cache hit)
637 silly packumentCache full:https://registry.npmjs.org/@radix-ui%2freact-popper set size:766112 disposed:false
638 silly fetch manifest @radix-ui/react-roving-focus@1.1.2
639 silly packumentCache full:https://registry.npmjs.org/@radix-ui%2freact-roving-focus cache-miss
640 http cache https://registry.npmjs.org/@radix-ui%2freact-focus-guards 37ms (cache hit)
641 silly packumentCache full:https://registry.npmjs.org/@radix-ui%2freact-focus-guards set size:284533 disposed:false
642 silly fetch manifest @radix-ui/number@1.1.0
643 silly packumentCache full:https://registry.npmjs.org/@radix-ui%2fnumber cache-miss
644 http cache https://registry.npmjs.org/@radix-ui%2freact-portal 28ms (cache hit)
645 silly packumentCache full:https://registry.npmjs.org/@radix-ui%2freact-portal set size:667939 disposed:false
646 silly packumentCache full:https://registry.npmjs.org/@radix-ui%2freact-portal dispose
647 silly fetch manifest @radix-ui/number@1.1.0
648 silly packumentCache full:https://registry.npmjs.org/@radix-ui%2fnumber cache-miss
649 http cache https://registry.npmjs.org/@radix-ui%2freact-roving-focus 29ms (cache hit)
650 silly packumentCache full:https://registry.npmjs.org/@radix-ui%2freact-roving-focus set size:830379 disposed:false
651 silly fetch manifest @radix-ui/react-visually-hidden@1.1.2
652 silly packumentCache full:https://registry.npmjs.org/@radix-ui%2freact-visually-hidden cache-miss
653 http cache https://registry.npmjs.org/@radix-ui%2freact-visually-hidden 29ms (cache hit)
654 silly packumentCache full:https://registry.npmjs.org/@radix-ui%2freact-visually-hidden set size:593995 disposed:false
655 silly fetch manifest @radix-ui/number@1.1.0
656 silly packumentCache full:https://registry.npmjs.org/@radix-ui%2fnumber cache-miss
657 http cache https://registry.npmjs.org/@radix-ui%2freact-dismissable-layer 37ms (cache hit)
658 silly packumentCache full:https://registry.npmjs.org/@radix-ui%2freact-dismissable-layer set size:803119 disposed:false
659 silly packumentCache full:https://registry.npmjs.org/@radix-ui%2freact-dismissable-layer dispose
660 silly fetch manifest @supabase/auth-js@2.97.0
661 silly packumentCache full:https://registry.npmjs.org/@supabase%2fauth-js cache-miss
662 http cache https://registry.npmjs.org/@radix-ui%2freact-dismissable-layer 51ms (cache hit)
663 silly packumentCache full:https://registry.npmjs.org/@radix-ui%2freact-dismissable-layer set size:803119 disposed:true
664 silly packumentCache full:https://registry.npmjs.org/@radix-ui%2freact-dismissable-layer dispose
665 silly fetch manifest @supabase/storage-js@2.97.0
666 silly packumentCache full:https://registry.npmjs.org/@supabase%2fstorage-js cache-miss
667 http cache https://registry.npmjs.org/@radix-ui%2fnumber 31ms (cache hit)
668 silly packumentCache full:https://registry.npmjs.org/@radix-ui%2fnumber set size:96484 disposed:false
669 silly fetch manifest @supabase/realtime-js@2.97.0
670 silly packumentCache full:https://registry.npmjs.org/@supabase%2frealtime-js cache-miss
671 http cache https://registry.npmjs.org/@radix-ui%2freact-focus-guards 37ms (cache hit)
672 silly packumentCache full:https://registry.npmjs.org/@radix-ui%2freact-focus-guards set size:284533 disposed:false
673 silly packumentCache full:https://registry.npmjs.org/@radix-ui%2freact-focus-guards dispose
674 silly fetch manifest @supabase/functions-js@2.97.0
675 silly packumentCache full:https://registry.npmjs.org/@supabase%2ffunctions-js cache-miss
676 http cache https://registry.npmjs.org/@radix-ui%2freact-popper 43ms (cache hit)
677 silly packumentCache full:https://registry.npmjs.org/@radix-ui%2freact-popper set size:766112 disposed:false
678 silly packumentCache full:https://registry.npmjs.org/@radix-ui%2freact-popper dispose
679 silly fetch manifest @supabase/postgrest-js@2.97.0
680 silly packumentCache full:https://registry.npmjs.org/@supabase%2fpostgrest-js cache-miss
681 http cache https://registry.npmjs.org/@radix-ui%2freact-roving-focus 38ms (cache hit)
682 silly packumentCache full:https://registry.npmjs.org/@radix-ui%2freact-roving-focus set size:830379 disposed:false
683 silly packumentCache full:https://registry.npmjs.org/@radix-ui%2freact-roving-focus dispose
684 silly fetch manifest @tailwindcss/node@4.1.12
685 silly packumentCache full:https://registry.npmjs.org/@tailwindcss%2fnode cache-miss
686 http cache https://registry.npmjs.org/@radix-ui%2fnumber 37ms (cache hit)
687 silly packumentCache full:https://registry.npmjs.org/@radix-ui%2fnumber set size:96484 disposed:false
688 silly packumentCache full:https://registry.npmjs.org/@radix-ui%2fnumber dispose
689 silly fetch manifest @tailwindcss/oxide@4.1.12
690 silly packumentCache full:https://registry.npmjs.org/@tailwindcss%2foxide cache-miss
691 http cache https://registry.npmjs.org/@radix-ui%2fnumber 30ms (cache hit)
692 silly packumentCache full:https://registry.npmjs.org/@radix-ui%2fnumber set size:96484 disposed:true
693 silly packumentCache full:https://registry.npmjs.org/@radix-ui%2fnumber dispose
694 silly fetch manifest fdir@^6.4.4
695 silly packumentCache full:https://registry.npmjs.org/fdir cache-miss
696 http cache https://registry.npmjs.org/@supabase%2fauth-js 19ms (cache hit)
697 silly packumentCache full:https://registry.npmjs.org/@supabase%2fauth-js set size:952833 disposed:false
698 silly fetch manifest rollup@^4.34.9
699 silly packumentCache full:https://registry.npmjs.org/rollup cache-miss
700 http cache https://registry.npmjs.org/@radix-ui%2freact-visually-hidden 40ms (cache hit)
701 silly packumentCache full:https://registry.npmjs.org/@radix-ui%2freact-visually-hidden set size:593995 disposed:false
702 silly packumentCache full:https://registry.npmjs.org/@radix-ui%2freact-visually-hidden dispose
703 silly fetch manifest esbuild@^0.25.0
704 silly packumentCache full:https://registry.npmjs.org/esbuild cache-miss
705 http cache https://registry.npmjs.org/@supabase%2ffunctions-js 21ms (cache hit)
706 silly packumentCache full:https://registry.npmjs.org/@supabase%2ffunctions-js set size:656258 disposed:false
707 silly fetch manifest postcss@^8.5.3
708 silly packumentCache full:https://registry.npmjs.org/postcss cache-hit
709 silly fetch manifest picomatch@^4.0.2
710 silly packumentCache full:https://registry.npmjs.org/picomatch cache-miss
711 http cache https://registry.npmjs.org/@supabase%2frealtime-js 28ms (cache hit)
712 silly packumentCache full:https://registry.npmjs.org/@supabase%2frealtime-js set size:1132258 disposed:false
713 silly fetch manifest tinyglobby@^0.2.13
714 silly packumentCache full:https://registry.npmjs.org/tinyglobby cache-miss
715 http cache https://registry.npmjs.org/@supabase%2fstorage-js 34ms (cache hit)
716 silly packumentCache full:https://registry.npmjs.org/@supabase%2fstorage-js set size:882760 disposed:false
717 silly fetch manifest fsevents@~2.3.3
718 silly packumentCache full:https://registry.npmjs.org/fsevents cache-miss
719 http cache https://registry.npmjs.org/@supabase%2fpostgrest-js 32ms (cache hit)
720 silly packumentCache full:https://registry.npmjs.org/@supabase%2fpostgrest-js set size:1268876 disposed:false
721 silly fetch manifest @babel/core@^7.28.0
722 silly packumentCache full:https://registry.npmjs.org/@babel%2fcore cache-miss
723 http cache https://registry.npmjs.org/@tailwindcss%2fnode 36ms (cache hit)
724 silly packumentCache full:https://registry.npmjs.org/@tailwindcss%2fnode set size:1872634 disposed:false
725 silly fetch manifest react-refresh@^0.17.0
726 silly packumentCache full:https://registry.npmjs.org/react-refresh cache-miss
727 http cache https://registry.npmjs.org/@tailwindcss%2foxide 47ms (cache hit)
728 silly packumentCache full:https://registry.npmjs.org/@tailwindcss%2foxide set size:4067167 disposed:false
729 silly fetch manifest @types/babel__core@^7.20.5
730 silly packumentCache full:https://registry.npmjs.org/@types%2fbabel__core cache-miss
731 http cache https://registry.npmjs.org/fdir 71ms (cache hit)
732 silly packumentCache full:https://registry.npmjs.org/fdir set size:136182 disposed:false
733 silly fetch manifest @rolldown/pluginutils@1.0.0-beta.27
734 silly packumentCache full:https://registry.npmjs.org/@rolldown%2fpluginutils cache-miss
735 http cache https://registry.npmjs.org/esbuild 67ms (cache hit)
736 silly packumentCache full:https://registry.npmjs.org/esbuild set size:1242223 disposed:false
737 silly fetch manifest @babel/plugin-transform-react-jsx-self@^7.27.1
738 silly packumentCache full:https://registry.npmjs.org/@babel%2fplugin-transform-react-jsx-self cache-miss
739 http cache https://registry.npmjs.org/rollup 81ms (cache hit)
740 silly packumentCache full:https://registry.npmjs.org/rollup set size:6098444 disposed:false
741 silly fetch manifest @babel/plugin-transform-react-jsx-source@^7.27.1
742 silly packumentCache full:https://registry.npmjs.org/@babel%2fplugin-transform-react-jsx-source cache-miss
743 http cache https://registry.npmjs.org/picomatch 96ms (cache hit)
744 silly packumentCache full:https://registry.npmjs.org/picomatch set size:118818 disposed:false
745 silly fetch manifest @radix-ui/react-id@^1.1.0
746 silly packumentCache full:https://registry.npmjs.org/@radix-ui%2freact-id cache-hit
747 silly fetch manifest @radix-ui/react-primitive@^2.0.2
748 silly packumentCache full:https://registry.npmjs.org/@radix-ui%2freact-primitive cache-hit
749 silly fetch manifest @radix-ui/react-compose-refs@^1.1.1
750 silly packumentCache full:https://registry.npmjs.org/@radix-ui%2freact-compose-refs cache-hit
751 silly fetch manifest embla-carousel@8.6.0
752 silly packumentCache full:https://registry.npmjs.org/embla-carousel cache-miss
753 http cache https://registry.npmjs.org/@babel%2fcore 82ms (cache hit)
754 silly packumentCache full:https://registry.npmjs.org/@babel%2fcore set size:756140 disposed:false
755 silly fetch manifest embla-carousel-reactive-utils@8.6.0
756 silly packumentCache full:https://registry.npmjs.org/embla-carousel-reactive-utils cache-miss
757 http cache https://registry.npmjs.org/fsevents 92ms (cache hit)
758 silly packumentCache full:https://registry.npmjs.org/fsevents set size:182472 disposed:false
759 silly fetch manifest tslib@^2.4.0
760 silly packumentCache full:https://registry.npmjs.org/tslib cache-miss
761 http cache https://registry.npmjs.org/tinyglobby 98ms (cache hit)
762 silly packumentCache full:https://registry.npmjs.org/tinyglobby set size:49812 disposed:false
763 silly fetch manifest framer-motion@^12.23.24
764 silly packumentCache full:https://registry.npmjs.org/framer-motion cache-miss
765 http cache https://registry.npmjs.org/react-refresh 87ms (cache hit)
766 silly packumentCache full:https://registry.npmjs.org/react-refresh set size:6205015 disposed:false
767 silly fetch manifest @react-dnd/invariant@^4.0.1
768 silly packumentCache full:https://registry.npmjs.org/@react-dnd%2finvariant cache-miss
769 http cache https://registry.npmjs.org/@types%2fbabel__core 89ms (cache hit)
770 silly packumentCache full:https://registry.npmjs.org/@types%2fbabel__core set size:88676 disposed:false
771 silly fetch manifest @react-dnd/shallowequal@^4.0.1
772 silly packumentCache full:https://registry.npmjs.org/@react-dnd%2fshallowequal cache-miss
773 http cache https://registry.npmjs.org/@babel%2fplugin-transform-react-jsx-source 47ms (cache hit)
774 silly packumentCache full:https://registry.npmjs.org/@babel%2fplugin-transform-react-jsx-source set size:203114 disposed:false
775 silly fetch manifest dnd-core@^16.0.1
776 silly packumentCache full:https://registry.npmjs.org/dnd-core cache-miss
777 http cache https://registry.npmjs.org/embla-carousel-reactive-utils 42ms (cache hit)
778 silly packumentCache full:https://registry.npmjs.org/embla-carousel-reactive-utils set size:116737 disposed:false
779 silly fetch manifest fast-deep-equal@^3.1.3
780 silly packumentCache full:https://registry.npmjs.org/fast-deep-equal cache-miss
781 http cache https://registry.npmjs.org/embla-carousel 48ms (cache hit)
782 silly packumentCache full:https://registry.npmjs.org/embla-carousel set size:829496 disposed:false
783 silly fetch manifest hoist-non-react-statics@^3.3.2
784 silly packumentCache full:https://registry.npmjs.org/hoist-non-react-statics cache-hit
785 silly fetch manifest dnd-core@^16.0.1
786 silly packumentCache full:https://registry.npmjs.org/dnd-core cache-miss
787 http cache https://registry.npmjs.org/@rolldown%2fpluginutils 90ms (cache hit)
788 silly packumentCache full:https://registry.npmjs.org/@rolldown%2fpluginutils set size:259041 disposed:false
789 silly fetch manifest react-fast-compare@^3.0.1
790 silly packumentCache full:https://registry.npmjs.org/react-fast-compare cache-miss
791 http cache https://registry.npmjs.org/tslib 48ms (cache hit)
792 silly packumentCache full:https://registry.npmjs.org/tslib set size:108760 disposed:false
793 silly fetch manifest warning@^4.0.2
794 silly packumentCache full:https://registry.npmjs.org/warning cache-miss
795 http cache https://registry.npmjs.org/@babel%2fplugin-transform-react-jsx-self 85ms (cache hit)
796 silly packumentCache full:https://registry.npmjs.org/@babel%2fplugin-transform-react-jsx-self set size:198119 disposed:false
797 silly fetch manifest react-router@7.13.0
798 silly packumentCache full:https://registry.npmjs.org/react-router cache-miss
799 http cache https://registry.npmjs.org/framer-motion 62ms (cache hit)
800 silly packumentCache full:https://registry.npmjs.org/framer-motion set size:9939907 disposed:false
801 silly fetch manifest classnames@^2.2.5
802 silly packumentCache full:https://registry.npmjs.org/classnames cache-miss
803 http cache https://registry.npmjs.org/@react-dnd%2finvariant 87ms (cache hit)
804 silly packumentCache full:https://registry.npmjs.org/@react-dnd%2finvariant set size:21346 disposed:false
805 silly fetch manifest json2mq@^0.2.0
806 silly packumentCache full:https://registry.npmjs.org/json2mq cache-miss
807 http cache https://registry.npmjs.org/@react-dnd%2fshallowequal 89ms (cache hit)
808 silly packumentCache full:https://registry.npmjs.org/@react-dnd%2fshallowequal set size:17170 disposed:false
809 silly fetch manifest lodash.debounce@^4.0.8
810 silly packumentCache full:https://registry.npmjs.org/lodash.debounce cache-miss
811 http cache https://registry.npmjs.org/fast-deep-equal 85ms (cache hit)
812 silly packumentCache full:https://registry.npmjs.org/fast-deep-equal set size:48634 disposed:false
813 silly fetch manifest resize-observer-polyfill@^1.5.0
814 silly packumentCache full:https://registry.npmjs.org/resize-observer-polyfill cache-miss
815 http cache https://registry.npmjs.org/dnd-core 89ms (cache hit)
816 silly packumentCache full:https://registry.npmjs.org/dnd-core set size:214682 disposed:false
817 silly fetch manifest lodash@^4.17.21
818 silly packumentCache full:https://registry.npmjs.org/lodash cache-miss
819 http cache https://registry.npmjs.org/react-fast-compare 84ms (cache hit)
820 silly packumentCache full:https://registry.npmjs.org/react-fast-compare set size:94506 disposed:false
821 silly fetch manifest react-is@^18.3.1
822 silly packumentCache full:https://registry.npmjs.org/react-is cache-miss
823 http cache https://registry.npmjs.org/react-router 86ms (cache hit)
824 silly packumentCache full:https://registry.npmjs.org/react-router set size:3812942 disposed:false
825 silly fetch manifest react-smooth@^4.0.4
826 silly packumentCache full:https://registry.npmjs.org/react-smooth cache-miss
827 http cache https://registry.npmjs.org/dnd-core 109ms (cache hit)
828 silly packumentCache full:https://registry.npmjs.org/dnd-core set size:214682 disposed:false
829 silly packumentCache full:https://registry.npmjs.org/dnd-core dispose
830 silly fetch manifest eventemitter3@^4.0.1
831 silly packumentCache full:https://registry.npmjs.org/eventemitter3 cache-miss
832 http cache https://registry.npmjs.org/warning 108ms (cache hit)
833 silly packumentCache full:https://registry.npmjs.org/warning set size:22942 disposed:false
834 silly fetch manifest recharts-scale@^0.4.4
835 silly packumentCache full:https://registry.npmjs.org/recharts-scale cache-miss
836 http cache https://registry.npmjs.org/classnames 44ms (cache hit)
837 silly packumentCache full:https://registry.npmjs.org/classnames set size:63028 disposed:false
838 silly fetch manifest tiny-invariant@^1.3.1
839 silly packumentCache full:https://registry.npmjs.org/tiny-invariant cache-miss
840 http cache https://registry.npmjs.org/json2mq 40ms (cache hit)
841 silly packumentCache full:https://registry.npmjs.org/json2mq set size:4282 disposed:false
842 silly fetch manifest victory-vendor@^36.6.8
843 silly packumentCache full:https://registry.npmjs.org/victory-vendor cache-miss
844 http cache https://registry.npmjs.org/lodash.debounce 38ms (cache hit)
845 silly packumentCache full:https://registry.npmjs.org/lodash.debounce set size:44123 disposed:false
846 http cache https://registry.npmjs.org/resize-observer-polyfill 36ms (cache hit)
847 silly packumentCache full:https://registry.npmjs.org/resize-observer-polyfill set size:51211 disposed:false
848 http cache https://registry.npmjs.org/lodash 34ms (cache hit)
849 silly packumentCache full:https://registry.npmjs.org/lodash set size:244258 disposed:false
850 http cache https://registry.npmjs.org/react-smooth 13ms (cache hit)
851 silly packumentCache full:https://registry.npmjs.org/react-smooth set size:197810 disposed:false
852 http cache https://registry.npmjs.org/react-is 42ms (cache hit)
853 silly packumentCache full:https://registry.npmjs.org/react-is set size:5266703 disposed:false
854 http cache https://registry.npmjs.org/eventemitter3 41ms (cache hit)
855 silly packumentCache full:https://registry.npmjs.org/eventemitter3 set size:92292 disposed:false
856 http cache https://registry.npmjs.org/tiny-invariant 39ms (cache hit)
857 silly packumentCache full:https://registry.npmjs.org/tiny-invariant set size:98310 disposed:false
858 http cache https://registry.npmjs.org/recharts-scale 41ms (cache hit)
859 silly packumentCache full:https://registry.npmjs.org/recharts-scale set size:62529 disposed:false
860 http cache https://registry.npmjs.org/victory-vendor 41ms (cache hit)
861 silly packumentCache full:https://registry.npmjs.org/victory-vendor set size:249266 disposed:false
862 silly fetch manifest react@>=16.8.0
863 silly packumentCache full:https://registry.npmjs.org/react cache-miss
864 http cache https://registry.npmjs.org/react 8ms (cache hit)
865 silly packumentCache full:https://registry.npmjs.org/react set size:6504076 disposed:false
866 silly placeDep ROOT @babel/runtime@7.28.6 OK for: @emotion/react@11.14.0 want: ^7.18.3
867 silly placeDep ROOT @emotion/babel-plugin@11.13.5 OK for: @emotion/react@11.14.0 want: ^11.13.5
868 silly placeDep ROOT @emotion/cache@11.14.0 OK for: @emotion/react@11.14.0 want: ^11.14.0
869 silly placeDep ROOT @emotion/serialize@1.3.3 OK for: @emotion/react@11.14.0 want: ^1.3.3
870 silly placeDep ROOT @emotion/use-insertion-effect-with-fallbacks@1.2.0 OK for: @emotion/react@11.14.0 want: ^1.2.0
871 silly placeDep ROOT @emotion/utils@1.4.2 OK for: @emotion/react@11.14.0 want: ^1.4.2
872 silly placeDep ROOT @emotion/weak-memoize@0.4.0 OK for: @emotion/react@11.14.0 want: ^0.4.0
873 silly placeDep ROOT hoist-non-react-statics@3.3.2 OK for: @emotion/react@11.14.0 want: ^3.3.1
874 silly fetch manifest @babel/helper-module-imports@^7.16.7
875 silly packumentCache full:https://registry.npmjs.org/@babel%2fhelper-module-imports cache-miss
876 silly fetch manifest @emotion/hash@^0.9.2
877 silly packumentCache full:https://registry.npmjs.org/@emotion%2fhash cache-miss
878 silly fetch manifest @emotion/memoize@^0.9.0
879 silly packumentCache full:https://registry.npmjs.org/@emotion%2fmemoize cache-miss
880 silly fetch manifest babel-plugin-macros@^3.1.0
881 silly packumentCache full:https://registry.npmjs.org/babel-plugin-macros cache-miss
882 silly fetch manifest convert-source-map@^1.5.0
883 silly packumentCache full:https://registry.npmjs.org/convert-source-map cache-miss
884 silly fetch manifest escape-string-regexp@^4.0.0
885 silly packumentCache full:https://registry.npmjs.org/escape-string-regexp cache-miss
886 silly fetch manifest find-root@^1.1.0
887 silly packumentCache full:https://registry.npmjs.org/find-root cache-miss
888 silly fetch manifest source-map@^0.5.7
889 silly packumentCache full:https://registry.npmjs.org/source-map cache-miss
890 silly fetch manifest stylis@4.2.0
891 silly packumentCache full:https://registry.npmjs.org/stylis cache-miss
892 http cache https://registry.npmjs.org/@emotion%2fmemoize 5ms (cache hit)
893 silly packumentCache full:https://registry.npmjs.org/@emotion%2fmemoize set size:42731 disposed:false
894 silly fetch manifest @emotion/sheet@^1.4.0
895 silly packumentCache full:https://registry.npmjs.org/@emotion%2fsheet cache-miss
896 http cache https://registry.npmjs.org/@emotion%2fhash 7ms (cache hit)
897 silly packumentCache full:https://registry.npmjs.org/@emotion%2fhash set size:40996 disposed:false
898 silly fetch manifest stylis@4.2.0
899 silly packumentCache full:https://registry.npmjs.org/stylis cache-miss
900 http cache https://registry.npmjs.org/@babel%2fhelper-module-imports 8ms (cache hit)
901 silly packumentCache full:https://registry.npmjs.org/@babel%2fhelper-module-imports set size:191525 disposed:false
902 silly fetch manifest @emotion/unitless@^0.10.0
903 silly packumentCache full:https://registry.npmjs.org/@emotion%2funitless cache-miss
904 http cache https://registry.npmjs.org/source-map 9ms (cache hit)
905 silly packumentCache full:https://registry.npmjs.org/source-map set size:226141 disposed:false
906 silly fetch manifest csstype@^3.0.2
907 silly packumentCache full:https://registry.npmjs.org/csstype cache-hit
908 silly fetch manifest react-is@^16.7.0
909 silly packumentCache full:https://registry.npmjs.org/react-is cache-miss
910 http cache https://registry.npmjs.org/babel-plugin-macros 12ms (cache hit)
911 silly packumentCache full:https://registry.npmjs.org/babel-plugin-macros set size:124320 disposed:false
912 http cache https://registry.npmjs.org/escape-string-regexp 13ms (cache hit)
913 silly packumentCache full:https://registry.npmjs.org/escape-string-regexp set size:22244 disposed:false
914 http cache https://registry.npmjs.org/find-root 14ms (cache hit)
915 silly packumentCache full:https://registry.npmjs.org/find-root set size:9367 disposed:false
916 http cache https://registry.npmjs.org/convert-source-map 14ms (cache hit)
917 silly packumentCache full:https://registry.npmjs.org/convert-source-map set size:66997 disposed:false
918 http cache https://registry.npmjs.org/stylis 15ms (cache hit)
919 silly packumentCache full:https://registry.npmjs.org/stylis set size:334780 disposed:false
920 http cache https://registry.npmjs.org/stylis 13ms (cache hit)
921 silly packumentCache full:https://registry.npmjs.org/stylis set size:334780 disposed:false
922 silly packumentCache full:https://registry.npmjs.org/stylis dispose
923 http cache https://registry.npmjs.org/@emotion%2funitless 14ms (cache hit)
924 silly packumentCache full:https://registry.npmjs.org/@emotion%2funitless set size:45815 disposed:false
925 http cache https://registry.npmjs.org/@emotion%2fsheet 17ms (cache hit)
926 silly packumentCache full:https://registry.npmjs.org/@emotion%2fsheet set size:96903 disposed:false
927 http cache https://registry.npmjs.org/react-is 18ms (cache hit)
928 silly packumentCache full:https://registry.npmjs.org/react-is set size:5266703 disposed:false
929 silly placeDep ROOT @babel/helper-module-imports@7.28.6 OK for: @emotion/babel-plugin@11.13.5 want: ^7.16.7
930 silly placeDep ROOT @emotion/hash@0.9.2 OK for: @emotion/babel-plugin@11.13.5 want: ^0.9.2
931 silly placeDep ROOT @emotion/memoize@0.9.0 OK for: @emotion/babel-plugin@11.13.5 want: ^0.9.0
932 silly placeDep ROOT babel-plugin-macros@3.1.0 OK for: @emotion/babel-plugin@11.13.5 want: ^3.1.0
933 silly placeDep ROOT convert-source-map@1.9.0 OK for: @emotion/babel-plugin@11.13.5 want: ^1.5.0
934 silly placeDep ROOT escape-string-regexp@4.0.0 OK for: @emotion/babel-plugin@11.13.5 want: ^4.0.0
935 silly placeDep ROOT find-root@1.1.0 OK for: @emotion/babel-plugin@11.13.5 want: ^1.1.0
936 silly placeDep ROOT source-map@0.5.7 OK for: @emotion/babel-plugin@11.13.5 want: ^0.5.7
937 silly placeDep ROOT stylis@4.2.0 OK for: @emotion/babel-plugin@11.13.5 want: 4.2.0
938 silly fetch manifest @babel/types@^7.28.6
939 silly packumentCache full:https://registry.npmjs.org/@babel%2ftypes cache-miss
940 silly fetch manifest @babel/traverse@^7.28.6
941 silly packumentCache full:https://registry.npmjs.org/@babel%2ftraverse cache-miss
942 silly fetch manifest cosmiconfig@^7.0.0
943 silly packumentCache full:https://registry.npmjs.org/cosmiconfig cache-miss
944 silly fetch manifest resolve@^1.19.0
945 silly packumentCache full:https://registry.npmjs.org/resolve cache-miss
946 http cache https://registry.npmjs.org/resolve 7ms (cache hit)
947 silly packumentCache full:https://registry.npmjs.org/resolve set size:238156 disposed:false
948 http cache https://registry.npmjs.org/@babel%2ftraverse 10ms (cache hit)
949 silly packumentCache full:https://registry.npmjs.org/@babel%2ftraverse set size:546499 disposed:false
950 http cache https://registry.npmjs.org/cosmiconfig 12ms (cache hit)
951 silly packumentCache full:https://registry.npmjs.org/cosmiconfig set size:275399 disposed:false
952 http cache https://registry.npmjs.org/@babel%2ftypes 16ms (cache hit)
953 silly packumentCache full:https://registry.npmjs.org/@babel%2ftypes set size:485839 disposed:false
954 silly placeDep ROOT @babel/traverse@7.29.0 OK for: @babel/helper-module-imports@7.28.6 want: ^7.28.6
955 silly placeDep ROOT @babel/types@7.29.0 OK for: @babel/helper-module-imports@7.28.6 want: ^7.28.6
956 silly fetch manifest debug@^4.3.1
957 silly packumentCache full:https://registry.npmjs.org/debug cache-miss
958 silly fetch manifest @babel/types@^7.29.0
959 silly packumentCache full:https://registry.npmjs.org/@babel%2ftypes cache-hit
960 silly fetch manifest @babel/parser@^7.29.0
961 silly packumentCache full:https://registry.npmjs.org/@babel%2fparser cache-miss
962 silly fetch manifest @babel/template@^7.28.6
963 silly packumentCache full:https://registry.npmjs.org/@babel%2ftemplate cache-miss
964 silly fetch manifest @babel/generator@^7.29.0
965 silly packumentCache full:https://registry.npmjs.org/@babel%2fgenerator cache-miss
966 silly fetch manifest @babel/code-frame@^7.29.0
967 silly packumentCache full:https://registry.npmjs.org/@babel%2fcode-frame cache-miss
968 silly fetch manifest @babel/helper-globals@^7.28.0
969 silly packumentCache full:https://registry.npmjs.org/@babel%2fhelper-globals cache-miss
970 silly fetch manifest @babel/helper-string-parser@^7.27.1
971 silly packumentCache full:https://registry.npmjs.org/@babel%2fhelper-string-parser cache-miss
972 silly fetch manifest @babel/helper-validator-identifier@^7.28.5
973 silly packumentCache full:https://registry.npmjs.org/@babel%2fhelper-validator-identifier cache-miss
974 http cache https://registry.npmjs.org/debug 5ms (cache hit)
975 silly packumentCache full:https://registry.npmjs.org/debug set size:195840 disposed:false
976 http cache https://registry.npmjs.org/@babel%2fparser 8ms (cache hit)
977 silly packumentCache full:https://registry.npmjs.org/@babel%2fparser set size:714217 disposed:false
978 http cache https://registry.npmjs.org/@babel%2fgenerator 12ms (cache hit)
979 silly packumentCache full:https://registry.npmjs.org/@babel%2fgenerator set size:504910 disposed:false
980 http cache https://registry.npmjs.org/@babel%2fhelper-string-parser 13ms (cache hit)
981 silly packumentCache full:https://registry.npmjs.org/@babel%2fhelper-string-parser set size:80211 disposed:false
982 http cache https://registry.npmjs.org/@babel%2ftemplate 15ms (cache hit)
983 silly packumentCache full:https://registry.npmjs.org/@babel%2ftemplate set size:225245 disposed:false
984 http cache https://registry.npmjs.org/@babel%2fcode-frame 15ms (cache hit)
985 silly packumentCache full:https://registry.npmjs.org/@babel%2fcode-frame set size:194176 disposed:false
986 http cache https://registry.npmjs.org/@babel%2fhelper-globals 16ms (cache hit)
987 silly packumentCache full:https://registry.npmjs.org/@babel%2fhelper-globals set size:13624 disposed:false
988 http cache https://registry.npmjs.org/@babel%2fhelper-validator-identifier 16ms (cache hit)
989 silly packumentCache full:https://registry.npmjs.org/@babel%2fhelper-validator-identifier set size:114475 disposed:false
990 silly placeDep ROOT @babel/code-frame@7.29.0 OK for: @babel/traverse@7.29.0 want: ^7.29.0
991 silly placeDep ROOT @babel/generator@7.29.1 OK for: @babel/traverse@7.29.0 want: ^7.29.0
992 silly placeDep ROOT @babel/helper-globals@7.28.0 OK for: @babel/traverse@7.29.0 want: ^7.28.0
993 silly placeDep ROOT @babel/parser@7.29.0 OK for: @babel/traverse@7.29.0 want: ^7.29.0
994 silly placeDep ROOT @babel/template@7.28.6 OK for: @babel/traverse@7.29.0 want: ^7.28.6
995 silly placeDep ROOT debug@4.4.3 OK for: @babel/traverse@7.29.0 want: ^4.3.1
996 silly fetch manifest js-tokens@^4.0.0
997 silly packumentCache full:https://registry.npmjs.org/js-tokens cache-miss
998 silly fetch manifest picocolors@^1.1.1
999 silly packumentCache full:https://registry.npmjs.org/picocolors cache-miss
1000 silly fetch manifest jsesc@^3.0.2
1001 silly packumentCache full:https://registry.npmjs.org/jsesc cache-miss
1002 silly fetch manifest @jridgewell/gen-mapping@^0.3.12
1003 silly packumentCache full:https://registry.npmjs.org/@jridgewell%2fgen-mapping cache-miss
1004 silly fetch manifest @jridgewell/trace-mapping@^0.3.28
1005 silly packumentCache full:https://registry.npmjs.org/@jridgewell%2ftrace-mapping cache-miss
1006 silly fetch manifest ms@^2.1.3
1007 silly packumentCache full:https://registry.npmjs.org/ms cache-miss
1008 http cache https://registry.npmjs.org/jsesc 3ms (cache hit)
1009 silly packumentCache full:https://registry.npmjs.org/jsesc set size:61512 disposed:false
1010 http cache https://registry.npmjs.org/ms 4ms (cache hit)
1011 silly packumentCache full:https://registry.npmjs.org/ms set size:92208 disposed:false
1012 http cache https://registry.npmjs.org/@jridgewell%2fgen-mapping 5ms (cache hit)
1013 silly packumentCache full:https://registry.npmjs.org/@jridgewell%2fgen-mapping set size:80719 disposed:false
1014 http cache https://registry.npmjs.org/picocolors 6ms (cache hit)
1015 silly packumentCache full:https://registry.npmjs.org/picocolors set size:16648 disposed:false
1016 http cache https://registry.npmjs.org/js-tokens 6ms (cache hit)
1017 silly packumentCache full:https://registry.npmjs.org/js-tokens set size:41947 disposed:false
1018 http cache https://registry.npmjs.org/@jridgewell%2ftrace-mapping 7ms (cache hit)
1019 silly packumentCache full:https://registry.npmjs.org/@jridgewell%2ftrace-mapping set size:170909 disposed:false
1020 silly placeDep ROOT @babel/helper-validator-identifier@7.28.5 OK for: @babel/code-frame@7.29.0 want: ^7.28.5
1021 silly placeDep ROOT js-tokens@4.0.0 OK for: @babel/code-frame@7.29.0 want: ^4.0.0
1022 silly placeDep ROOT picocolors@1.1.1 OK for: @babel/code-frame@7.29.0 want: ^1.1.1
1023 silly placeDep ROOT @jridgewell/gen-mapping@0.3.13 OK for: @babel/generator@7.29.1 want: ^0.3.12
1024 silly placeDep ROOT @jridgewell/trace-mapping@0.3.31 OK for: @babel/generator@7.29.1 want: ^0.3.28
1025 silly placeDep ROOT jsesc@3.1.0 OK for: @babel/generator@7.29.1 want: ^3.0.2
1026 silly fetch manifest @jridgewell/sourcemap-codec@^1.5.0
1027 silly packumentCache full:https://registry.npmjs.org/@jridgewell%2fsourcemap-codec cache-miss
1028 silly fetch manifest @jridgewell/trace-mapping@^0.3.24
1029 silly packumentCache full:https://registry.npmjs.org/@jridgewell%2ftrace-mapping cache-hit
1030 silly fetch manifest @jridgewell/resolve-uri@^3.1.0
1031 silly packumentCache full:https://registry.npmjs.org/@jridgewell%2fresolve-uri cache-miss
1032 silly fetch manifest @jridgewell/sourcemap-codec@^1.4.14
1033 silly packumentCache full:https://registry.npmjs.org/@jridgewell%2fsourcemap-codec cache-miss
1034 http cache https://registry.npmjs.org/@jridgewell%2fresolve-uri 6ms (cache hit)
1035 silly packumentCache full:https://registry.npmjs.org/@jridgewell%2fresolve-uri set size:57361 disposed:false
1036 http cache https://registry.npmjs.org/@jridgewell%2fsourcemap-codec 7ms (cache hit)
1037 silly packumentCache full:https://registry.npmjs.org/@jridgewell%2fsourcemap-codec set size:59275 disposed:false
1038 http cache https://registry.npmjs.org/@jridgewell%2fsourcemap-codec 9ms (cache hit)
1039 silly packumentCache full:https://registry.npmjs.org/@jridgewell%2fsourcemap-codec set size:59275 disposed:false
1040 silly packumentCache full:https://registry.npmjs.org/@jridgewell%2fsourcemap-codec dispose
1041 silly placeDep ROOT @babel/helper-string-parser@7.27.1 OK for: @babel/types@7.29.0 want: ^7.27.1
1042 silly placeDep ROOT @emotion/sheet@1.4.0 OK for: @emotion/cache@11.14.0 want: ^1.4.0
1043 silly placeDep ROOT @emotion/unitless@0.10.0 OK for: @emotion/serialize@1.3.3 want: ^0.10.0
1044 silly placeDep ROOT csstype@3.2.3 OK for: @emotion/serialize@1.3.3 want: ^3.0.2
1045 silly placeDep ROOT @emotion/is-prop-valid@1.4.0 OK for: @emotion/styled@11.14.1 want: ^1.3.0
1046 silly placeDep ROOT @jridgewell/sourcemap-codec@1.5.5 OK for: @jridgewell/gen-mapping@0.3.13 want: ^1.5.0
1047 silly placeDep ROOT @jridgewell/resolve-uri@3.1.2 OK for: @jridgewell/trace-mapping@0.3.31 want: ^3.1.0
1048 silly fetch manifest react@^17.0.0 || ^18.0.0 || ^19.0.0
1049 silly packumentCache full:https://registry.npmjs.org/react cache-miss
1050 http cache https://registry.npmjs.org/react 10ms (cache hit)
1051 silly packumentCache full:https://registry.npmjs.org/react set size:6504076 disposed:false
1052 silly fetch manifest @emotion/react@^11.5.0
1053 silly packumentCache full:https://registry.npmjs.org/@emotion%2freact cache-hit
1054 silly fetch manifest @emotion/styled@^11.3.0
1055 silly packumentCache full:https://registry.npmjs.org/@emotion%2fstyled cache-hit
1056 silly fetch manifest react-dom@^17.0.0 || ^18.0.0 || ^19.0.0
1057 silly packumentCache full:https://registry.npmjs.org/react-dom cache-miss
1058 http cache https://registry.npmjs.org/react-dom 11ms (cache hit)
1059 silly packumentCache full:https://registry.npmjs.org/react-dom set size:8617570 disposed:false
1060 silly placeDep ROOT @mui/core-downloads-tracker@7.3.8 OK for: @mui/material@7.3.5 want: ^7.3.5
1061 silly placeDep ROOT @mui/system@7.3.8 OK for: @mui/material@7.3.5 want: ^7.3.5
1062 silly placeDep ROOT @mui/types@7.4.11 OK for: @mui/material@7.3.5 want: ^7.4.8
1063 silly placeDep ROOT @mui/utils@7.3.8 OK for: @mui/material@7.3.5 want: ^7.3.5
1064 silly placeDep ROOT @types/react-transition-group@4.4.12 OK for: @mui/material@7.3.5 want: ^4.4.12
1065 silly placeDep ROOT @types/react@19.2.14 OK for: @types/react-transition-group@4.4.12 want: *
1066 silly placeDep ROOT prop-types@15.8.1 OK for: @mui/material@7.3.5 want: ^15.8.1
1067 silly placeDep ROOT react-is@19.2.4 OK for: @mui/material@7.3.5 want: ^19.2.0
1068 silly placeDep ROOT react-transition-group@4.4.5 OK for: @mui/material@7.3.5 want: ^4.4.5
1069 silly fetch manifest @mui/types@^7.4.11
1070 silly packumentCache full:https://registry.npmjs.org/@mui%2ftypes cache-hit
1071 silly fetch manifest @mui/utils@^7.3.8
1072 silly packumentCache full:https://registry.npmjs.org/@mui%2futils cache-hit
1073 silly fetch manifest @mui/styled-engine@^7.3.8
1074 silly packumentCache full:https://registry.npmjs.org/@mui%2fstyled-engine cache-miss
1075 silly fetch manifest @mui/private-theming@^7.3.8
1076 silly packumentCache full:https://registry.npmjs.org/@mui%2fprivate-theming cache-miss
1077 silly fetch manifest react-is@^19.2.3
1078 silly packumentCache full:https://registry.npmjs.org/react-is cache-miss
1079 silly fetch manifest @types/prop-types@^15.7.15
1080 silly packumentCache full:https://registry.npmjs.org/@types%2fprop-types cache-miss
1081 silly fetch manifest loose-envify@^1.4.0
1082 silly packumentCache full:https://registry.npmjs.org/loose-envify cache-hit
1083 silly fetch manifest object-assign@^4.1.1
1084 silly packumentCache full:https://registry.npmjs.org/object-assign cache-miss
1085 silly fetch manifest react-is@^16.13.1
1086 silly packumentCache full:https://registry.npmjs.org/react-is cache-miss
1087 silly fetch manifest dom-helpers@^5.0.1
1088 silly packumentCache full:https://registry.npmjs.org/dom-helpers cache-miss
1089 http cache https://registry.npmjs.org/@mui%2fprivate-theming 10ms (cache hit)
1090 silly packumentCache full:https://registry.npmjs.org/@mui%2fprivate-theming set size:453742 disposed:false
1091 http cache https://registry.npmjs.org/@types%2fprop-types 13ms (cache hit)
1092 silly packumentCache full:https://registry.npmjs.org/@types%2fprop-types set size:53942 disposed:false
1093 http cache https://registry.npmjs.org/react-is 22ms (cache hit)
1094 silly packumentCache full:https://registry.npmjs.org/react-is set size:5266703 disposed:false
1095 http cache https://registry.npmjs.org/@mui%2fstyled-engine 45ms (cache hit)
1096 silly packumentCache full:https://registry.npmjs.org/@mui%2fstyled-engine set size:427195 disposed:false
1097 http cache https://registry.npmjs.org/react-is 55ms (cache hit)
1098 silly packumentCache full:https://registry.npmjs.org/react-is set size:5266703 disposed:false
1099 http cache https://registry.npmjs.org/object-assign 77ms (cache hit)
1100 silly packumentCache full:https://registry.npmjs.org/object-assign set size:28988 disposed:false
1101 http cache https://registry.npmjs.org/dom-helpers 76ms (cache hit)
1102 silly packumentCache full:https://registry.npmjs.org/dom-helpers set size:76331 disposed:false
1103 silly placeDep ROOT @mui/private-theming@7.3.8 OK for: @mui/system@7.3.8 want: ^7.3.8
1104 silly placeDep ROOT @mui/styled-engine@7.3.8 OK for: @mui/system@7.3.8 want: ^7.3.8
1105 silly placeDep ROOT @types/prop-types@15.7.15 OK for: @mui/utils@7.3.8 want: ^15.7.15
1106 silly fetch manifest react@^16.8 || ^17.0 || ^18.0 || ^19.0 || ^19.0.0-rc
1107 silly packumentCache full:https://registry.npmjs.org/react cache-miss
1108 http cache https://registry.npmjs.org/react 8ms (cache hit)
1109 silly packumentCache full:https://registry.npmjs.org/react set size:6504076 disposed:false
1110 silly fetch manifest react-dom@^16.8 || ^17.0 || ^18.0 || ^19.0 || ^19.0.0-rc
1111 silly packumentCache full:https://registry.npmjs.org/react-dom cache-miss
1112 http cache https://registry.npmjs.org/react-dom 11ms (cache hit)
1113 silly packumentCache full:https://registry.npmjs.org/react-dom set size:8617570 disposed:false
1114 silly placeDep ROOT @radix-ui/primitive@1.1.1 OK for: @radix-ui/react-accordion@1.2.3 want: 1.1.1
1115 silly placeDep ROOT @radix-ui/react-collection@1.1.2 OK for: @radix-ui/react-accordion@1.2.3 want: 1.1.2
1116 silly placeDep ROOT @radix-ui/react-compose-refs@1.1.1 OK for: @radix-ui/react-accordion@1.2.3 want: 1.1.1
1117 silly placeDep ROOT @radix-ui/react-context@1.1.1 OK for: @radix-ui/react-accordion@1.2.3 want: 1.1.1
1118 silly placeDep ROOT @radix-ui/react-direction@1.1.0 OK for: @radix-ui/react-accordion@1.2.3 want: 1.1.0
1119 silly placeDep ROOT @radix-ui/react-id@1.1.0 OK for: @radix-ui/react-accordion@1.2.3 want: 1.1.0
1120 silly placeDep ROOT @radix-ui/react-primitive@2.0.2 OK for: @radix-ui/react-accordion@1.2.3 want: 2.0.2
1121 silly placeDep ROOT @radix-ui/react-use-controllable-state@1.1.0 OK for: @radix-ui/react-accordion@1.2.3 want: 1.1.0
1122 silly placeDep ROOT @radix-ui/react-use-callback-ref@1.1.0 OK for: @radix-ui/react-avatar@1.1.3 want: 1.1.0
1123 silly placeDep ROOT @radix-ui/react-use-layout-effect@1.1.0 OK for: @radix-ui/react-avatar@1.1.3 want: 1.1.0
1124 silly placeDep ROOT @radix-ui/react-presence@1.1.2 OK for: @radix-ui/react-checkbox@1.1.4 want: 1.1.2
1125 silly placeDep ROOT @radix-ui/react-use-previous@1.1.0 OK for: @radix-ui/react-checkbox@1.1.4 want: 1.1.0
1126 silly placeDep ROOT @radix-ui/react-use-size@1.1.0 OK for: @radix-ui/react-checkbox@1.1.4 want: 1.1.0
1127 silly placeDep ROOT @radix-ui/react-menu@2.1.6 OK for: @radix-ui/react-context-menu@2.2.6 want: 2.1.6
1128 silly placeDep ROOT @radix-ui/react-dismissable-layer@1.1.5 OK for: @radix-ui/react-dialog@1.1.6 want: 1.1.5
1129 silly placeDep ROOT @radix-ui/react-focus-guards@1.1.1 OK for: @radix-ui/react-dialog@1.1.6 want: 1.1.1
1130 silly placeDep ROOT @radix-ui/react-focus-scope@1.1.2 OK for: @radix-ui/react-dialog@1.1.6 want: 1.1.2
1131 silly placeDep ROOT @radix-ui/react-portal@1.1.4 OK for: @radix-ui/react-dialog@1.1.6 want: 1.1.4
1132 silly placeDep ROOT aria-hidden@1.2.6 OK for: @radix-ui/react-dialog@1.1.6 want: ^1.2.4
1133 silly placeDep ROOT react-remove-scroll@2.7.2 OK for: @radix-ui/react-dialog@1.1.6 want: ^2.6.3
1134 silly fetch manifest @radix-ui/react-use-escape-keydown@1.1.0
1135 silly packumentCache full:https://registry.npmjs.org/@radix-ui%2freact-use-escape-keydown cache-miss
1136 silly fetch manifest tslib@^2.0.0
1137 silly packumentCache full:https://registry.npmjs.org/tslib cache-hit
1138 silly fetch manifest react-remove-scroll-bar@^2.3.7
1139 silly packumentCache full:https://registry.npmjs.org/react-remove-scroll-bar cache-miss
1140 silly fetch manifest react-style-singleton@^2.2.3
1141 silly packumentCache full:https://registry.npmjs.org/react-style-singleton cache-miss
1142 silly fetch manifest tslib@^2.1.0
1143 silly packumentCache full:https://registry.npmjs.org/tslib cache-hit
1144 silly fetch manifest use-callback-ref@^1.3.3
1145 silly packumentCache full:https://registry.npmjs.org/use-callback-ref cache-miss
1146 silly fetch manifest use-sidecar@^1.1.3
1147 silly packumentCache full:https://registry.npmjs.org/use-sidecar cache-miss
1148 http cache https://registry.npmjs.org/use-callback-ref 4ms (cache hit)
1149 silly packumentCache full:https://registry.npmjs.org/use-callback-ref set size:47599 disposed:false
1150 http cache https://registry.npmjs.org/react-style-singleton 4ms (cache hit)
1151 silly packumentCache full:https://registry.npmjs.org/react-style-singleton set size:33682 disposed:false
1152 http cache https://registry.npmjs.org/use-sidecar 4ms (cache hit)
1153 silly packumentCache full:https://registry.npmjs.org/use-sidecar set size:58998 disposed:false
1154 http cache https://registry.npmjs.org/@radix-ui%2freact-use-escape-keydown 6ms (cache hit)
1155 silly packumentCache full:https://registry.npmjs.org/@radix-ui%2freact-use-escape-keydown set size:278235 disposed:false
1156 http cache https://registry.npmjs.org/react-remove-scroll-bar 7ms (cache hit)
1157 silly packumentCache full:https://registry.npmjs.org/react-remove-scroll-bar set size:66434 disposed:false
1158 silly placeDep ROOT @radix-ui/react-use-escape-keydown@1.1.0 OK for: @radix-ui/react-dismissable-layer@1.1.5 want: 1.1.0
1159 silly placeDep ROOT @radix-ui/react-popper@1.2.2 OK for: @radix-ui/react-hover-card@1.1.6 want: 1.2.2
1160 silly fetch manifest @radix-ui/rect@1.1.0
1161 silly packumentCache full:https://registry.npmjs.org/@radix-ui%2frect cache-miss
1162 silly fetch manifest @radix-ui/react-arrow@1.1.2
1163 silly packumentCache full:https://registry.npmjs.org/@radix-ui%2freact-arrow cache-miss
1164 silly fetch manifest @floating-ui/react-dom@^2.0.0
1165 silly packumentCache full:https://registry.npmjs.org/@floating-ui%2freact-dom cache-miss
1166 silly fetch manifest @radix-ui/react-use-rect@1.1.0
1167 silly packumentCache full:https://registry.npmjs.org/@radix-ui%2freact-use-rect cache-miss
1168 http cache https://registry.npmjs.org/@radix-ui%2frect 5ms (cache hit)
1169 silly packumentCache full:https://registry.npmjs.org/@radix-ui%2frect set size:101360 disposed:false
1170 http cache https://registry.npmjs.org/@radix-ui%2freact-arrow 6ms (cache hit)
1171 silly packumentCache full:https://registry.npmjs.org/@radix-ui%2freact-arrow set size:584244 disposed:false
1172 http cache https://registry.npmjs.org/@floating-ui%2freact-dom 8ms (cache hit)
1173 silly packumentCache full:https://registry.npmjs.org/@floating-ui%2freact-dom set size:161986 disposed:false
1174 http cache https://registry.npmjs.org/@radix-ui%2freact-use-rect 9ms (cache hit)
1175 silly packumentCache full:https://registry.npmjs.org/@radix-ui%2freact-use-rect set size:226040 disposed:false
1176 silly placeDep ROOT @radix-ui/react-roving-focus@1.1.2 OK for: @radix-ui/react-menu@2.1.6 want: 1.1.2
1177 silly placeDep ROOT @radix-ui/react-visually-hidden@1.1.2 OK for: @radix-ui/react-navigation-menu@1.2.5 want: 1.1.2
1178 silly placeDep ROOT @floating-ui/react-dom@2.1.7 OK for: @radix-ui/react-popper@1.2.2 want: ^2.0.0
1179 silly placeDep ROOT @radix-ui/react-arrow@1.1.2 OK for: @radix-ui/react-popper@1.2.2 want: 1.1.2
1180 silly placeDep ROOT @radix-ui/react-use-rect@1.1.0 OK for: @radix-ui/react-popper@1.2.2 want: 1.1.0
1181 silly placeDep ROOT @radix-ui/rect@1.1.0 OK for: @radix-ui/react-popper@1.2.2 want: 1.1.0
1182 silly fetch manifest @floating-ui/dom@^1.7.5
1183 silly packumentCache full:https://registry.npmjs.org/@floating-ui%2fdom cache-miss
1184 http cache https://registry.npmjs.org/@floating-ui%2fdom 3ms (cache hit)
1185 silly packumentCache full:https://registry.npmjs.org/@floating-ui%2fdom set size:248610 disposed:false
1186 silly placeDep ROOT @floating-ui/dom@1.7.5 OK for: @floating-ui/react-dom@2.1.7 want: ^1.7.5
1187 silly fetch manifest @floating-ui/core@^1.7.4
1188 silly packumentCache full:https://registry.npmjs.org/@floating-ui%2fcore cache-miss
1189 silly fetch manifest @floating-ui/utils@^0.2.10
1190 silly packumentCache full:https://registry.npmjs.org/@floating-ui%2futils cache-miss
1191 http cache https://registry.npmjs.org/@floating-ui%2futils 1ms (cache hit)
1192 silly packumentCache full:https://registry.npmjs.org/@floating-ui%2futils set size:48234 disposed:false
1193 http cache https://registry.npmjs.org/@floating-ui%2fcore 3ms (cache hit)
1194 silly packumentCache full:https://registry.npmjs.org/@floating-ui%2fcore set size:176509 disposed:false
1195 silly placeDep ROOT @floating-ui/core@1.7.4 OK for: @floating-ui/dom@1.7.5 want: ^1.7.4
1196 silly placeDep ROOT @floating-ui/utils@0.2.10 OK for: @floating-ui/dom@1.7.5 want: ^0.2.10
1197 silly placeDep ROOT @radix-ui/number@1.1.0 OK for: @radix-ui/react-scroll-area@1.2.3 want: 1.1.0
1198 silly placeDep ROOT @supabase/auth-js@2.97.0 OK for: @supabase/supabase-js@2.97.0 want: 2.97.0
1199 silly placeDep ROOT @supabase/functions-js@2.97.0 OK for: @supabase/supabase-js@2.97.0 want: 2.97.0
1200 silly placeDep ROOT @supabase/postgrest-js@2.97.0 OK for: @supabase/supabase-js@2.97.0 want: 2.97.0
1201 silly placeDep ROOT @supabase/realtime-js@2.97.0 OK for: @supabase/supabase-js@2.97.0 want: 2.97.0
1202 silly placeDep ROOT @supabase/storage-js@2.97.0 OK for: @supabase/supabase-js@2.97.0 want: 2.97.0
1203 silly fetch manifest tslib@2.8.1
1204 silly packumentCache full:https://registry.npmjs.org/tslib cache-hit
1205 silly fetch manifest tslib@2.8.1
1206 silly packumentCache full:https://registry.npmjs.org/tslib cache-hit
1207 silly fetch manifest tslib@2.8.1
1208 silly packumentCache full:https://registry.npmjs.org/tslib cache-hit
1209 silly fetch manifest ws@^8.18.2
1210 silly packumentCache full:https://registry.npmjs.org/ws cache-miss
1211 silly fetch manifest tslib@2.8.1
1212 silly packumentCache full:https://registry.npmjs.org/tslib cache-hit
1213 silly fetch manifest @types/ws@^8.18.1
1214 silly packumentCache full:https://registry.npmjs.org/@types%2fws cache-miss
1215 silly fetch manifest @types/phoenix@^1.6.6
1216 silly packumentCache full:https://registry.npmjs.org/@types%2fphoenix cache-miss
1217 silly fetch manifest tslib@2.8.1
1218 silly packumentCache full:https://registry.npmjs.org/tslib cache-hit
1219 silly fetch manifest iceberg-js@^0.8.1
1220 silly packumentCache full:https://registry.npmjs.org/iceberg-js cache-miss
1221 http cache https://registry.npmjs.org/iceberg-js 3ms (cache hit)
1222 silly packumentCache full:https://registry.npmjs.org/iceberg-js set size:32835 disposed:false
1223 http cache https://registry.npmjs.org/@types%2fws 5ms (cache hit)
1224 silly packumentCache full:https://registry.npmjs.org/@types%2fws set size:167959 disposed:false
1225 http cache https://registry.npmjs.org/@types%2fphoenix 5ms (cache hit)
1226 silly packumentCache full:https://registry.npmjs.org/@types%2fphoenix set size:50552 disposed:false
1227 http cache https://registry.npmjs.org/ws 7ms (cache hit)
1228 silly packumentCache full:https://registry.npmjs.org/ws set size:413307 disposed:false
1229 silly placeDep ROOT tslib@2.8.1 OK for: @supabase/auth-js@2.97.0 want: 2.8.1
1230 silly fetch manifest bufferutil@^4.0.1
1231 silly packumentCache full:https://registry.npmjs.org/bufferutil cache-miss
1232 http cache https://registry.npmjs.org/bufferutil 3ms (cache hit)
1233 silly packumentCache full:https://registry.npmjs.org/bufferutil set size:52763 disposed:false
1234 silly fetch manifest utf-8-validate@>=5.0.2
1235 silly packumentCache full:https://registry.npmjs.org/utf-8-validate cache-miss
1236 http cache https://registry.npmjs.org/utf-8-validate 2ms (cache hit)
1237 silly packumentCache full:https://registry.npmjs.org/utf-8-validate set size:77148 disposed:false
1238 silly placeDep ROOT @types/phoenix@1.6.7 OK for: @supabase/realtime-js@2.97.0 want: ^1.6.6
1239 silly placeDep ROOT @types/ws@8.18.1 OK for: @supabase/realtime-js@2.97.0 want: ^8.18.1
1240 silly placeDep ROOT ws@8.19.0 OK for: @supabase/realtime-js@2.97.0 want: ^8.18.2
1241 silly fetch manifest @types/node@*
1242 silly packumentCache full:https://registry.npmjs.org/@types%2fnode cache-miss
1243 http cache https://registry.npmjs.org/@types%2fnode 13ms (cache hit)
1244 silly packumentCache full:https://registry.npmjs.org/@types%2fnode set size:10864169 disposed:false
1245 silly placeDep ROOT iceberg-js@0.8.1 OK for: @supabase/storage-js@2.97.0 want: ^0.8.1
1246 silly placeDep ROOT @tailwindcss/node@4.1.12 OK for: @tailwindcss/vite@4.1.12 want: 4.1.12
1247 silly placeDep ROOT @tailwindcss/oxide@4.1.12 OK for: @tailwindcss/vite@4.1.12 want: 4.1.12
1248 silly fetch manifest jiti@^2.5.1
1249 silly packumentCache full:https://registry.npmjs.org/jiti cache-hit
1250 silly fetch manifest lightningcss@1.30.1
1251 silly packumentCache full:https://registry.npmjs.org/lightningcss cache-hit
1252 silly fetch manifest magic-string@^0.30.17
1253 silly packumentCache full:https://registry.npmjs.org/magic-string cache-miss
1254 silly fetch manifest source-map-js@^1.2.1
1255 silly packumentCache full:https://registry.npmjs.org/source-map-js cache-miss
1256 silly fetch manifest enhanced-resolve@^5.18.3
1257 silly packumentCache full:https://registry.npmjs.org/enhanced-resolve cache-miss
1258 silly fetch manifest @jridgewell/remapping@^2.3.4
1259 silly packumentCache full:https://registry.npmjs.org/@jridgewell%2fremapping cache-miss
1260 silly fetch manifest tar@^7.4.3
1261 silly packumentCache full:https://registry.npmjs.org/tar cache-miss
1262 silly fetch manifest detect-libc@^2.0.4
1263 silly packumentCache full:https://registry.npmjs.org/detect-libc cache-miss
1264 silly fetch manifest @tailwindcss/oxide-darwin-x64@4.1.12
1265 silly packumentCache full:https://registry.npmjs.org/@tailwindcss%2foxide-darwin-x64 cache-miss
1266 silly fetch manifest @tailwindcss/oxide-freebsd-x64@4.1.12
1267 silly packumentCache full:https://registry.npmjs.org/@tailwindcss%2foxide-freebsd-x64 cache-miss
1268 silly fetch manifest @tailwindcss/oxide-wasm32-wasi@4.1.12
1269 silly packumentCache full:https://registry.npmjs.org/@tailwindcss%2foxide-wasm32-wasi cache-miss
1270 http cache https://registry.npmjs.org/enhanced-resolve 13ms (cache hit)
1271 silly packumentCache full:https://registry.npmjs.org/enhanced-resolve set size:349613 disposed:false
1272 silly fetch manifest @tailwindcss/oxide-darwin-arm64@4.1.12
1273 silly packumentCache full:https://registry.npmjs.org/@tailwindcss%2foxide-darwin-arm64 cache-miss
1274 http cache https://registry.npmjs.org/magic-string 17ms (cache hit)
1275 silly packumentCache full:https://registry.npmjs.org/magic-string set size:331817 disposed:false
1276 silly fetch manifest @tailwindcss/oxide-android-arm64@4.1.12
1277 silly packumentCache full:https://registry.npmjs.org/@tailwindcss%2foxide-android-arm64 cache-miss
1278 http cache https://registry.npmjs.org/source-map-js 18ms (cache hit)
1279 silly packumentCache full:https://registry.npmjs.org/source-map-js set size:62640 disposed:false
1280 silly fetch manifest @tailwindcss/oxide-linux-x64-gnu@4.1.12
1281 silly packumentCache full:https://registry.npmjs.org/@tailwindcss%2foxide-linux-x64-gnu cache-miss
1282 http cache https://registry.npmjs.org/@jridgewell%2fremapping 20ms (cache hit)
1283 silly packumentCache full:https://registry.npmjs.org/@jridgewell%2fremapping set size:23809 disposed:false
1284 silly fetch manifest @tailwindcss/oxide-linux-x64-musl@4.1.12
1285 silly packumentCache full:https://registry.npmjs.org/@tailwindcss%2foxide-linux-x64-musl cache-miss
1286 http cache https://registry.npmjs.org/detect-libc 21ms (cache hit)
1287 silly packumentCache full:https://registry.npmjs.org/detect-libc set size:47861 disposed:false
1288 silly fetch manifest @tailwindcss/oxide-win32-x64-msvc@4.1.12
1289 silly packumentCache full:https://registry.npmjs.org/@tailwindcss%2foxide-win32-x64-msvc cache-miss
1290 http cache https://registry.npmjs.org/tar 23ms (cache hit)
1291 silly packumentCache full:https://registry.npmjs.org/tar set size:501367 disposed:false
1292 silly fetch manifest @tailwindcss/oxide-linux-arm64-gnu@4.1.12
1293 silly packumentCache full:https://registry.npmjs.org/@tailwindcss%2foxide-linux-arm64-gnu cache-miss
1294 http cache https://registry.npmjs.org/@tailwindcss%2foxide-darwin-x64 28ms (cache hit)
1295 silly packumentCache full:https://registry.npmjs.org/@tailwindcss%2foxide-darwin-x64 set size:2562229 disposed:false
1296 silly fetch manifest @tailwindcss/oxide-linux-arm64-musl@4.1.12
1297 silly packumentCache full:https://registry.npmjs.org/@tailwindcss%2foxide-linux-arm64-musl cache-miss
1298 http cache https://registry.npmjs.org/@tailwindcss%2foxide-freebsd-x64 38ms (cache hit)
1299 silly packumentCache full:https://registry.npmjs.org/@tailwindcss%2foxide-freebsd-x64 set size:2575035 disposed:false
1300 silly fetch manifest @tailwindcss/oxide-win32-arm64-msvc@4.1.12
1301 silly packumentCache full:https://registry.npmjs.org/@tailwindcss%2foxide-win32-arm64-msvc cache-miss
1302 http cache https://registry.npmjs.org/@tailwindcss%2foxide-wasm32-wasi 47ms (cache hit)
1303 silly packumentCache full:https://registry.npmjs.org/@tailwindcss%2foxide-wasm32-wasi set size:1117227 disposed:false
1304 silly fetch manifest @tailwindcss/oxide-linux-arm-gnueabihf@4.1.12
1305 silly packumentCache full:https://registry.npmjs.org/@tailwindcss%2foxide-linux-arm-gnueabihf cache-miss
1306 http cache https://registry.npmjs.org/@tailwindcss%2foxide-android-arm64 38ms (cache hit)
1307 silly packumentCache full:https://registry.npmjs.org/@tailwindcss%2foxide-android-arm64 set size:1733467 disposed:false
1308 http cache https://registry.npmjs.org/@tailwindcss%2foxide-darwin-arm64 51ms (cache hit)
1309 silly packumentCache full:https://registry.npmjs.org/@tailwindcss%2foxide-darwin-arm64 set size:2594459 disposed:false
1310 http cache https://registry.npmjs.org/@tailwindcss%2foxide-linux-x64-musl 55ms (cache hit)
1311 silly packumentCache full:https://registry.npmjs.org/@tailwindcss%2foxide-linux-x64-musl set size:2622403 disposed:false
1312 http cache https://registry.npmjs.org/@tailwindcss%2foxide-linux-x64-gnu 66ms (cache hit)
1313 silly packumentCache full:https://registry.npmjs.org/@tailwindcss%2foxide-linux-x64-gnu set size:2614825 disposed:false
1314 http cache https://registry.npmjs.org/@tailwindcss%2foxide-linux-arm64-musl 60ms (cache hit)
1315 silly packumentCache full:https://registry.npmjs.org/@tailwindcss%2foxide-linux-arm64-musl set size:2647987 disposed:false
1316 http cache https://registry.npmjs.org/@tailwindcss%2foxide-win32-x64-msvc 85ms (cache hit)
1317 silly packumentCache full:https://registry.npmjs.org/@tailwindcss%2foxide-win32-x64-msvc set size:2597937 disposed:false
1318 http cache https://registry.npmjs.org/@tailwindcss%2foxide-linux-arm64-gnu 94ms (cache hit)
1319 silly packumentCache full:https://registry.npmjs.org/@tailwindcss%2foxide-linux-arm64-gnu set size:2638153 disposed:false
1320 http cache https://registry.npmjs.org/@tailwindcss%2foxide-win32-arm64-msvc 83ms (cache hit)
1321 silly packumentCache full:https://registry.npmjs.org/@tailwindcss%2foxide-win32-arm64-msvc set size:1705779 disposed:false
1322 http cache https://registry.npmjs.org/@tailwindcss%2foxide-linux-arm-gnueabihf 90ms (cache hit)
1323 silly packumentCache full:https://registry.npmjs.org/@tailwindcss%2foxide-linux-arm-gnueabihf set size:2660363 disposed:false
1324 silly placeDep ROOT @jridgewell/remapping@2.3.5 OK for: @tailwindcss/node@4.1.12 want: ^2.3.4
1325 silly placeDep ROOT enhanced-resolve@5.19.0 OK for: @tailwindcss/node@4.1.12 want: ^5.18.3
1326 silly placeDep ROOT jiti@2.6.1 OK for: @tailwindcss/node@4.1.12 want: ^2.5.1
1327 silly placeDep ROOT lightningcss@1.30.1 OK for: @tailwindcss/node@4.1.12 want: 1.30.1
1328 silly placeDep ROOT magic-string@0.30.21 OK for: @tailwindcss/node@4.1.12 want: ^0.30.17
1329 silly placeDep ROOT source-map-js@1.2.1 OK for: @tailwindcss/node@4.1.12 want: ^1.2.1
1330 silly fetch manifest graceful-fs@^4.2.4
1331 silly packumentCache full:https://registry.npmjs.org/graceful-fs cache-miss
1332 silly fetch manifest tapable@^2.3.0
1333 silly packumentCache full:https://registry.npmjs.org/tapable cache-miss
1334 silly fetch manifest detect-libc@^2.0.3
1335 silly packumentCache full:https://registry.npmjs.org/detect-libc cache-hit
1336 silly fetch manifest lightningcss-darwin-x64@1.30.1
1337 silly packumentCache full:https://registry.npmjs.org/lightningcss-darwin-x64 cache-miss
1338 silly fetch manifest lightningcss-freebsd-x64@1.30.1
1339 silly packumentCache full:https://registry.npmjs.org/lightningcss-freebsd-x64 cache-miss
1340 silly fetch manifest lightningcss-darwin-arm64@1.30.1
1341 silly packumentCache full:https://registry.npmjs.org/lightningcss-darwin-arm64 cache-miss
1342 silly fetch manifest lightningcss-linux-x64-gnu@1.30.1
1343 silly packumentCache full:https://registry.npmjs.org/lightningcss-linux-x64-gnu cache-miss
1344 silly fetch manifest lightningcss-linux-x64-musl@1.30.1
1345 silly packumentCache full:https://registry.npmjs.org/lightningcss-linux-x64-musl cache-miss
1346 silly fetch manifest lightningcss-win32-x64-msvc@1.30.1
1347 silly packumentCache full:https://registry.npmjs.org/lightningcss-win32-x64-msvc cache-miss
1348 silly fetch manifest lightningcss-linux-arm64-gnu@1.30.1
1349 silly packumentCache full:https://registry.npmjs.org/lightningcss-linux-arm64-gnu cache-miss
1350 http cache https://registry.npmjs.org/tapable 5ms (cache hit)
1351 silly packumentCache full:https://registry.npmjs.org/tapable set size:110375 disposed:false
1352 silly fetch manifest lightningcss-linux-arm64-musl@1.30.1
1353 silly packumentCache full:https://registry.npmjs.org/lightningcss-linux-arm64-musl cache-miss
1354 http cache https://registry.npmjs.org/lightningcss-linux-x64-gnu 7ms (cache hit)
1355 silly packumentCache full:https://registry.npmjs.org/lightningcss-linux-x64-gnu set size:78391 disposed:false
1356 silly fetch manifest lightningcss-win32-arm64-msvc@1.30.1
1357 silly packumentCache full:https://registry.npmjs.org/lightningcss-win32-arm64-msvc cache-miss
1358 http cache https://registry.npmjs.org/lightningcss-freebsd-x64 8ms (cache hit)
1359 silly packumentCache full:https://registry.npmjs.org/lightningcss-freebsd-x64 set size:41190 disposed:false
1360 silly fetch manifest lightningcss-linux-arm-gnueabihf@1.30.1
1361 silly packumentCache full:https://registry.npmjs.org/lightningcss-linux-arm-gnueabihf cache-miss
1362 http cache https://registry.npmjs.org/graceful-fs 9ms (cache hit)
1363 silly packumentCache full:https://registry.npmjs.org/graceful-fs set size:124285 disposed:false
1364 http cache https://registry.npmjs.org/lightningcss-darwin-arm64 10ms (cache hit)
1365 silly packumentCache full:https://registry.npmjs.org/lightningcss-darwin-arm64 set size:77583 disposed:false
1366 http cache https://registry.npmjs.org/lightningcss-win32-x64-msvc 10ms (cache hit)
1367 silly packumentCache full:https://registry.npmjs.org/lightningcss-win32-x64-msvc set size:77943 disposed:false
1368 http cache https://registry.npmjs.org/lightningcss-linux-arm64-gnu 9ms (cache hit)
1369 silly packumentCache full:https://registry.npmjs.org/lightningcss-linux-arm64-gnu set size:78941 disposed:false
1370 http cache https://registry.npmjs.org/lightningcss-darwin-x64 12ms (cache hit)
1371 silly packumentCache full:https://registry.npmjs.org/lightningcss-darwin-x64 set size:77015 disposed:false
1372 http cache https://registry.npmjs.org/lightningcss-linux-x64-musl 12ms (cache hit)
1373 silly packumentCache full:https://registry.npmjs.org/lightningcss-linux-x64-musl set size:78594 disposed:false
1374 http cache https://registry.npmjs.org/lightningcss-win32-arm64-msvc 7ms (cache hit)
1375 silly packumentCache full:https://registry.npmjs.org/lightningcss-win32-arm64-msvc set size:24914 disposed:false
1376 http cache https://registry.npmjs.org/lightningcss-linux-arm-gnueabihf 6ms (cache hit)
1377 silly packumentCache full:https://registry.npmjs.org/lightningcss-linux-arm-gnueabihf set size:79171 disposed:false
1378 http cache https://registry.npmjs.org/lightningcss-linux-arm64-musl 9ms (cache hit)
1379 silly packumentCache full:https://registry.npmjs.org/lightningcss-linux-arm64-musl set size:79156 disposed:false
1380 silly placeDep ROOT @tailwindcss/oxide-android-arm64@4.1.12 OK for: @tailwindcss/oxide@4.1.12 want: 4.1.12
1381 silly placeDep ROOT @tailwindcss/oxide-darwin-arm64@4.1.12 OK for: @tailwindcss/oxide@4.1.12 want: 4.1.12
1382 silly placeDep ROOT @tailwindcss/oxide-darwin-x64@4.1.12 OK for: @tailwindcss/oxide@4.1.12 want: 4.1.12
1383 silly placeDep ROOT @tailwindcss/oxide-freebsd-x64@4.1.12 OK for: @tailwindcss/oxide@4.1.12 want: 4.1.12
1384 silly placeDep ROOT @tailwindcss/oxide-linux-arm-gnueabihf@4.1.12 OK for: @tailwindcss/oxide@4.1.12 want: 4.1.12
1385 silly placeDep ROOT @tailwindcss/oxide-linux-arm64-gnu@4.1.12 OK for: @tailwindcss/oxide@4.1.12 want: 4.1.12
1386 silly placeDep ROOT @tailwindcss/oxide-linux-arm64-musl@4.1.12 OK for: @tailwindcss/oxide@4.1.12 want: 4.1.12
1387 silly placeDep ROOT @tailwindcss/oxide-linux-x64-gnu@4.1.12 OK for: @tailwindcss/oxide@4.1.12 want: 4.1.12
1388 silly placeDep ROOT @tailwindcss/oxide-linux-x64-musl@4.1.12 OK for: @tailwindcss/oxide@4.1.12 want: 4.1.12
1389 silly placeDep ROOT @tailwindcss/oxide-wasm32-wasi@4.1.12 OK for: @tailwindcss/oxide@4.1.12 want: 4.1.12
1390 silly placeDep ROOT @tailwindcss/oxide-win32-arm64-msvc@4.1.12 OK for: @tailwindcss/oxide@4.1.12 want: 4.1.12
1391 silly placeDep ROOT @tailwindcss/oxide-win32-x64-msvc@4.1.12 OK for: @tailwindcss/oxide@4.1.12 want: 4.1.12
1392 silly placeDep ROOT detect-libc@2.1.2 OK for: @tailwindcss/oxide@4.1.12 want: ^2.0.4
1393 silly placeDep ROOT tar@7.5.9 OK for: @tailwindcss/oxide@4.1.12 want: ^7.4.3
1394 silly fetch manifest @isaacs/fs-minipass@^4.0.0
1395 silly packumentCache full:https://registry.npmjs.org/@isaacs%2ffs-minipass cache-miss
1396 silly fetch manifest chownr@^3.0.0
1397 silly packumentCache full:https://registry.npmjs.org/chownr cache-miss
1398 silly fetch manifest minipass@^7.1.2
1399 silly packumentCache full:https://registry.npmjs.org/minipass cache-miss
1400 silly fetch manifest minizlib@^3.1.0
1401 silly packumentCache full:https://registry.npmjs.org/minizlib cache-miss
1402 silly fetch manifest yallist@^5.0.0
1403 silly packumentCache full:https://registry.npmjs.org/yallist cache-miss
1404 http cache https://registry.npmjs.org/minipass 3ms (cache hit)
1405 silly packumentCache full:https://registry.npmjs.org/minipass set size:276925 disposed:false
1406 http cache https://registry.npmjs.org/@isaacs%2ffs-minipass 6ms (cache hit)
1407 silly packumentCache full:https://registry.npmjs.org/@isaacs%2ffs-minipass set size:7912 disposed:false
1408 http cache https://registry.npmjs.org/chownr 6ms (cache hit)
1409 silly packumentCache full:https://registry.npmjs.org/chownr set size:22157 disposed:false
1410 http cache https://registry.npmjs.org/minizlib 6ms (cache hit)
1411 silly packumentCache full:https://registry.npmjs.org/minizlib set size:62862 disposed:false
1412 http cache https://registry.npmjs.org/yallist 7ms (cache hit)
1413 silly packumentCache full:https://registry.npmjs.org/yallist set size:34610 disposed:false
1414 silly placeDep ROOT @types/node@25.3.0 OK for: @types/ws@8.18.1 want: *
1415 silly fetch manifest undici-types@~7.18.0
1416 silly packumentCache full:https://registry.npmjs.org/undici-types cache-miss
1417 http cache https://registry.npmjs.org/undici-types 2ms (cache hit)
1418 silly packumentCache full:https://registry.npmjs.org/undici-types set size:171546 disposed:false
1419 silly placeDep ROOT undici-types@7.18.2 OK for: @types/node@25.3.0 want: ~7.18.0
1420 silly placeDep ROOT @babel/core@7.29.0 OK for: @vitejs/plugin-react@4.7.0 want: ^7.28.0
1421 silly placeDep ROOT @babel/plugin-transform-react-jsx-self@7.27.1 OK for: @vitejs/plugin-react@4.7.0 want: ^7.27.1
1422 silly placeDep ROOT @babel/plugin-transform-react-jsx-source@7.27.1 OK for: @vitejs/plugin-react@4.7.0 want: ^7.27.1
1423 silly placeDep ROOT @rolldown/pluginutils@1.0.0-beta.27 OK for: @vitejs/plugin-react@4.7.0 want: 1.0.0-beta.27
1424 silly placeDep ROOT @types/babel__core@7.20.5 OK for: @vitejs/plugin-react@4.7.0 want: ^7.20.5
1425 silly placeDep ROOT react-refresh@0.17.0 OK for: @vitejs/plugin-react@4.7.0 want: ^0.17.0
1426 silly fetch manifest json5@^2.2.3
1427 silly packumentCache full:https://registry.npmjs.org/json5 cache-miss
1428 silly fetch manifest semver@^6.3.1
1429 silly packumentCache full:https://registry.npmjs.org/semver cache-miss
1430 silly fetch manifest gensync@^1.0.0-beta.2
1431 silly packumentCache full:https://registry.npmjs.org/gensync cache-miss
1432 silly fetch manifest @babel/helpers@^7.28.6
1433 silly packumentCache full:https://registry.npmjs.org/@babel%2fhelpers cache-miss
1434 silly fetch manifest convert-source-map@^2.0.0
1435 silly packumentCache full:https://registry.npmjs.org/convert-source-map cache-hit
1436 silly fetch manifest @babel/helper-module-transforms@^7.28.6
1437 silly packumentCache full:https://registry.npmjs.org/@babel%2fhelper-module-transforms cache-miss
1438 silly fetch manifest @babel/helper-compilation-targets@^7.28.6
1439 silly packumentCache full:https://registry.npmjs.org/@babel%2fhelper-compilation-targets cache-miss
1440 silly fetch manifest @babel/helper-plugin-utils@^7.27.1
1441 silly packumentCache full:https://registry.npmjs.org/@babel%2fhelper-plugin-utils cache-miss
1442 silly fetch manifest @babel/helper-plugin-utils@^7.27.1
1443 silly packumentCache full:https://registry.npmjs.org/@babel%2fhelper-plugin-utils cache-miss
1444 silly fetch manifest @types/babel__template@*
1445 silly packumentCache full:https://registry.npmjs.org/@types%2fbabel__template cache-miss
1446 http cache https://registry.npmjs.org/semver 8ms (cache hit)
1447 silly packumentCache full:https://registry.npmjs.org/semver set size:229678 disposed:false
1448 silly fetch manifest @types/babel__traverse@*
1449 silly packumentCache full:https://registry.npmjs.org/@types%2fbabel__traverse cache-miss
1450 http cache https://registry.npmjs.org/@babel%2fhelper-module-transforms 9ms (cache hit)
1451 silly packumentCache full:https://registry.npmjs.org/@babel%2fhelper-module-transforms set size:331474 disposed:false
1452 silly fetch manifest @types/babel__generator@*
1453 silly packumentCache full:https://registry.npmjs.org/@types%2fbabel__generator cache-miss
1454 http cache https://registry.npmjs.org/@babel%2fhelpers 12ms (cache hit)
1455 silly packumentCache full:https://registry.npmjs.org/@babel%2fhelpers set size:384482 disposed:false
1456 http cache https://registry.npmjs.org/gensync 14ms (cache hit)
1457 silly packumentCache full:https://registry.npmjs.org/gensync set size:15068 disposed:false
1458 http cache https://registry.npmjs.org/@babel%2fhelper-plugin-utils 14ms (cache hit)
1459 silly packumentCache full:https://registry.npmjs.org/@babel%2fhelper-plugin-utils set size:162082 disposed:false
1460 http cache https://registry.npmjs.org/@types%2fbabel__template 14ms (cache hit)
1461 silly packumentCache full:https://registry.npmjs.org/@types%2fbabel__template set size:22631 disposed:false
1462 http cache https://registry.npmjs.org/@babel%2fhelper-plugin-utils 15ms (cache hit)
1463 silly packumentCache full:https://registry.npmjs.org/@babel%2fhelper-plugin-utils set size:162082 disposed:false
1464 silly packumentCache full:https://registry.npmjs.org/@babel%2fhelper-plugin-utils dispose
1465 http cache https://registry.npmjs.org/json5 17ms (cache hit)
1466 silly packumentCache full:https://registry.npmjs.org/json5 set size:86136 disposed:false
1467 http cache https://registry.npmjs.org/@babel%2fhelper-compilation-targets 17ms (cache hit)
1468 silly packumentCache full:https://registry.npmjs.org/@babel%2fhelper-compilation-targets set size:216684 disposed:false
1469 http cache https://registry.npmjs.org/@types%2fbabel__traverse 10ms (cache hit)
1470 silly packumentCache full:https://registry.npmjs.org/@types%2fbabel__traverse set size:107819 disposed:false
1471 http cache https://registry.npmjs.org/@types%2fbabel__generator 9ms (cache hit)
1472 silly packumentCache full:https://registry.npmjs.org/@types%2fbabel__generator set size:31587 disposed:false
1473 silly fetch manifest @babel/core@^7.0.0
1474 silly packumentCache full:https://registry.npmjs.org/@babel%2fcore cache-hit
1475 silly placeDep ROOT @babel/helper-compilation-targets@7.28.6 OK for: @babel/core@7.29.0 want: ^7.28.6
1476 silly placeDep ROOT @babel/helper-module-transforms@7.28.6 OK for: @babel/core@7.29.0 want: ^7.28.6
1477 silly placeDep ROOT @babel/helpers@7.28.6 OK for: @babel/core@7.29.0 want: ^7.28.6
1478 silly placeDep node_modules/@babel/core convert-source-map@2.0.0 OK for: @babel/core@7.29.0 want: ^2.0.0
1479 silly placeDep ROOT gensync@1.0.0-beta.2 OK for: @babel/core@7.29.0 want: ^1.0.0-beta.2
1480 silly placeDep ROOT json5@2.2.3 OK for: @babel/core@7.29.0 want: ^2.2.3
1481 silly placeDep ROOT semver@6.3.1 OK for: @babel/core@7.29.0 want: ^6.3.1
1482 silly fetch manifest lru-cache@^5.1.1
1483 silly packumentCache full:https://registry.npmjs.org/lru-cache cache-miss
1484 silly fetch manifest browserslist@^4.24.0
1485 silly packumentCache full:https://registry.npmjs.org/browserslist cache-miss
1486 silly fetch manifest @babel/compat-data@^7.28.6
1487 silly packumentCache full:https://registry.npmjs.org/@babel%2fcompat-data cache-miss
1488 silly fetch manifest @babel/helper-validator-option@^7.27.1
1489 silly packumentCache full:https://registry.npmjs.org/@babel%2fhelper-validator-option cache-miss
1490 http cache https://registry.npmjs.org/browserslist 3ms (cache hit)
1491 silly packumentCache full:https://registry.npmjs.org/browserslist set size:502989 disposed:false
1492 http cache https://registry.npmjs.org/@babel%2fhelper-validator-option 6ms (cache hit)
1493 silly packumentCache full:https://registry.npmjs.org/@babel%2fhelper-validator-option set size:90529 disposed:false
1494 http cache https://registry.npmjs.org/@babel%2fcompat-data 7ms (cache hit)
1495 silly packumentCache full:https://registry.npmjs.org/@babel%2fcompat-data set size:303539 disposed:false
1496 http cache https://registry.npmjs.org/lru-cache 9ms (cache hit)
1497 silly packumentCache full:https://registry.npmjs.org/lru-cache set size:413591 disposed:false
1498 silly placeDep ROOT @babel/compat-data@7.29.0 OK for: @babel/helper-compilation-targets@7.28.6 want: ^7.28.6
1499 silly placeDep ROOT @babel/helper-validator-option@7.27.1 OK for: @babel/helper-compilation-targets@7.28.6 want: ^7.27.1
1500 silly placeDep ROOT browserslist@4.28.1 OK for: @babel/helper-compilation-targets@7.28.6 want: ^4.24.0
1501 silly placeDep ROOT lru-cache@5.1.1 OK for: @babel/helper-compilation-targets@7.28.6 want: ^5.1.1
1502 silly fetch manifest baseline-browser-mapping@^2.9.0
1503 silly packumentCache full:https://registry.npmjs.org/baseline-browser-mapping cache-miss
1504 silly fetch manifest caniuse-lite@^1.0.30001759
1505 silly packumentCache full:https://registry.npmjs.org/caniuse-lite cache-miss
1506 silly fetch manifest electron-to-chromium@^1.5.263
1507 silly packumentCache full:https://registry.npmjs.org/electron-to-chromium cache-miss
1508 silly fetch manifest node-releases@^2.0.27
1509 silly packumentCache full:https://registry.npmjs.org/node-releases cache-miss
1510 silly fetch manifest update-browserslist-db@^1.2.0
1511 silly packumentCache full:https://registry.npmjs.org/update-browserslist-db cache-miss
1512 silly fetch manifest yallist@^3.0.2
1513 silly packumentCache full:https://registry.npmjs.org/yallist cache-hit
1514 http cache https://registry.npmjs.org/caniuse-lite 6ms (cache hit)
1515 silly packumentCache full:https://registry.npmjs.org/caniuse-lite set size:2254643 disposed:false
1516 http cache https://registry.npmjs.org/update-browserslist-db 14ms (cache hit)
1517 silly packumentCache full:https://registry.npmjs.org/update-browserslist-db set size:62000 disposed:false
1518 http cache https://registry.npmjs.org/node-releases 15ms (cache hit)
1519 silly packumentCache full:https://registry.npmjs.org/node-releases set size:269192 disposed:false
1520 http cache https://registry.npmjs.org/electron-to-chromium 21ms (cache hit)
1521 silly packumentCache full:https://registry.npmjs.org/electron-to-chromium set size:4719879 disposed:false
1522 http cache https://registry.npmjs.org/baseline-browser-mapping 37ms (cache hit)
1523 silly packumentCache full:https://registry.npmjs.org/baseline-browser-mapping set size:393828 disposed:false
1524 silly placeDep ROOT @babel/helper-plugin-utils@7.28.6 OK for: @babel/plugin-transform-react-jsx-self@7.27.1 want: ^7.27.1
1525 silly placeDep ROOT @types/babel__generator@7.27.0 OK for: @types/babel__core@7.20.5 want: *
1526 silly placeDep ROOT @types/babel__template@7.4.4 OK for: @types/babel__core@7.20.5 want: *
1527 silly placeDep ROOT @types/babel__traverse@7.28.0 OK for: @types/babel__core@7.20.5 want: *
1528 silly placeDep ROOT cosmiconfig@7.1.0 OK for: babel-plugin-macros@3.1.0 want: ^7.0.0
1529 silly placeDep ROOT resolve@1.22.11 OK for: babel-plugin-macros@3.1.0 want: ^1.19.0
1530 silly fetch manifest @types/parse-json@^4.0.0
1531 silly packumentCache full:https://registry.npmjs.org/@types%2fparse-json cache-miss
1532 silly fetch manifest import-fresh@^3.2.1
1533 silly packumentCache full:https://registry.npmjs.org/import-fresh cache-miss
1534 silly fetch manifest parse-json@^5.0.0
1535 silly packumentCache full:https://registry.npmjs.org/parse-json cache-miss
1536 silly fetch manifest path-type@^4.0.0
1537 silly packumentCache full:https://registry.npmjs.org/path-type cache-miss
1538 silly fetch manifest yaml@^1.10.0
1539 silly packumentCache full:https://registry.npmjs.org/yaml cache-hit
1540 silly fetch manifest path-parse@^1.0.7
1541 silly packumentCache full:https://registry.npmjs.org/path-parse cache-miss
1542 silly fetch manifest is-core-module@^2.16.1
1543 silly packumentCache full:https://registry.npmjs.org/is-core-module cache-miss
1544 silly fetch manifest supports-preserve-symlinks-flag@^1.0.0
1545 silly packumentCache full:https://registry.npmjs.org/supports-preserve-symlinks-flag cache-miss
1546 http cache https://registry.npmjs.org/import-fresh 5ms (cache hit)
1547 silly packumentCache full:https://registry.npmjs.org/import-fresh set size:21461 disposed:false
1548 http cache https://registry.npmjs.org/path-type 5ms (cache hit)
1549 silly packumentCache full:https://registry.npmjs.org/path-type set size:15341 disposed:false
1550 http cache https://registry.npmjs.org/path-parse 5ms (cache hit)
1551 silly packumentCache full:https://registry.npmjs.org/path-parse set size:14523 disposed:false
1552 http cache https://registry.npmjs.org/@types%2fparse-json 6ms (cache hit)
1553 silly packumentCache full:https://registry.npmjs.org/@types%2fparse-json set size:6477 disposed:false
1554 http cache https://registry.npmjs.org/supports-preserve-symlinks-flag 6ms (cache hit)
1555 silly packumentCache full:https://registry.npmjs.org/supports-preserve-symlinks-flag set size:6802 disposed:false
1556 http cache https://registry.npmjs.org/parse-json 7ms (cache hit)
1557 silly packumentCache full:https://registry.npmjs.org/parse-json set size:48198 disposed:false
1558 http cache https://registry.npmjs.org/is-core-module 7ms (cache hit)
1559 silly packumentCache full:https://registry.npmjs.org/is-core-module set size:71788 disposed:false
1560 silly fetch manifest browserslist@>= 4.21.0
1561 silly packumentCache full:https://registry.npmjs.org/browserslist cache-hit
1562 silly placeDep ROOT baseline-browser-mapping@2.10.0 OK for: browserslist@4.28.1 want: ^2.9.0
1563 silly placeDep ROOT caniuse-lite@1.0.30001770 OK for: browserslist@4.28.1 want: ^1.0.30001759
1564 silly placeDep ROOT electron-to-chromium@1.5.302 OK for: browserslist@4.28.1 want: ^1.5.263
1565 silly placeDep ROOT node-releases@2.0.27 OK for: browserslist@4.28.1 want: ^2.0.27
1566 silly placeDep ROOT update-browserslist-db@1.2.3 OK for: browserslist@4.28.1 want: ^1.2.0
1567 silly fetch manifest escalade@^3.2.0
1568 silly packumentCache full:https://registry.npmjs.org/escalade cache-miss
1569 http cache https://registry.npmjs.org/escalade 3ms (cache hit)
1570 silly packumentCache full:https://registry.npmjs.org/escalade set size:33724 disposed:false
1571 silly placeDep ROOT @types/parse-json@4.0.2 OK for: cosmiconfig@7.1.0 want: ^4.0.0
1572 silly placeDep ROOT import-fresh@3.3.1 OK for: cosmiconfig@7.1.0 want: ^3.2.1
1573 silly placeDep ROOT parse-json@5.2.0 OK for: cosmiconfig@7.1.0 want: ^5.0.0
1574 silly placeDep ROOT path-type@4.0.0 OK for: cosmiconfig@7.1.0 want: ^4.0.0
1575 silly placeDep ROOT yaml@1.10.2 OK for: cosmiconfig@7.1.0 want: ^1.10.0
1576 silly fetch manifest parent-module@^1.0.0
1577 silly packumentCache full:https://registry.npmjs.org/parent-module cache-miss
1578 silly fetch manifest resolve-from@^4.0.0
1579 silly packumentCache full:https://registry.npmjs.org/resolve-from cache-miss
1580 silly fetch manifest error-ex@^1.3.1
1581 silly packumentCache full:https://registry.npmjs.org/error-ex cache-miss
1582 silly fetch manifest lines-and-columns@^1.1.6
1583 silly packumentCache full:https://registry.npmjs.org/lines-and-columns cache-miss
1584 silly fetch manifest json-parse-even-better-errors@^2.3.0
1585 silly packumentCache full:https://registry.npmjs.org/json-parse-even-better-errors cache-miss
1586 http cache https://registry.npmjs.org/lines-and-columns 4ms (cache hit)
1587 silly packumentCache full:https://registry.npmjs.org/lines-and-columns set size:73796 disposed:false
1588 http cache https://registry.npmjs.org/parent-module 6ms (cache hit)
1589 silly packumentCache full:https://registry.npmjs.org/parent-module set size:18255 disposed:false
1590 http cache https://registry.npmjs.org/resolve-from 6ms (cache hit)
1591 silly packumentCache full:https://registry.npmjs.org/resolve-from set size:12911 disposed:false
1592 http cache https://registry.npmjs.org/error-ex 7ms (cache hit)
1593 silly packumentCache full:https://registry.npmjs.org/error-ex set size:31684 disposed:false
1594 http cache https://registry.npmjs.org/json-parse-even-better-errors 6ms (cache hit)
1595 silly packumentCache full:https://registry.npmjs.org/json-parse-even-better-errors set size:34572 disposed:false
1596 silly placeDep ROOT ms@2.1.3 OK for: debug@4.4.3 want: ^2.1.3
1597 silly placeDep ROOT embla-carousel@8.6.0 OK for: embla-carousel-react@8.6.0 want: 8.6.0
1598 silly placeDep ROOT embla-carousel-reactive-utils@8.6.0 OK for: embla-carousel-react@8.6.0 want: 8.6.0
1599 silly placeDep ROOT graceful-fs@4.2.11 OK for: enhanced-resolve@5.19.0 want: ^4.2.4
1600 silly placeDep ROOT tapable@2.3.0 OK for: enhanced-resolve@5.19.0 want: ^2.3.0
1601 silly placeDep node_modules/hoist-non-react-statics react-is@16.13.1 OK for: hoist-non-react-statics@3.3.2 want: ^16.7.0
1602 silly placeDep ROOT parent-module@1.0.1 OK for: import-fresh@3.3.1 want: ^1.0.0
1603 silly placeDep ROOT resolve-from@4.0.0 OK for: import-fresh@3.3.1 want: ^4.0.0
1604 silly fetch manifest callsites@^3.0.0
1605 silly packumentCache full:https://registry.npmjs.org/callsites cache-miss
1606 http cache https://registry.npmjs.org/callsites 6ms (cache hit)
1607 silly packumentCache full:https://registry.npmjs.org/callsites set size:21349 disposed:false
1608 silly placeDep ROOT lightningcss-darwin-arm64@1.30.1 OK for: lightningcss@1.30.1 want: 1.30.1
1609 silly placeDep ROOT lightningcss-darwin-x64@1.30.1 OK for: lightningcss@1.30.1 want: 1.30.1
1610 silly placeDep ROOT lightningcss-freebsd-x64@1.30.1 OK for: lightningcss@1.30.1 want: 1.30.1
1611 silly placeDep ROOT lightningcss-linux-arm-gnueabihf@1.30.1 OK for: lightningcss@1.30.1 want: 1.30.1
1612 silly placeDep ROOT lightningcss-linux-arm64-gnu@1.30.1 OK for: lightningcss@1.30.1 want: 1.30.1
1613 silly placeDep ROOT lightningcss-linux-arm64-musl@1.30.1 OK for: lightningcss@1.30.1 want: 1.30.1
1614 silly placeDep ROOT lightningcss-linux-x64-gnu@1.30.1 OK for: lightningcss@1.30.1 want: 1.30.1
1615 silly placeDep ROOT lightningcss-linux-x64-musl@1.30.1 OK for: lightningcss@1.30.1 want: 1.30.1
1616 silly placeDep ROOT lightningcss-win32-arm64-msvc@1.30.1 OK for: lightningcss@1.30.1 want: 1.30.1
1617 silly placeDep ROOT lightningcss-win32-x64-msvc@1.30.1 OK for: lightningcss@1.30.1 want: 1.30.1
1618 silly placeDep ROOT yallist@3.1.1 OK for: lru-cache@5.1.1 want: ^3.0.2
1619 silly fetch manifest react@^18.0.0 || ^19.0.0
1620 silly packumentCache full:https://registry.npmjs.org/react cache-miss
1621 http cache https://registry.npmjs.org/react 9ms (cache hit)
1622 silly packumentCache full:https://registry.npmjs.org/react set size:6504076 disposed:false
1623 silly fetch manifest react-dom@^18.0.0 || ^19.0.0
1624 silly packumentCache full:https://registry.npmjs.org/react-dom cache-miss
1625 http cache https://registry.npmjs.org/react-dom 11ms (cache hit)
1626 silly packumentCache full:https://registry.npmjs.org/react-dom set size:8617570 disposed:false
1627 silly placeDep ROOT framer-motion@12.34.3 OK for: motion@12.23.24 want: ^12.23.24
1628 silly fetch manifest motion-dom@^12.34.3
1629 silly packumentCache full:https://registry.npmjs.org/motion-dom cache-miss
1630 silly fetch manifest motion-utils@^12.29.2
1631 silly packumentCache full:https://registry.npmjs.org/motion-utils cache-miss
1632 http cache https://registry.npmjs.org/motion-utils 9ms (cache hit)
1633 silly packumentCache full:https://registry.npmjs.org/motion-utils set size:62747 disposed:false
1634 http cache https://registry.npmjs.org/motion-dom 12ms (cache hit)
1635 silly packumentCache full:https://registry.npmjs.org/motion-dom set size:257783 disposed:false
1636 silly placeDep ROOT motion-dom@12.34.3 OK for: framer-motion@12.34.3 want: ^12.34.3
1637 silly placeDep ROOT motion-utils@12.29.2 OK for: framer-motion@12.34.3 want: ^12.29.2
1638 silly placeDep ROOT callsites@3.1.0 OK for: parent-module@1.0.1 want: ^3.0.0
1639 silly placeDep ROOT error-ex@1.3.4 OK for: parse-json@5.2.0 want: ^1.3.1
1640 silly placeDep ROOT json-parse-even-better-errors@2.3.1 OK for: parse-json@5.2.0 want: ^2.3.0
1641 silly placeDep ROOT lines-and-columns@1.2.4 OK for: parse-json@5.2.0 want: ^1.1.6
1642 silly fetch manifest is-arrayish@^0.2.1
1643 silly packumentCache full:https://registry.npmjs.org/is-arrayish cache-miss
1644 http cache https://registry.npmjs.org/is-arrayish 1ms (cache hit)
1645 silly packumentCache full:https://registry.npmjs.org/is-arrayish set size:15371 disposed:false
1646 silly placeDep ROOT is-arrayish@0.2.1 OK for: error-ex@1.3.4 want: ^0.2.1
1647 silly placeDep ROOT loose-envify@1.4.0 OK for: prop-types@15.8.1 want: ^1.4.0
1648 silly placeDep ROOT object-assign@4.1.1 OK for: prop-types@15.8.1 want: ^4.1.1
1649 silly placeDep node_modules/prop-types react-is@16.13.1 OK for: prop-types@15.8.1 want: ^16.13.1
1650 silly placeDep ROOT @react-dnd/invariant@4.0.2 OK for: react-dnd@16.0.1 want: ^4.0.1
1651 silly placeDep ROOT @react-dnd/shallowequal@4.0.2 OK for: react-dnd@16.0.1 want: ^4.0.1
1652 silly placeDep ROOT dnd-core@16.0.1 OK for: react-dnd@16.0.1 want: ^16.0.1
1653 silly placeDep ROOT fast-deep-equal@3.1.3 OK for: react-dnd@16.0.1 want: ^3.1.3
1654 silly fetch manifest @react-dnd/asap@^5.0.1
1655 silly packumentCache full:https://registry.npmjs.org/@react-dnd%2fasap cache-miss
1656 silly fetch manifest redux@^4.2.0
1657 silly packumentCache full:https://registry.npmjs.org/redux cache-miss
1658 http cache https://registry.npmjs.org/@react-dnd%2fasap 2ms (cache hit)
1659 silly packumentCache full:https://registry.npmjs.org/@react-dnd%2fasap set size:16320 disposed:false
1660 http cache https://registry.npmjs.org/redux 3ms (cache hit)
1661 silly packumentCache full:https://registry.npmjs.org/redux set size:553833 disposed:false
1662 silly placeDep ROOT @react-dnd/asap@5.0.2 OK for: dnd-core@16.0.1 want: ^5.0.1
1663 silly placeDep ROOT redux@4.2.1 OK for: dnd-core@16.0.1 want: ^4.2.0
1664 silly placeDep ROOT scheduler@0.23.2 OK for: react-dom@18.3.1 want: ^0.23.2
1665 silly placeDep ROOT react-fast-compare@3.2.2 OK for: react-popper@2.3.0 want: ^3.0.1
1666 silly placeDep ROOT warning@4.0.3 OK for: react-popper@2.3.0 want: ^4.0.2
1667 silly fetch manifest react@^16.8.0 || ^17.0.0 || ^18.0.0 || ^19.0.0 || ^19.0.0-rc
1668 silly packumentCache full:https://registry.npmjs.org/react cache-miss
1669 http cache https://registry.npmjs.org/react 9ms (cache hit)
1670 silly packumentCache full:https://registry.npmjs.org/react set size:6504076 disposed:false
1671 silly placeDep ROOT react-remove-scroll-bar@2.3.8 OK for: react-remove-scroll@2.7.2 want: ^2.3.7
1672 silly placeDep ROOT react-style-singleton@2.2.3 OK for: react-remove-scroll@2.7.2 want: ^2.2.3
1673 silly placeDep ROOT use-callback-ref@1.3.3 OK for: react-remove-scroll@2.7.2 want: ^1.3.3
1674 silly placeDep ROOT use-sidecar@1.1.3 OK for: react-remove-scroll@2.7.2 want: ^1.1.3
1675 silly fetch manifest react-style-singleton@^2.2.2
1676 silly packumentCache full:https://registry.npmjs.org/react-style-singleton cache-hit
1677 silly fetch manifest get-nonce@^1.0.0
1678 silly packumentCache full:https://registry.npmjs.org/get-nonce cache-miss
1679 silly fetch manifest detect-node-es@^1.1.0
1680 silly packumentCache full:https://registry.npmjs.org/detect-node-es cache-miss
1681 http cache https://registry.npmjs.org/get-nonce 2ms (cache hit)
1682 silly packumentCache full:https://registry.npmjs.org/get-nonce set size:8902 disposed:false
1683 http cache https://registry.npmjs.org/detect-node-es 2ms (cache hit)
1684 silly packumentCache full:https://registry.npmjs.org/detect-node-es set size:6554 disposed:false
1685 silly fetch manifest react@>=18
1686 silly packumentCache full:https://registry.npmjs.org/react cache-miss
1687 http cache https://registry.npmjs.org/react 9ms (cache hit)
1688 silly packumentCache full:https://registry.npmjs.org/react set size:6504076 disposed:false
1689 silly fetch manifest react-dom@>=18
1690 silly packumentCache full:https://registry.npmjs.org/react-dom cache-miss
1691 http cache https://registry.npmjs.org/react-dom 11ms (cache hit)
1692 silly packumentCache full:https://registry.npmjs.org/react-dom set size:8617570 disposed:false
1693 silly placeDep ROOT react-router@7.13.0 OK for: react-router-dom@7.13.0 want: 7.13.0
1694 silly fetch manifest cookie@^1.0.1
1695 silly packumentCache full:https://registry.npmjs.org/cookie cache-miss
1696 silly fetch manifest set-cookie-parser@^2.6.0
1697 silly packumentCache full:https://registry.npmjs.org/set-cookie-parser cache-miss
1698 http cache https://registry.npmjs.org/set-cookie-parser 9ms (cache hit)
1699 silly packumentCache full:https://registry.npmjs.org/set-cookie-parser set size:70643 disposed:false
1700 http cache https://registry.npmjs.org/cookie 11ms (cache hit)
1701 silly packumentCache full:https://registry.npmjs.org/cookie set size:72891 disposed:false
1702 silly placeDep ROOT cookie@1.1.1 OK for: react-router@7.13.0 want: ^1.0.1
1703 silly placeDep ROOT set-cookie-parser@2.7.2 OK for: react-router@7.13.0 want: ^2.6.0
1704 silly placeDep ROOT classnames@2.5.1 OK for: react-slick@0.31.0 want: ^2.2.5
1705 silly placeDep ROOT json2mq@0.2.0 OK for: react-slick@0.31.0 want: ^0.2.0
1706 silly placeDep ROOT lodash.debounce@4.0.8 OK for: react-slick@0.31.0 want: ^4.0.8
1707 silly placeDep ROOT resize-observer-polyfill@1.5.1 OK for: react-slick@0.31.0 want: ^1.5.0
1708 silly fetch manifest string-convert@^0.2.0
1709 silly packumentCache full:https://registry.npmjs.org/string-convert cache-miss
1710 http cache https://registry.npmjs.org/string-convert 2ms (cache hit)
1711 silly packumentCache full:https://registry.npmjs.org/string-convert set size:4489 disposed:false
1712 silly placeDep ROOT string-convert@0.2.1 OK for: json2mq@0.2.0 want: ^0.2.0
1713 silly placeDep ROOT get-nonce@1.0.1 OK for: react-style-singleton@2.2.3 want: ^1.0.0
1714 silly placeDep ROOT dom-helpers@5.2.1 OK for: react-transition-group@4.4.5 want: ^5.0.1
1715 silly fetch manifest react@^16.0.0 || ^17.0.0 || ^18.0.0 || ^19.0.0
1716 silly packumentCache full:https://registry.npmjs.org/react cache-miss
1717 http cache https://registry.npmjs.org/react 9ms (cache hit)
1718 silly packumentCache full:https://registry.npmjs.org/react set size:6504076 disposed:false
1719 silly fetch manifest react-dom@^16.0.0 || ^17.0.0 || ^18.0.0 || ^19.0.0
1720 silly packumentCache full:https://registry.npmjs.org/react-dom cache-miss
1721 http cache https://registry.npmjs.org/react-dom 11ms (cache hit)
1722 silly packumentCache full:https://registry.npmjs.org/react-dom set size:8617570 disposed:false
1723 silly placeDep ROOT eventemitter3@4.0.7 OK for: recharts@2.15.2 want: ^4.0.1
1724 silly placeDep ROOT lodash@4.17.23 OK for: recharts@2.15.2 want: ^4.17.21
1725 silly placeDep node_modules/recharts react-is@18.3.1 OK for: recharts@2.15.2 want: ^18.3.1
1726 silly placeDep ROOT react-smooth@4.0.4 OK for: recharts@2.15.2 want: ^4.0.4
1727 silly placeDep ROOT recharts-scale@0.4.5 OK for: recharts@2.15.2 want: ^0.4.4
1728 silly placeDep ROOT tiny-invariant@1.3.3 OK for: recharts@2.15.2 want: ^1.3.1
1729 silly placeDep ROOT victory-vendor@36.9.2 OK for: recharts@2.15.2 want: ^36.6.8
1730 silly fetch manifest fast-equals@^5.0.1
1731 silly packumentCache full:https://registry.npmjs.org/fast-equals cache-miss
1732 silly fetch manifest decimal.js-light@^2.4.1
1733 silly packumentCache full:https://registry.npmjs.org/decimal.js-light cache-miss
1734 silly fetch manifest d3-ease@^3.0.1
1735 silly packumentCache full:https://registry.npmjs.org/d3-ease cache-miss
1736 silly fetch manifest d3-time@^3.0.0
1737 silly packumentCache full:https://registry.npmjs.org/d3-time cache-miss
1738 silly fetch manifest d3-array@^3.1.6
1739 silly packumentCache full:https://registry.npmjs.org/d3-array cache-miss
1740 silly fetch manifest d3-scale@^4.0.2
1741 silly packumentCache full:https://registry.npmjs.org/d3-scale cache-miss
1742 silly fetch manifest d3-shape@^3.1.0
1743 silly packumentCache full:https://registry.npmjs.org/d3-shape cache-miss
1744 silly fetch manifest d3-timer@^3.0.1
1745 silly packumentCache full:https://registry.npmjs.org/d3-timer cache-miss
1746 silly fetch manifest @types/d3-ease@^3.0.0
1747 silly packumentCache full:https://registry.npmjs.org/@types%2fd3-ease cache-miss
1748 http cache https://registry.npmjs.org/fast-equals 7ms (cache hit)
1749 silly packumentCache full:https://registry.npmjs.org/fast-equals set size:341560 disposed:false
1750 silly fetch manifest @types/d3-time@^3.0.0
1751 silly packumentCache full:https://registry.npmjs.org/@types%2fd3-time cache-miss
1752 http cache https://registry.npmjs.org/d3-array 9ms (cache hit)
1753 silly packumentCache full:https://registry.npmjs.org/d3-array set size:246308 disposed:false
1754 silly fetch manifest d3-interpolate@^3.0.1
1755 silly packumentCache full:https://registry.npmjs.org/d3-interpolate cache-miss
1756 http cache https://registry.npmjs.org/d3-ease 12ms (cache hit)
1757 silly packumentCache full:https://registry.npmjs.org/d3-ease set size:109490 disposed:false
1758 silly fetch manifest @types/d3-array@^3.0.3
1759 silly packumentCache full:https://registry.npmjs.org/@types%2fd3-array cache-miss
1760 http cache https://registry.npmjs.org/d3-time 12ms (cache hit)
1761 silly packumentCache full:https://registry.npmjs.org/d3-time set size:150406 disposed:false
1762 silly fetch manifest @types/d3-scale@^4.0.2
1763 silly packumentCache full:https://registry.npmjs.org/@types%2fd3-scale cache-miss
1764 http cache https://registry.npmjs.org/decimal.js-light 14ms (cache hit)
1765 silly packumentCache full:https://registry.npmjs.org/decimal.js-light set size:38254 disposed:false
1766 silly fetch manifest @types/d3-shape@^3.1.0
1767 silly packumentCache full:https://registry.npmjs.org/@types%2fd3-shape cache-miss
1768 http cache https://registry.npmjs.org/d3-scale 14ms (cache hit)
1769 silly packumentCache full:https://registry.npmjs.org/d3-scale set size:514172 disposed:false
1770 silly fetch manifest @types/d3-timer@^3.0.0
1771 silly packumentCache full:https://registry.npmjs.org/@types%2fd3-timer cache-miss
1772 http cache https://registry.npmjs.org/d3-timer 18ms (cache hit)
1773 silly packumentCache full:https://registry.npmjs.org/d3-timer set size:101516 disposed:false
1774 silly fetch manifest @types/d3-interpolate@^3.0.1
1775 silly packumentCache full:https://registry.npmjs.org/@types%2fd3-interpolate cache-miss
1776 http cache https://registry.npmjs.org/d3-shape 19ms (cache hit)
1777 silly packumentCache full:https://registry.npmjs.org/d3-shape set size:275657 disposed:false
1778 http cache https://registry.npmjs.org/@types%2fd3-ease 20ms (cache hit)
1779 silly packumentCache full:https://registry.npmjs.org/@types%2fd3-ease set size:41281 disposed:false
1780 http cache https://registry.npmjs.org/@types%2fd3-time 15ms (cache hit)
1781 silly packumentCache full:https://registry.npmjs.org/@types%2fd3-time set size:52652 disposed:false
1782 http cache https://registry.npmjs.org/@types%2fd3-shape 12ms (cache hit)
1783 silly packumentCache full:https://registry.npmjs.org/@types%2fd3-shape set size:115816 disposed:false
1784 http cache https://registry.npmjs.org/@types%2fd3-array 15ms (cache hit)
1785 silly packumentCache full:https://registry.npmjs.org/@types%2fd3-array set size:130543 disposed:false
1786 http cache https://registry.npmjs.org/@types%2fd3-timer 9ms (cache hit)
1787 silly packumentCache full:https://registry.npmjs.org/@types%2fd3-timer set size:38776 disposed:false
1788 http cache https://registry.npmjs.org/d3-interpolate 17ms (cache hit)
1789 silly packumentCache full:https://registry.npmjs.org/d3-interpolate set size:162337 disposed:false
1790 http cache https://registry.npmjs.org/@types%2fd3-scale 15ms (cache hit)
1791 silly packumentCache full:https://registry.npmjs.org/@types%2fd3-scale set size:131176 disposed:false
1792 http cache https://registry.npmjs.org/@types%2fd3-interpolate 10ms (cache hit)
1793 silly packumentCache full:https://registry.npmjs.org/@types%2fd3-interpolate set size:56692 disposed:false
1794 silly placeDep ROOT fast-equals@5.4.0 OK for: react-smooth@4.0.4 want: ^5.0.1
1795 silly placeDep ROOT decimal.js-light@2.5.1 OK for: recharts-scale@0.4.5 want: ^2.4.1
1796 silly placeDep ROOT is-core-module@2.16.1 OK for: resolve@1.22.11 want: ^2.16.1
1797 silly placeDep ROOT path-parse@1.0.7 OK for: resolve@1.22.11 want: ^1.0.7
1798 silly placeDep ROOT supports-preserve-symlinks-flag@1.0.0 OK for: resolve@1.22.11 want: ^1.0.0
1799 silly fetch manifest hasown@^2.0.2
1800 silly packumentCache full:https://registry.npmjs.org/hasown cache-miss
1801 http cache https://registry.npmjs.org/hasown 1ms (cache hit)
1802 silly packumentCache full:https://registry.npmjs.org/hasown set size:12476 disposed:false
1803 silly placeDep ROOT hasown@2.0.2 OK for: is-core-module@2.16.1 want: ^2.0.2
1804 silly fetch manifest function-bind@^1.1.2
1805 silly packumentCache full:https://registry.npmjs.org/function-bind cache-miss
1806 http cache https://registry.npmjs.org/function-bind 1ms (cache hit)
1807 silly packumentCache full:https://registry.npmjs.org/function-bind set size:15733 disposed:false
1808 silly placeDep ROOT function-bind@1.1.2 OK for: hasown@2.0.2 want: ^1.1.2
1809 silly placeDep ROOT @isaacs/fs-minipass@4.0.1 OK for: tar@7.5.9 want: ^4.0.0
1810 silly placeDep ROOT chownr@3.0.0 OK for: tar@7.5.9 want: ^3.0.0
1811 silly placeDep ROOT minipass@7.1.3 OK for: tar@7.5.9 want: ^7.1.2
1812 silly placeDep ROOT minizlib@3.1.0 OK for: tar@7.5.9 want: ^3.1.0
1813 silly placeDep node_modules/tar yallist@5.0.0 OK for: tar@7.5.9 want: ^5.0.0
1814 silly fetch manifest minipass@^7.0.4
1815 silly packumentCache full:https://registry.npmjs.org/minipass cache-hit
1816 silly placeDep ROOT escalade@3.2.0 OK for: update-browserslist-db@1.2.3 want: ^3.2.0
1817 silly placeDep ROOT detect-node-es@1.1.0 OK for: use-sidecar@1.1.3 want: ^1.1.0
1818 silly placeDep ROOT @types/d3-array@3.2.2 OK for: victory-vendor@36.9.2 want: ^3.0.3
1819 silly placeDep ROOT @types/d3-ease@3.0.2 OK for: victory-vendor@36.9.2 want: ^3.0.0
1820 silly placeDep ROOT @types/d3-interpolate@3.0.4 OK for: victory-vendor@36.9.2 want: ^3.0.1
1821 silly placeDep ROOT @types/d3-scale@4.0.9 OK for: victory-vendor@36.9.2 want: ^4.0.2
1822 silly placeDep ROOT @types/d3-shape@3.1.8 OK for: victory-vendor@36.9.2 want: ^3.1.0
1823 silly placeDep ROOT @types/d3-time@3.0.4 OK for: victory-vendor@36.9.2 want: ^3.0.0
1824 silly placeDep ROOT @types/d3-timer@3.0.2 OK for: victory-vendor@36.9.2 want: ^3.0.0
1825 silly placeDep ROOT d3-array@3.2.4 OK for: victory-vendor@36.9.2 want: ^3.1.6
1826 silly placeDep ROOT d3-ease@3.0.1 OK for: victory-vendor@36.9.2 want: ^3.0.1
1827 silly placeDep ROOT d3-interpolate@3.0.1 OK for: victory-vendor@36.9.2 want: ^3.0.1
1828 silly placeDep ROOT d3-scale@4.0.2 OK for: victory-vendor@36.9.2 want: ^4.0.2
1829 silly placeDep ROOT d3-shape@3.2.0 OK for: victory-vendor@36.9.2 want: ^3.1.0
1830 silly placeDep ROOT d3-time@3.1.0 OK for: victory-vendor@36.9.2 want: ^3.0.0
1831 silly placeDep ROOT d3-timer@3.0.1 OK for: victory-vendor@36.9.2 want: ^3.0.1
1832 silly fetch manifest @types/d3-color@*
1833 silly packumentCache full:https://registry.npmjs.org/@types%2fd3-color cache-miss
1834 silly fetch manifest @types/d3-time@*
1835 silly packumentCache full:https://registry.npmjs.org/@types%2fd3-time cache-hit
1836 silly fetch manifest @types/d3-path@*
1837 silly packumentCache full:https://registry.npmjs.org/@types%2fd3-path cache-miss
1838 silly fetch manifest internmap@1 - 2
1839 silly packumentCache full:https://registry.npmjs.org/internmap cache-miss
1840 silly fetch manifest d3-color@1 - 3
1841 silly packumentCache full:https://registry.npmjs.org/d3-color cache-miss
1842 silly fetch manifest d3-format@1 - 3
1843 silly packumentCache full:https://registry.npmjs.org/d3-format cache-miss
1844 silly fetch manifest d3-time@2.1.1 - 3
1845 silly packumentCache full:https://registry.npmjs.org/d3-time cache-hit
1846 silly fetch manifest d3-time-format@2 - 4
1847 silly packumentCache full:https://registry.npmjs.org/d3-time-format cache-miss
1848 silly fetch manifest d3-path@^3.1.0
1849 silly packumentCache full:https://registry.npmjs.org/d3-path cache-miss
1850 http cache https://registry.npmjs.org/d3-time-format 4ms (cache hit)
1851 silly packumentCache full:https://registry.npmjs.org/d3-time-format set size:124514 disposed:false
1852 http cache https://registry.npmjs.org/@types%2fd3-color 6ms (cache hit)
1853 silly packumentCache full:https://registry.npmjs.org/@types%2fd3-color set size:69998 disposed:false
1854 http cache https://registry.npmjs.org/d3-format 6ms (cache hit)
1855 silly packumentCache full:https://registry.npmjs.org/d3-format set size:107249 disposed:false
1856 http cache https://registry.npmjs.org/d3-color 7ms (cache hit)
1857 silly packumentCache full:https://registry.npmjs.org/d3-color set size:142335 disposed:false
1858 http cache https://registry.npmjs.org/d3-path 7ms (cache hit)
1859 silly packumentCache full:https://registry.npmjs.org/d3-path set size:77883 disposed:false
1860 http cache https://registry.npmjs.org/internmap 8ms (cache hit)
1861 silly packumentCache full:https://registry.npmjs.org/internmap set size:19637 disposed:false
1862 http cache https://registry.npmjs.org/@types%2fd3-path 9ms (cache hit)
1863 silly packumentCache full:https://registry.npmjs.org/@types%2fd3-path set size:41268 disposed:false
1864 silly placeDep ROOT @types/d3-color@3.1.3 OK for: @types/d3-interpolate@3.0.4 want: *
1865 silly placeDep ROOT @types/d3-path@3.1.1 OK for: @types/d3-shape@3.1.8 want: *
1866 silly placeDep ROOT internmap@2.0.3 OK for: d3-array@3.2.4 want: 1 - 2
1867 silly placeDep ROOT d3-color@3.1.0 OK for: d3-interpolate@3.0.1 want: 1 - 3
1868 silly placeDep ROOT d3-format@3.1.2 OK for: d3-scale@4.0.2 want: 1 - 3
1869 silly placeDep ROOT d3-time-format@4.1.0 OK for: d3-scale@4.0.2 want: 2 - 4
1870 silly placeDep ROOT d3-path@3.1.0 OK for: d3-shape@3.2.0 want: ^3.1.0
1871 silly placeDep ROOT esbuild@0.25.12 OK for: vite@6.3.5 want: ^0.25.0
1872 silly placeDep ROOT fdir@6.5.0 OK for: vite@6.3.5 want: ^6.4.4
1873 silly placeDep ROOT fsevents@2.3.3 OK for: vite@6.3.5 want: ~2.3.3
1874 silly placeDep ROOT picomatch@4.0.3 OK for: vite@6.3.5 want: ^4.0.2
1875 silly placeDep ROOT postcss@8.5.6 OK for: vite@6.3.5 want: ^8.5.3
1876 silly placeDep ROOT rollup@4.58.0 OK for: vite@6.3.5 want: ^4.34.9
1877 silly placeDep ROOT tinyglobby@0.2.15 OK for: vite@6.3.5 want: ^0.2.13
1878 silly placeDep ROOT yaml@2.8.2 REPLACE for: vite@6.3.5 want: ^2.4.2
1879 silly fetch manifest @esbuild/aix-ppc64@0.25.12
1880 silly packumentCache full:https://registry.npmjs.org/@esbuild%2faix-ppc64 cache-miss
1881 silly fetch manifest @esbuild/linux-arm@0.25.12
1882 silly packumentCache full:https://registry.npmjs.org/@esbuild%2flinux-arm cache-miss
1883 silly fetch manifest @esbuild/linux-x64@0.25.12
1884 silly packumentCache full:https://registry.npmjs.org/@esbuild%2flinux-x64 cache-miss
1885 silly fetch manifest @esbuild/sunos-x64@0.25.12
1886 silly packumentCache full:https://registry.npmjs.org/@esbuild%2fsunos-x64 cache-miss
1887 silly fetch manifest @esbuild/win32-x64@0.25.12
1888 silly packumentCache full:https://registry.npmjs.org/@esbuild%2fwin32-x64 cache-miss
1889 silly fetch manifest @esbuild/darwin-x64@0.25.12
1890 silly packumentCache full:https://registry.npmjs.org/@esbuild%2fdarwin-x64 cache-miss
1891 silly fetch manifest @esbuild/linux-ia32@0.25.12
1892 silly packumentCache full:https://registry.npmjs.org/@esbuild%2flinux-ia32 cache-miss
1893 silly fetch manifest @esbuild/netbsd-x64@0.25.12
1894 silly packumentCache full:https://registry.npmjs.org/@esbuild%2fnetbsd-x64 cache-miss
1895 silly fetch manifest @esbuild/win32-ia32@0.25.12
1896 silly packumentCache full:https://registry.npmjs.org/@esbuild%2fwin32-ia32 cache-miss
1897 http cache https://registry.npmjs.org/@esbuild%2fwin32-ia32 4ms (cache hit)
1898 silly packumentCache full:https://registry.npmjs.org/@esbuild%2fwin32-ia32 set size:188094 disposed:false
1899 silly fetch manifest @esbuild/android-arm@0.25.12
1900 silly packumentCache full:https://registry.npmjs.org/@esbuild%2fandroid-arm cache-miss
1901 http cache https://registry.npmjs.org/@esbuild%2flinux-arm 6ms (cache hit)
1902 silly packumentCache full:https://registry.npmjs.org/@esbuild%2flinux-arm set size:186917 disposed:false
1903 silly fetch manifest @esbuild/android-x64@0.25.12
1904 silly packumentCache full:https://registry.npmjs.org/@esbuild%2fandroid-x64 cache-miss
1905 http cache https://registry.npmjs.org/@esbuild%2flinux-x64 7ms (cache hit)
1906 silly packumentCache full:https://registry.npmjs.org/@esbuild%2flinux-x64 set size:187244 disposed:false
1907 silly fetch manifest @esbuild/freebsd-x64@0.25.12
1908 silly packumentCache full:https://registry.npmjs.org/@esbuild%2ffreebsd-x64 cache-miss
1909 http cache https://registry.npmjs.org/@esbuild%2faix-ppc64 8ms (cache hit)
1910 silly packumentCache full:https://registry.npmjs.org/@esbuild%2faix-ppc64 set size:56029 disposed:false
1911 silly fetch manifest @esbuild/linux-arm64@0.25.12
1912 silly packumentCache full:https://registry.npmjs.org/@esbuild%2flinux-arm64 cache-miss
1913 http cache https://registry.npmjs.org/@esbuild%2fwin32-x64 9ms (cache hit)
1914 silly packumentCache full:https://registry.npmjs.org/@esbuild%2fwin32-x64 set size:187476 disposed:false
1915 silly fetch manifest @esbuild/linux-ppc64@0.25.12
1916 silly packumentCache full:https://registry.npmjs.org/@esbuild%2flinux-ppc64 cache-miss
1917 http cache https://registry.npmjs.org/@esbuild%2fsunos-x64 10ms (cache hit)
1918 silly packumentCache full:https://registry.npmjs.org/@esbuild%2fsunos-x64 set size:187474 disposed:false
1919 silly fetch manifest @esbuild/linux-s390x@0.25.12
1920 silly packumentCache full:https://registry.npmjs.org/@esbuild%2flinux-s390x cache-miss
1921 http cache https://registry.npmjs.org/@esbuild%2flinux-ia32 11ms (cache hit)
1922 silly packumentCache full:https://registry.npmjs.org/@esbuild%2flinux-ia32 set size:187877 disposed:false
1923 silly fetch manifest @esbuild/openbsd-x64@0.25.12
1924 silly packumentCache full:https://registry.npmjs.org/@esbuild%2fopenbsd-x64 cache-miss
1925 http cache https://registry.npmjs.org/@esbuild%2fdarwin-x64 13ms (cache hit)
1926 silly packumentCache full:https://registry.npmjs.org/@esbuild%2fdarwin-x64 set size:187924 disposed:false
1927 silly fetch manifest @esbuild/win32-arm64@0.25.12
1928 silly packumentCache full:https://registry.npmjs.org/@esbuild%2fwin32-arm64 cache-miss
1929 http cache https://registry.npmjs.org/@esbuild%2fnetbsd-x64 13ms (cache hit)
1930 silly packumentCache full:https://registry.npmjs.org/@esbuild%2fnetbsd-x64 set size:185730 disposed:false
1931 silly fetch manifest @esbuild/darwin-arm64@0.25.12
1932 silly packumentCache full:https://registry.npmjs.org/@esbuild%2fdarwin-arm64 cache-miss
1933 http cache https://registry.npmjs.org/@esbuild%2fandroid-arm 16ms (cache hit)
1934 silly packumentCache full:https://registry.npmjs.org/@esbuild%2fandroid-arm set size:213504 disposed:false
1935 silly fetch manifest @esbuild/netbsd-arm64@0.25.12
1936 silly packumentCache full:https://registry.npmjs.org/@esbuild%2fnetbsd-arm64 cache-miss
1937 http cache https://registry.npmjs.org/@esbuild%2fandroid-x64 17ms (cache hit)
1938 silly packumentCache full:https://registry.npmjs.org/@esbuild%2fandroid-x64 set size:187307 disposed:false
1939 silly fetch manifest @esbuild/android-arm64@0.25.12
1940 silly packumentCache full:https://registry.npmjs.org/@esbuild%2fandroid-arm64 cache-miss
1941 http cache https://registry.npmjs.org/@esbuild%2ffreebsd-x64 17ms (cache hit)
1942 silly packumentCache full:https://registry.npmjs.org/@esbuild%2ffreebsd-x64 set size:188756 disposed:false
1943 silly fetch manifest @esbuild/freebsd-arm64@0.25.12
1944 silly packumentCache full:https://registry.npmjs.org/@esbuild%2ffreebsd-arm64 cache-miss
1945 http cache https://registry.npmjs.org/@esbuild%2flinux-ppc64 16ms (cache hit)
1946 silly packumentCache full:https://registry.npmjs.org/@esbuild%2flinux-ppc64 set size:190895 disposed:false
1947 silly fetch manifest @esbuild/linux-loong64@0.25.12
1948 silly packumentCache full:https://registry.npmjs.org/@esbuild%2flinux-loong64 cache-miss
1949 http cache https://registry.npmjs.org/@esbuild%2flinux-s390x 16ms (cache hit)
1950 silly packumentCache full:https://registry.npmjs.org/@esbuild%2flinux-s390x set size:190391 disposed:false
1951 silly fetch manifest @esbuild/linux-riscv64@0.25.12
1952 silly packumentCache full:https://registry.npmjs.org/@esbuild%2flinux-riscv64 cache-miss
1953 http cache https://registry.npmjs.org/@esbuild%2fdarwin-arm64 13ms (cache hit)
1954 silly packumentCache full:https://registry.npmjs.org/@esbuild%2fdarwin-arm64 set size:189596 disposed:false
1955 silly fetch manifest @esbuild/openbsd-arm64@0.25.12
1956 silly packumentCache full:https://registry.npmjs.org/@esbuild%2fopenbsd-arm64 cache-miss
1957 http cache https://registry.npmjs.org/@esbuild%2fopenbsd-x64 17ms (cache hit)
1958 silly packumentCache full:https://registry.npmjs.org/@esbuild%2fopenbsd-x64 set size:188762 disposed:false
1959 silly fetch manifest @esbuild/linux-mips64el@0.25.12
1960 silly packumentCache full:https://registry.npmjs.org/@esbuild%2flinux-mips64el cache-miss
1961 http cache https://registry.npmjs.org/@esbuild%2fwin32-arm64 16ms (cache hit)
1962 silly packumentCache full:https://registry.npmjs.org/@esbuild%2fwin32-arm64 set size:189169 disposed:false
1963 silly fetch manifest @esbuild/openharmony-arm64@0.25.12
1964 silly packumentCache full:https://registry.npmjs.org/@esbuild%2fopenharmony-arm64 cache-miss
1965 http cache https://registry.npmjs.org/@esbuild%2flinux-arm64 22ms (cache hit)
1966 silly packumentCache full:https://registry.npmjs.org/@esbuild%2flinux-arm64 set size:188948 disposed:false
1967 silly fetch manifest nanoid@^3.3.11
1968 silly packumentCache full:https://registry.npmjs.org/nanoid cache-miss
1969 http cache https://registry.npmjs.org/@esbuild%2fnetbsd-arm64 12ms (cache hit)
1970 silly packumentCache full:https://registry.npmjs.org/@esbuild%2fnetbsd-arm64 set size:32428 disposed:false
1971 silly fetch manifest @types/estree@1.0.8
1972 silly packumentCache full:https://registry.npmjs.org/@types%2festree cache-miss
1973 http cache https://registry.npmjs.org/@esbuild%2ffreebsd-arm64 10ms (cache hit)
1974 silly packumentCache full:https://registry.npmjs.org/@esbuild%2ffreebsd-arm64 set size:190447 disposed:false
1975 silly fetch manifest @rollup/rollup-darwin-arm64@4.58.0
1976 silly packumentCache full:https://registry.npmjs.org/@rollup%2frollup-darwin-arm64 cache-miss
1977 http cache https://registry.npmjs.org/@esbuild%2fandroid-arm64 13ms (cache hit)
1978 silly packumentCache full:https://registry.npmjs.org/@esbuild%2fandroid-arm64 set size:192279 disposed:false
1979 silly fetch manifest @rollup/rollup-android-arm64@4.58.0
1980 silly packumentCache full:https://registry.npmjs.org/@rollup%2frollup-android-arm64 cache-miss
1981 http cache https://registry.npmjs.org/@esbuild%2flinux-loong64 12ms (cache hit)
1982 silly packumentCache full:https://registry.npmjs.org/@esbuild%2flinux-loong64 set size:243782 disposed:false
1983 silly fetch manifest @rollup/rollup-win32-arm64-msvc@4.58.0
1984 silly packumentCache full:https://registry.npmjs.org/@rollup%2frollup-win32-arm64-msvc cache-miss
1985 http cache https://registry.npmjs.org/@esbuild%2fopenbsd-arm64 11ms (cache hit)
1986 silly packumentCache full:https://registry.npmjs.org/@esbuild%2fopenbsd-arm64 set size:37704 disposed:false
1987 silly fetch manifest @rollup/rollup-freebsd-arm64@4.58.0
1988 silly packumentCache full:https://registry.npmjs.org/@rollup%2frollup-freebsd-arm64 cache-miss
1989 http cache https://registry.npmjs.org/@esbuild%2flinux-mips64el 11ms (cache hit)
1990 silly packumentCache full:https://registry.npmjs.org/@esbuild%2flinux-mips64el set size:192558 disposed:false
1991 silly fetch manifest @rollup/rollup-linux-arm64-gnu@4.58.0
1992 silly packumentCache full:https://registry.npmjs.org/@rollup%2frollup-linux-arm64-gnu cache-miss
1993 http cache https://registry.npmjs.org/@esbuild%2flinux-riscv64 14ms (cache hit)
1994 silly packumentCache full:https://registry.npmjs.org/@esbuild%2flinux-riscv64 set size:190569 disposed:false
1995 silly fetch manifest @rollup/rollup-linux-arm64-musl@4.58.0
1996 silly packumentCache full:https://registry.npmjs.org/@rollup%2frollup-linux-arm64-musl cache-miss
1997 http cache https://registry.npmjs.org/@esbuild%2fopenharmony-arm64 12ms (cache hit)
1998 silly packumentCache full:https://registry.npmjs.org/@esbuild%2fopenharmony-arm64 set size:21007 disposed:false
1999 silly fetch manifest @rollup/rollup-android-arm-eabi@4.58.0
2000 silly packumentCache full:https://registry.npmjs.org/@rollup%2frollup-android-arm-eabi cache-miss
2001 http cache https://registry.npmjs.org/nanoid 12ms (cache hit)
2002 silly packumentCache full:https://registry.npmjs.org/nanoid set size:298419 disposed:false
2003 silly fetch manifest @rollup/rollup-linux-arm-gnueabihf@4.58.0
2004 silly packumentCache full:https://registry.npmjs.org/@rollup%2frollup-linux-arm-gnueabihf cache-miss
2005 http cache https://registry.npmjs.org/@types%2festree 14ms (cache hit)
2006 silly packumentCache full:https://registry.npmjs.org/@types%2festree set size:74091 disposed:false
2007 silly fetch manifest @rollup/rollup-linux-arm-musleabihf@4.58.0
2008 silly packumentCache full:https://registry.npmjs.org/@rollup%2frollup-linux-arm-musleabihf cache-miss
2009 http cache https://registry.npmjs.org/@rollup%2frollup-darwin-arm64 13ms (cache hit)
2010 silly packumentCache full:https://registry.npmjs.org/@rollup%2frollup-darwin-arm64 set size:324736 disposed:false
2011 silly fetch manifest @rollup/rollup-win32-ia32-msvc@4.58.0
2012 silly packumentCache full:https://registry.npmjs.org/@rollup%2frollup-win32-ia32-msvc cache-miss
2013 http cache https://registry.npmjs.org/@rollup%2frollup-android-arm64 14ms (cache hit)
2014 silly packumentCache full:https://registry.npmjs.org/@rollup%2frollup-android-arm64 set size:326176 disposed:false
2015 silly fetch manifest @rollup/rollup-linux-loong64-gnu@4.58.0
2016 silly packumentCache full:https://registry.npmjs.org/@rollup%2frollup-linux-loong64-gnu cache-miss
2017 http cache https://registry.npmjs.org/@rollup%2frollup-linux-arm64-gnu 13ms (cache hit)
2018 silly packumentCache full:https://registry.npmjs.org/@rollup%2frollup-linux-arm64-gnu set size:331622 disposed:false
2019 silly fetch manifest @rollup/rollup-linux-loong64-musl@4.58.0
2020 silly packumentCache full:https://registry.npmjs.org/@rollup%2frollup-linux-loong64-musl cache-miss
2021 http cache https://registry.npmjs.org/@rollup%2frollup-win32-arm64-msvc 16ms (cache hit)
2022 silly packumentCache full:https://registry.npmjs.org/@rollup%2frollup-win32-arm64-msvc set size:329442 disposed:false
2023 silly fetch manifest @rollup/rollup-linux-riscv64-gnu@4.58.0
2024 silly packumentCache full:https://registry.npmjs.org/@rollup%2frollup-linux-riscv64-gnu cache-miss
2025 http cache https://registry.npmjs.org/@rollup%2frollup-freebsd-arm64 18ms (cache hit)
2026 silly packumentCache full:https://registry.npmjs.org/@rollup%2frollup-freebsd-arm64 set size:174384 disposed:false
2027 silly fetch manifest @rollup/rollup-linux-riscv64-musl@4.58.0
2028 silly packumentCache full:https://registry.npmjs.org/@rollup%2frollup-linux-riscv64-musl cache-miss
2029 http cache https://registry.npmjs.org/@rollup%2frollup-linux-arm64-musl 16ms (cache hit)
2030 silly packumentCache full:https://registry.npmjs.org/@rollup%2frollup-linux-arm64-musl set size:286964 disposed:false
2031 silly fetch manifest @rollup/rollup-linux-ppc64-gnu@4.58.0
2032 silly packumentCache full:https://registry.npmjs.org/@rollup%2frollup-linux-ppc64-gnu cache-miss
2033 http cache https://registry.npmjs.org/@rollup%2frollup-android-arm-eabi 18ms (cache hit)
2034 silly packumentCache full:https://registry.npmjs.org/@rollup%2frollup-android-arm-eabi set size:329449 disposed:false
2035 silly fetch manifest @rollup/rollup-linux-ppc64-musl@4.58.0
2036 silly packumentCache full:https://registry.npmjs.org/@rollup%2frollup-linux-ppc64-musl cache-miss
2037 http cache https://registry.npmjs.org/@rollup%2frollup-linux-arm-gnueabihf 17ms (cache hit)
2038 silly packumentCache full:https://registry.npmjs.org/@rollup%2frollup-linux-arm-gnueabihf set size:334931 disposed:false
2039 silly fetch manifest @rollup/rollup-linux-s390x-gnu@4.58.0
2040 silly packumentCache full:https://registry.npmjs.org/@rollup%2frollup-linux-s390x-gnu cache-miss
2041 http cache https://registry.npmjs.org/@rollup%2frollup-linux-loong64-gnu 13ms (cache hit)
2042 silly packumentCache full:https://registry.npmjs.org/@rollup%2frollup-linux-loong64-gnu set size:55967 disposed:false
2043 silly fetch manifest @rollup/rollup-darwin-x64@4.58.0
2044 silly packumentCache full:https://registry.npmjs.org/@rollup%2frollup-darwin-x64 cache-miss
2045 http cache https://registry.npmjs.org/@rollup%2frollup-linux-arm-musleabihf 19ms (cache hit)
2046 silly packumentCache full:https://registry.npmjs.org/@rollup%2frollup-linux-arm-musleabihf set size:229067 disposed:false
2047 silly fetch manifest @rollup/rollup-win32-x64-gnu@4.58.0
2048 silly packumentCache full:https://registry.npmjs.org/@rollup%2frollup-win32-x64-gnu cache-miss
2049 http cache https://registry.npmjs.org/@rollup%2frollup-linux-riscv64-musl 11ms (cache hit)
2050 silly packumentCache full:https://registry.npmjs.org/@rollup%2frollup-linux-riscv64-musl set size:103595 disposed:false
2051 silly fetch manifest @rollup/rollup-win32-x64-msvc@4.58.0
2052 silly packumentCache full:https://registry.npmjs.org/@rollup%2frollup-win32-x64-msvc cache-miss
2053 http cache https://registry.npmjs.org/@rollup%2frollup-linux-riscv64-gnu 13ms (cache hit)
2054 silly packumentCache full:https://registry.npmjs.org/@rollup%2frollup-linux-riscv64-gnu set size:257654 disposed:false
2055 silly fetch manifest @rollup/rollup-freebsd-x64@4.58.0
2056 silly packumentCache full:https://registry.npmjs.org/@rollup%2frollup-freebsd-x64 cache-miss
2057 http cache https://registry.npmjs.org/@rollup%2frollup-linux-loong64-musl 16ms (cache hit)
2058 silly packumentCache full:https://registry.npmjs.org/@rollup%2frollup-linux-loong64-musl set size:17929 disposed:false
2059 silly fetch manifest @rollup/rollup-linux-x64-gnu@4.58.0
2060 silly packumentCache full:https://registry.npmjs.org/@rollup%2frollup-linux-x64-gnu cache-miss
2061 http cache https://registry.npmjs.org/@rollup%2frollup-linux-ppc64-gnu 13ms (cache hit)
2062 silly packumentCache full:https://registry.npmjs.org/@rollup%2frollup-linux-ppc64-gnu set size:76297 disposed:false
2063 silly fetch manifest @rollup/rollup-linux-x64-musl@4.58.0
2064 silly packumentCache full:https://registry.npmjs.org/@rollup%2frollup-linux-x64-musl cache-miss
2065 http cache https://registry.npmjs.org/@rollup%2frollup-win32-ia32-msvc 22ms (cache hit)
2066 silly packumentCache full:https://registry.npmjs.org/@rollup%2frollup-win32-ia32-msvc set size:328013 disposed:false
2067 silly fetch manifest @rollup/rollup-openbsd-x64@4.58.0
2068 silly packumentCache full:https://registry.npmjs.org/@rollup%2frollup-openbsd-x64 cache-miss
2069 http cache https://registry.npmjs.org/@rollup%2frollup-linux-ppc64-musl 14ms (cache hit)
2070 silly packumentCache full:https://registry.npmjs.org/@rollup%2frollup-linux-ppc64-musl set size:17780 disposed:false
2071 silly fetch manifest @rollup/rollup-openharmony-arm64@4.58.0
2072 silly packumentCache full:https://registry.npmjs.org/@rollup%2frollup-openharmony-arm64 cache-miss
2073 http cache https://registry.npmjs.org/@rollup%2frollup-linux-s390x-gnu 13ms (cache hit)
2074 silly packumentCache full:https://registry.npmjs.org/@rollup%2frollup-linux-s390x-gnu set size:231465 disposed:false
2075 http cache https://registry.npmjs.org/@rollup%2frollup-win32-x64-gnu 11ms (cache hit)
2076 silly packumentCache full:https://registry.npmjs.org/@rollup%2frollup-win32-x64-gnu set size:47849 disposed:false
2077 http cache https://registry.npmjs.org/@rollup%2frollup-freebsd-x64 10ms (cache hit)
2078 silly packumentCache full:https://registry.npmjs.org/@rollup%2frollup-freebsd-x64 set size:172589 disposed:false
2079 http cache https://registry.npmjs.org/@rollup%2frollup-darwin-x64 16ms (cache hit)
2080 silly packumentCache full:https://registry.npmjs.org/@rollup%2frollup-darwin-x64 set size:320043 disposed:false
2081 http cache https://registry.npmjs.org/@rollup%2frollup-linux-x64-gnu 13ms (cache hit)
2082 silly packumentCache full:https://registry.npmjs.org/@rollup%2frollup-linux-x64-gnu set size:326867 disposed:false
2083 http cache https://registry.npmjs.org/@rollup%2frollup-win32-x64-msvc 17ms (cache hit)
2084 silly packumentCache full:https://registry.npmjs.org/@rollup%2frollup-win32-x64-msvc set size:324720 disposed:false
2085 http cache https://registry.npmjs.org/@rollup%2frollup-openharmony-arm64 13ms (cache hit)
2086 silly packumentCache full:https://registry.npmjs.org/@rollup%2frollup-openharmony-arm64 set size:56936 disposed:false
2087 http cache https://registry.npmjs.org/@rollup%2frollup-openbsd-x64 15ms (cache hit)
2088 silly packumentCache full:https://registry.npmjs.org/@rollup%2frollup-openbsd-x64 set size:17320 disposed:false
2089 http cache https://registry.npmjs.org/@rollup%2frollup-linux-x64-musl 17ms (cache hit)
2090 silly packumentCache full:https://registry.npmjs.org/@rollup%2frollup-linux-x64-musl set size:326179 disposed:false
2091 silly placeDep node_modules/cosmiconfig yaml@1.10.2 OK for: cosmiconfig@7.1.0 want: ^1.10.0
2092 silly placeDep ROOT @esbuild/aix-ppc64@0.25.12 OK for: esbuild@0.25.12 want: 0.25.12
2093 silly placeDep ROOT @esbuild/android-arm@0.25.12 OK for: esbuild@0.25.12 want: 0.25.12
2094 silly placeDep ROOT @esbuild/android-arm64@0.25.12 OK for: esbuild@0.25.12 want: 0.25.12
2095 silly placeDep ROOT @esbuild/android-x64@0.25.12 OK for: esbuild@0.25.12 want: 0.25.12
2096 silly placeDep ROOT @esbuild/darwin-arm64@0.25.12 OK for: esbuild@0.25.12 want: 0.25.12
2097 silly placeDep ROOT @esbuild/darwin-x64@0.25.12 OK for: esbuild@0.25.12 want: 0.25.12
2098 silly placeDep ROOT @esbuild/freebsd-arm64@0.25.12 OK for: esbuild@0.25.12 want: 0.25.12
2099 silly placeDep ROOT @esbuild/freebsd-x64@0.25.12 OK for: esbuild@0.25.12 want: 0.25.12
2100 silly placeDep ROOT @esbuild/linux-arm@0.25.12 OK for: esbuild@0.25.12 want: 0.25.12
2101 silly placeDep ROOT @esbuild/linux-arm64@0.25.12 OK for: esbuild@0.25.12 want: 0.25.12
2102 silly placeDep ROOT @esbuild/linux-ia32@0.25.12 OK for: esbuild@0.25.12 want: 0.25.12
2103 silly placeDep ROOT @esbuild/linux-loong64@0.25.12 OK for: esbuild@0.25.12 want: 0.25.12
2104 silly placeDep ROOT @esbuild/linux-mips64el@0.25.12 OK for: esbuild@0.25.12 want: 0.25.12
2105 silly placeDep ROOT @esbuild/linux-ppc64@0.25.12 OK for: esbuild@0.25.12 want: 0.25.12
2106 silly placeDep ROOT @esbuild/linux-riscv64@0.25.12 OK for: esbuild@0.25.12 want: 0.25.12
2107 silly placeDep ROOT @esbuild/linux-s390x@0.25.12 OK for: esbuild@0.25.12 want: 0.25.12
2108 silly placeDep ROOT @esbuild/linux-x64@0.25.12 OK for: esbuild@0.25.12 want: 0.25.12
2109 silly placeDep ROOT @esbuild/netbsd-arm64@0.25.12 OK for: esbuild@0.25.12 want: 0.25.12
2110 silly placeDep ROOT @esbuild/netbsd-x64@0.25.12 OK for: esbuild@0.25.12 want: 0.25.12
2111 silly placeDep ROOT @esbuild/openbsd-arm64@0.25.12 OK for: esbuild@0.25.12 want: 0.25.12
2112 silly placeDep ROOT @esbuild/openbsd-x64@0.25.12 OK for: esbuild@0.25.12 want: 0.25.12
2113 silly placeDep ROOT @esbuild/openharmony-arm64@0.25.12 OK for: esbuild@0.25.12 want: 0.25.12
2114 silly placeDep ROOT @esbuild/sunos-x64@0.25.12 OK for: esbuild@0.25.12 want: 0.25.12
2115 silly placeDep ROOT @esbuild/win32-arm64@0.25.12 OK for: esbuild@0.25.12 want: 0.25.12
2116 silly placeDep ROOT @esbuild/win32-ia32@0.25.12 OK for: esbuild@0.25.12 want: 0.25.12
2117 silly placeDep ROOT @esbuild/win32-x64@0.25.12 OK for: esbuild@0.25.12 want: 0.25.12
2118 silly placeDep ROOT nanoid@3.3.11 OK for: postcss@8.5.6 want: ^3.3.11
2119 silly placeDep ROOT @rollup/rollup-android-arm-eabi@4.58.0 OK for: rollup@4.58.0 want: 4.58.0
2120 silly placeDep ROOT @rollup/rollup-android-arm64@4.58.0 OK for: rollup@4.58.0 want: 4.58.0
2121 silly placeDep ROOT @rollup/rollup-darwin-arm64@4.58.0 OK for: rollup@4.58.0 want: 4.58.0
2122 silly placeDep ROOT @rollup/rollup-darwin-x64@4.58.0 OK for: rollup@4.58.0 want: 4.58.0
2123 silly placeDep ROOT @rollup/rollup-freebsd-arm64@4.58.0 OK for: rollup@4.58.0 want: 4.58.0
2124 silly placeDep ROOT @rollup/rollup-freebsd-x64@4.58.0 OK for: rollup@4.58.0 want: 4.58.0
2125 silly placeDep ROOT @rollup/rollup-linux-arm-gnueabihf@4.58.0 OK for: rollup@4.58.0 want: 4.58.0
2126 silly placeDep ROOT @rollup/rollup-linux-arm-musleabihf@4.58.0 OK for: rollup@4.58.0 want: 4.58.0
2127 silly placeDep ROOT @rollup/rollup-linux-arm64-gnu@4.58.0 OK for: rollup@4.58.0 want: 4.58.0
2128 silly placeDep ROOT @rollup/rollup-linux-arm64-musl@4.58.0 OK for: rollup@4.58.0 want: 4.58.0
2129 silly placeDep ROOT @rollup/rollup-linux-loong64-gnu@4.58.0 OK for: rollup@4.58.0 want: 4.58.0
2130 silly placeDep ROOT @rollup/rollup-linux-loong64-musl@4.58.0 OK for: rollup@4.58.0 want: 4.58.0
2131 silly placeDep ROOT @rollup/rollup-linux-ppc64-gnu@4.58.0 OK for: rollup@4.58.0 want: 4.58.0
2132 silly placeDep ROOT @rollup/rollup-linux-ppc64-musl@4.58.0 OK for: rollup@4.58.0 want: 4.58.0
2133 silly placeDep ROOT @rollup/rollup-linux-riscv64-gnu@4.58.0 OK for: rollup@4.58.0 want: 4.58.0
2134 silly placeDep ROOT @rollup/rollup-linux-riscv64-musl@4.58.0 OK for: rollup@4.58.0 want: 4.58.0
2135 silly placeDep ROOT @rollup/rollup-linux-s390x-gnu@4.58.0 OK for: rollup@4.58.0 want: 4.58.0
2136 silly placeDep ROOT @rollup/rollup-linux-x64-gnu@4.58.0 OK for: rollup@4.58.0 want: 4.58.0
2137 silly placeDep ROOT @rollup/rollup-linux-x64-musl@4.58.0 OK for: rollup@4.58.0 want: 4.58.0
2138 silly placeDep ROOT @rollup/rollup-openbsd-x64@4.58.0 OK for: rollup@4.58.0 want: 4.58.0
2139 silly placeDep ROOT @rollup/rollup-openharmony-arm64@4.58.0 OK for: rollup@4.58.0 want: 4.58.0
2140 silly placeDep ROOT @rollup/rollup-win32-arm64-msvc@4.58.0 OK for: rollup@4.58.0 want: 4.58.0
2141 silly placeDep ROOT @rollup/rollup-win32-ia32-msvc@4.58.0 OK for: rollup@4.58.0 want: 4.58.0
2142 silly placeDep ROOT @rollup/rollup-win32-x64-gnu@4.58.0 OK for: rollup@4.58.0 want: 4.58.0
2143 silly placeDep ROOT @rollup/rollup-win32-x64-msvc@4.58.0 OK for: rollup@4.58.0 want: 4.58.0
2144 silly placeDep ROOT @types/estree@1.0.8 OK for: rollup@4.58.0 want: 1.0.8
2145 silly reify moves {}
2146 http cache @rollup/rollup-darwin-arm64@https://registry.npmjs.org/@rollup/rollup-darwin-arm64/-/rollup-darwin-arm64-4.58.0.tgz 0ms (cache hit)
2147 http cache @esbuild/darwin-arm64@https://registry.npmjs.org/@esbuild/darwin-arm64/-/darwin-arm64-0.25.12.tgz 0ms (cache hit)
2148 http cache @types/estree@https://registry.npmjs.org/@types/estree/-/estree-1.0.8.tgz 0ms (cache hit)
2149 http cache yaml@https://registry.npmjs.org/yaml/-/yaml-2.8.2.tgz 0ms (cache hit)
2150 http cache tinyglobby@https://registry.npmjs.org/tinyglobby/-/tinyglobby-0.2.15.tgz 0ms (cache hit)
2151 http cache rollup@https://registry.npmjs.org/rollup/-/rollup-4.58.0.tgz 0ms (cache hit)
2152 http cache nanoid@https://registry.npmjs.org/nanoid/-/nanoid-3.3.11.tgz 0ms (cache hit)
2153 http cache postcss@https://registry.npmjs.org/postcss/-/postcss-8.5.6.tgz 0ms (cache hit)
2154 http cache fsevents@https://registry.npmjs.org/fsevents/-/fsevents-2.3.3.tgz 0ms (cache hit)
2155 http cache picomatch@https://registry.npmjs.org/picomatch/-/picomatch-4.0.3.tgz 0ms (cache hit)
2156 http cache fdir@https://registry.npmjs.org/fdir/-/fdir-6.5.0.tgz 0ms (cache hit)
2157 http cache esbuild@https://registry.npmjs.org/esbuild/-/esbuild-0.25.12.tgz 0ms (cache hit)
2158 http cache d3-path@https://registry.npmjs.org/d3-path/-/d3-path-3.1.0.tgz 0ms (cache hit)
2159 http cache d3-color@https://registry.npmjs.org/d3-color/-/d3-color-3.1.0.tgz 0ms (cache hit)
2160 http cache d3-time-format@https://registry.npmjs.org/d3-time-format/-/d3-time-format-4.1.0.tgz 0ms (cache hit)
2161 http cache internmap@https://registry.npmjs.org/internmap/-/internmap-2.0.3.tgz 0ms (cache hit)
2162 http cache d3-format@https://registry.npmjs.org/d3-format/-/d3-format-3.1.2.tgz 0ms (cache hit)
2163 http cache d3-timer@https://registry.npmjs.org/d3-timer/-/d3-timer-3.0.1.tgz 0ms (cache hit)
2164 http cache d3-time@https://registry.npmjs.org/d3-time/-/d3-time-3.1.0.tgz 0ms (cache hit)
2165 http cache d3-scale@https://registry.npmjs.org/d3-scale/-/d3-scale-4.0.2.tgz 0ms (cache hit)
2166 http cache d3-shape@https://registry.npmjs.org/d3-shape/-/d3-shape-3.2.0.tgz 0ms (cache hit)
2167 http cache @types/d3-path@https://registry.npmjs.org/@types/d3-path/-/d3-path-3.1.1.tgz 0ms (cache hit)
2168 http cache @types/d3-timer@https://registry.npmjs.org/@types/d3-timer/-/d3-timer-3.0.2.tgz 0ms (cache hit)
2169 http cache d3-array@https://registry.npmjs.org/d3-array/-/d3-array-3.2.4.tgz 0ms (cache hit)
2170 http cache d3-ease@https://registry.npmjs.org/d3-ease/-/d3-ease-3.0.1.tgz 0ms (cache hit)
2171 http cache d3-interpolate@https://registry.npmjs.org/d3-interpolate/-/d3-interpolate-3.0.1.tgz 0ms (cache hit)
2172 http cache @types/d3-shape@https://registry.npmjs.org/@types/d3-shape/-/d3-shape-3.1.8.tgz 0ms (cache hit)
2173 http cache @types/d3-time@https://registry.npmjs.org/@types/d3-time/-/d3-time-3.0.4.tgz 0ms (cache hit)
2174 http cache @types/d3-scale@https://registry.npmjs.org/@types/d3-scale/-/d3-scale-4.0.9.tgz 0ms (cache hit)
2175 http cache @types/d3-interpolate@https://registry.npmjs.org/@types/d3-interpolate/-/d3-interpolate-3.0.4.tgz 0ms (cache hit)
2176 http cache @types/d3-color@https://registry.npmjs.org/@types/d3-color/-/d3-color-3.1.3.tgz 0ms (cache hit)
2177 http cache detect-node-es@https://registry.npmjs.org/detect-node-es/-/detect-node-es-1.1.0.tgz 0ms (cache hit)
2178 http cache @types/d3-ease@https://registry.npmjs.org/@types/d3-ease/-/d3-ease-3.0.2.tgz 0ms (cache hit)
2179 http cache minizlib@https://registry.npmjs.org/minizlib/-/minizlib-3.1.0.tgz 0ms (cache hit)
2180 http cache escalade@https://registry.npmjs.org/escalade/-/escalade-3.2.0.tgz 0ms (cache hit)
2181 http cache minipass@https://registry.npmjs.org/minipass/-/minipass-7.1.3.tgz 0ms (cache hit)
2182 http cache chownr@https://registry.npmjs.org/chownr/-/chownr-3.0.0.tgz 0ms (cache hit)
2183 http cache @isaacs/fs-minipass@https://registry.npmjs.org/@isaacs/fs-minipass/-/fs-minipass-4.0.1.tgz 0ms (cache hit)
2184 http cache @types/d3-array@https://registry.npmjs.org/@types/d3-array/-/d3-array-3.2.2.tgz 0ms (cache hit)
2185 http cache hasown@https://registry.npmjs.org/hasown/-/hasown-2.0.2.tgz 0ms (cache hit)
2186 http cache is-core-module@https://registry.npmjs.org/is-core-module/-/is-core-module-2.16.1.tgz 0ms (cache hit)
2187 http cache path-parse@https://registry.npmjs.org/path-parse/-/path-parse-1.0.7.tgz 0ms (cache hit)
2188 http cache fast-equals@https://registry.npmjs.org/fast-equals/-/fast-equals-5.4.0.tgz 0ms (cache hit)
2189 http cache function-bind@https://registry.npmjs.org/function-bind/-/function-bind-1.1.2.tgz 0ms (cache hit)
2190 http cache recharts-scale@https://registry.npmjs.org/recharts-scale/-/recharts-scale-0.4.5.tgz 0ms (cache hit)
2191 http cache supports-preserve-symlinks-flag@https://registry.npmjs.org/supports-preserve-symlinks-flag/-/supports-preserve-symlinks-flag-1.0.0.tgz 0ms (cache hit)
2192 http cache decimal.js-light@https://registry.npmjs.org/decimal.js-light/-/decimal.js-light-2.5.1.tgz 0ms (cache hit)
2193 http cache victory-vendor@https://registry.npmjs.org/victory-vendor/-/victory-vendor-36.9.2.tgz 0ms (cache hit)
2194 http cache react-smooth@https://registry.npmjs.org/react-smooth/-/react-smooth-4.0.4.tgz 0ms (cache hit)
2195 http cache lodash@https://registry.npmjs.org/lodash/-/lodash-4.17.23.tgz 0ms (cache hit)
2196 http cache eventemitter3@https://registry.npmjs.org/eventemitter3/-/eventemitter3-4.0.7.tgz 0ms (cache hit)
2197 http cache tiny-invariant@https://registry.npmjs.org/tiny-invariant/-/tiny-invariant-1.3.3.tgz 0ms (cache hit)
2198 http cache resize-observer-polyfill@https://registry.npmjs.org/resize-observer-polyfill/-/resize-observer-polyfill-1.5.1.tgz 0ms (cache hit)
2199 http cache string-convert@https://registry.npmjs.org/string-convert/-/string-convert-0.2.1.tgz 0ms (cache hit)
2200 http cache dom-helpers@https://registry.npmjs.org/dom-helpers/-/dom-helpers-5.2.1.tgz 0ms (cache hit)
2201 http cache get-nonce@https://registry.npmjs.org/get-nonce/-/get-nonce-1.0.1.tgz 0ms (cache hit)
2202 http cache classnames@https://registry.npmjs.org/classnames/-/classnames-2.5.1.tgz 0ms (cache hit)
2203 http cache json2mq@https://registry.npmjs.org/json2mq/-/json2mq-0.2.0.tgz 0ms (cache hit)
2204 http cache cookie@https://registry.npmjs.org/cookie/-/cookie-1.1.1.tgz 0ms (cache hit)
2205 http cache react-router@https://registry.npmjs.org/react-router/-/react-router-7.13.0.tgz 0ms (cache hit)
2206 http cache use-sidecar@https://registry.npmjs.org/use-sidecar/-/use-sidecar-1.1.3.tgz 0ms (cache hit)
2207 http cache use-callback-ref@https://registry.npmjs.org/use-callback-ref/-/use-callback-ref-1.3.3.tgz 0ms (cache hit)
2208 http cache lodash.debounce@https://registry.npmjs.org/lodash.debounce/-/lodash.debounce-4.0.8.tgz 0ms (cache hit)
2209 http cache react-remove-scroll-bar@https://registry.npmjs.org/react-remove-scroll-bar/-/react-remove-scroll-bar-2.3.8.tgz 0ms (cache hit)
2210 http cache set-cookie-parser@https://registry.npmjs.org/set-cookie-parser/-/set-cookie-parser-2.7.2.tgz 0ms (cache hit)
2211 http cache react-style-singleton@https://registry.npmjs.org/react-style-singleton/-/react-style-singleton-2.2.3.tgz 0ms (cache hit)
2212 http cache warning@https://registry.npmjs.org/warning/-/warning-4.0.3.tgz 0ms (cache hit)
2213 http cache redux@https://registry.npmjs.org/redux/-/redux-4.2.1.tgz 0ms (cache hit)
2214 http cache react-fast-compare@https://registry.npmjs.org/react-fast-compare/-/react-fast-compare-3.2.2.tgz 0ms (cache hit)
2215 http cache @react-dnd/asap@https://registry.npmjs.org/@react-dnd/asap/-/asap-5.0.2.tgz 0ms (cache hit)
2216 http cache scheduler@https://registry.npmjs.org/scheduler/-/scheduler-0.23.2.tgz 0ms (cache hit)
2217 http cache fast-deep-equal@https://registry.npmjs.org/fast-deep-equal/-/fast-deep-equal-3.1.3.tgz 0ms (cache hit)
2218 http cache dnd-core@https://registry.npmjs.org/dnd-core/-/dnd-core-16.0.1.tgz 0ms (cache hit)
2219 http cache loose-envify@https://registry.npmjs.org/loose-envify/-/loose-envify-1.4.0.tgz 0ms (cache hit)
2220 http cache object-assign@https://registry.npmjs.org/object-assign/-/object-assign-4.1.1.tgz 0ms (cache hit)
2221 http cache @react-dnd/invariant@https://registry.npmjs.org/@react-dnd/invariant/-/invariant-4.0.2.tgz 0ms (cache hit)
2222 http cache @react-dnd/shallowequal@https://registry.npmjs.org/@react-dnd/shallowequal/-/shallowequal-4.0.2.tgz 0ms (cache hit)
2223 http cache is-arrayish@https://registry.npmjs.org/is-arrayish/-/is-arrayish-0.2.1.tgz 0ms (cache hit)
2224 http cache error-ex@https://registry.npmjs.org/error-ex/-/error-ex-1.3.4.tgz 0ms (cache hit)
2225 http cache json-parse-even-better-errors@https://registry.npmjs.org/json-parse-even-better-errors/-/json-parse-even-better-errors-2.3.1.tgz 0ms (cache hit)
2226 http cache callsites@https://registry.npmjs.org/callsites/-/callsites-3.1.0.tgz 0ms (cache hit)
2227 http cache lines-and-columns@https://registry.npmjs.org/lines-and-columns/-/lines-and-columns-1.2.4.tgz 0ms (cache hit)
2228 http cache motion-utils@https://registry.npmjs.org/motion-utils/-/motion-utils-12.29.2.tgz 0ms (cache hit)
2229 http cache motion-dom@https://registry.npmjs.org/motion-dom/-/motion-dom-12.34.3.tgz 0ms (cache hit)
2230 http cache yallist@https://registry.npmjs.org/yallist/-/yallist-3.1.1.tgz 0ms (cache hit)
2231 http cache framer-motion@https://registry.npmjs.org/framer-motion/-/framer-motion-12.34.3.tgz 0ms (cache hit)
2232 http cache parent-module@https://registry.npmjs.org/parent-module/-/parent-module-1.0.1.tgz 0ms (cache hit)
2233 http cache resolve-from@https://registry.npmjs.org/resolve-from/-/resolve-from-4.0.0.tgz 0ms (cache hit)
2234 http cache tapable@https://registry.npmjs.org/tapable/-/tapable-2.3.0.tgz 0ms (cache hit)
2235 http cache graceful-fs@https://registry.npmjs.org/graceful-fs/-/graceful-fs-4.2.11.tgz 0ms (cache hit)
2236 http cache embla-carousel-reactive-utils@https://registry.npmjs.org/embla-carousel-reactive-utils/-/embla-carousel-reactive-utils-8.6.0.tgz 0ms (cache hit)
2237 http cache embla-carousel@https://registry.npmjs.org/embla-carousel/-/embla-carousel-8.6.0.tgz 0ms (cache hit)
2238 http cache ms@https://registry.npmjs.org/ms/-/ms-2.1.3.tgz 0ms (cache hit)
2239 http cache path-type@https://registry.npmjs.org/path-type/-/path-type-4.0.0.tgz 0ms (cache hit)
2240 http cache parse-json@https://registry.npmjs.org/parse-json/-/parse-json-5.2.0.tgz 0ms (cache hit)
2241 http cache import-fresh@https://registry.npmjs.org/import-fresh/-/import-fresh-3.3.1.tgz 0ms (cache hit)
2242 http cache update-browserslist-db@https://registry.npmjs.org/update-browserslist-db/-/update-browserslist-db-1.2.3.tgz 0ms (cache hit)
2243 http cache @types/parse-json@https://registry.npmjs.org/@types/parse-json/-/parse-json-4.0.2.tgz 0ms (cache hit)
2244 http cache node-releases@https://registry.npmjs.org/node-releases/-/node-releases-2.0.27.tgz 0ms (cache hit)
2245 http cache electron-to-chromium@https://registry.npmjs.org/electron-to-chromium/-/electron-to-chromium-1.5.302.tgz 0ms (cache hit)
2246 http cache caniuse-lite@https://registry.npmjs.org/caniuse-lite/-/caniuse-lite-1.0.30001770.tgz 0ms (cache hit)
2247 http cache baseline-browser-mapping@https://registry.npmjs.org/baseline-browser-mapping/-/baseline-browser-mapping-2.10.0.tgz 0ms (cache hit)
2248 http cache resolve@https://registry.npmjs.org/resolve/-/resolve-1.22.11.tgz 0ms (cache hit)
2249 http cache lightningcss-darwin-arm64@https://registry.npmjs.org/lightningcss-darwin-arm64/-/lightningcss-darwin-arm64-1.30.1.tgz 0ms (cache hit)
2250 http cache @types/babel__traverse@https://registry.npmjs.org/@types/babel__traverse/-/babel__traverse-7.28.0.tgz 0ms (cache hit)
2251 http cache @types/babel__template@https://registry.npmjs.org/@types/babel__template/-/babel__template-7.4.4.tgz 0ms (cache hit)
2252 http cache lru-cache@https://registry.npmjs.org/lru-cache/-/lru-cache-5.1.1.tgz 0ms (cache hit)
2253 http cache @types/babel__generator@https://registry.npmjs.org/@types/babel__generator/-/babel__generator-7.27.0.tgz 0ms (cache hit)
2254 http cache browserslist@https://registry.npmjs.org/browserslist/-/browserslist-4.28.1.tgz 0ms (cache hit)
2255 http cache @babel/helper-plugin-utils@https://registry.npmjs.org/@babel/helper-plugin-utils/-/helper-plugin-utils-7.28.6.tgz 0ms (cache hit)
2256 http cache cosmiconfig@https://registry.npmjs.org/cosmiconfig/-/cosmiconfig-7.1.0.tgz 0ms (cache hit)
2257 http cache @babel/compat-data@https://registry.npmjs.org/@babel/compat-data/-/compat-data-7.29.0.tgz 0ms (cache hit)
2258 http cache @babel/helper-validator-option@https://registry.npmjs.org/@babel/helper-validator-option/-/helper-validator-option-7.27.1.tgz 0ms (cache hit)
2259 http cache @babel/helpers@https://registry.npmjs.org/@babel/helpers/-/helpers-7.28.6.tgz 0ms (cache hit)
2260 http cache json5@https://registry.npmjs.org/json5/-/json5-2.2.3.tgz 0ms (cache hit)
2261 http cache semver@https://registry.npmjs.org/semver/-/semver-6.3.1.tgz 0ms (cache hit)
2262 http cache gensync@https://registry.npmjs.org/gensync/-/gensync-1.0.0-beta.2.tgz 0ms (cache hit)
2263 http cache @babel/helper-compilation-targets@https://registry.npmjs.org/@babel/helper-compilation-targets/-/helper-compilation-targets-7.28.6.tgz 0ms (cache hit)
2264 http cache react-refresh@https://registry.npmjs.org/react-refresh/-/react-refresh-0.17.0.tgz 0ms (cache hit)
2265 http cache @types/babel__core@https://registry.npmjs.org/@types/babel__core/-/babel__core-7.20.5.tgz 0ms (cache hit)
2266 http cache @babel/plugin-transform-react-jsx-self@https://registry.npmjs.org/@babel/plugin-transform-react-jsx-self/-/plugin-transform-react-jsx-self-7.27.1.tgz 0ms (cache hit)
2267 http cache @rolldown/pluginutils@https://registry.npmjs.org/@rolldown/pluginutils/-/pluginutils-1.0.0-beta.27.tgz 0ms (cache hit)
2268 http cache @babel/helper-module-transforms@https://registry.npmjs.org/@babel/helper-module-transforms/-/helper-module-transforms-7.28.6.tgz 0ms (cache hit)
2269 http cache @types/node@https://registry.npmjs.org/@types/node/-/node-25.3.0.tgz 0ms (cache hit)
2270 http cache @babel/core@https://registry.npmjs.org/@babel/core/-/core-7.29.0.tgz 0ms (cache hit)
2271 http cache detect-libc@https://registry.npmjs.org/detect-libc/-/detect-libc-2.1.2.tgz 0ms (cache hit)
2272 http cache undici-types@https://registry.npmjs.org/undici-types/-/undici-types-7.18.2.tgz 0ms (cache hit)
2273 http cache @tailwindcss/oxide-darwin-arm64@https://registry.npmjs.org/@tailwindcss/oxide-darwin-arm64/-/oxide-darwin-arm64-4.1.12.tgz 0ms (cache hit)
2274 http cache source-map-js@https://registry.npmjs.org/source-map-js/-/source-map-js-1.2.1.tgz 0ms (cache hit)
2275 http cache magic-string@https://registry.npmjs.org/magic-string/-/magic-string-0.30.21.tgz 0ms (cache hit)
2276 http cache tar@https://registry.npmjs.org/tar/-/tar-7.5.9.tgz 0ms (cache hit)
2277 http cache lightningcss@https://registry.npmjs.org/lightningcss/-/lightningcss-1.30.1.tgz 0ms (cache hit)
2278 http cache enhanced-resolve@https://registry.npmjs.org/enhanced-resolve/-/enhanced-resolve-5.19.0.tgz 0ms (cache hit)
2279 http cache jiti@https://registry.npmjs.org/jiti/-/jiti-2.6.1.tgz 0ms (cache hit)
2280 http cache @tailwindcss/node@https://registry.npmjs.org/@tailwindcss/node/-/node-4.1.12.tgz 0ms (cache hit)
2281 http cache @jridgewell/remapping@https://registry.npmjs.org/@jridgewell/remapping/-/remapping-2.3.5.tgz 0ms (cache hit)
2282 http cache @tailwindcss/oxide@https://registry.npmjs.org/@tailwindcss/oxide/-/oxide-4.1.12.tgz 0ms (cache hit)
2283 http cache ws@https://registry.npmjs.org/ws/-/ws-8.19.0.tgz 0ms (cache hit)
2284 http cache iceberg-js@https://registry.npmjs.org/iceberg-js/-/iceberg-js-0.8.1.tgz 0ms (cache hit)
2285 http cache tslib@https://registry.npmjs.org/tslib/-/tslib-2.8.1.tgz 0ms (cache hit)
2286 http cache @babel/plugin-transform-react-jsx-source@https://registry.npmjs.org/@babel/plugin-transform-react-jsx-source/-/plugin-transform-react-jsx-source-7.27.1.tgz 0ms (cache hit)
2287 http cache @supabase/storage-js@https://registry.npmjs.org/@supabase/storage-js/-/storage-js-2.97.0.tgz 0ms (cache hit)
2288 http cache @types/phoenix@https://registry.npmjs.org/@types/phoenix/-/phoenix-1.6.7.tgz 0ms (cache hit)
2289 http cache @types/ws@https://registry.npmjs.org/@types/ws/-/ws-8.18.1.tgz 0ms (cache hit)
2290 http cache @supabase/functions-js@https://registry.npmjs.org/@supabase/functions-js/-/functions-js-2.97.0.tgz 0ms (cache hit)
2291 http cache @supabase/auth-js@https://registry.npmjs.org/@supabase/auth-js/-/auth-js-2.97.0.tgz 0ms (cache hit)
2292 http cache @radix-ui/number@https://registry.npmjs.org/@radix-ui/number/-/number-1.1.0.tgz 0ms (cache hit)
2293 http cache @supabase/realtime-js@https://registry.npmjs.org/@supabase/realtime-js/-/realtime-js-2.97.0.tgz 0ms (cache hit)
2294 http cache @floating-ui/dom@https://registry.npmjs.org/@floating-ui/dom/-/dom-1.7.5.tgz 0ms (cache hit)
2295 http cache @supabase/postgrest-js@https://registry.npmjs.org/@supabase/postgrest-js/-/postgrest-js-2.97.0.tgz 0ms (cache hit)
2296 http cache @floating-ui/core@https://registry.npmjs.org/@floating-ui/core/-/core-1.7.4.tgz 0ms (cache hit)
2297 http cache @radix-ui/react-use-rect@https://registry.npmjs.org/@radix-ui/react-use-rect/-/react-use-rect-1.1.0.tgz 0ms (cache hit)
2298 http cache @floating-ui/utils@https://registry.npmjs.org/@floating-ui/utils/-/utils-0.2.10.tgz 0ms (cache hit)
2299 http cache @radix-ui/react-arrow@https://registry.npmjs.org/@radix-ui/react-arrow/-/react-arrow-1.1.2.tgz 0ms (cache hit)
2300 http cache @floating-ui/react-dom@https://registry.npmjs.org/@floating-ui/react-dom/-/react-dom-2.1.7.tgz 0ms (cache hit)
2301 http cache @radix-ui/rect@https://registry.npmjs.org/@radix-ui/rect/-/rect-1.1.0.tgz 0ms (cache hit)
2302 http cache @radix-ui/react-visually-hidden@https://registry.npmjs.org/@radix-ui/react-visually-hidden/-/react-visually-hidden-1.1.2.tgz 0ms (cache hit)
2303 http cache @radix-ui/react-roving-focus@https://registry.npmjs.org/@radix-ui/react-roving-focus/-/react-roving-focus-1.1.2.tgz 0ms (cache hit)
2304 http cache @radix-ui/react-popper@https://registry.npmjs.org/@radix-ui/react-popper/-/react-popper-1.2.2.tgz 0ms (cache hit)
2305 http cache @radix-ui/react-use-escape-keydown@https://registry.npmjs.org/@radix-ui/react-use-escape-keydown/-/react-use-escape-keydown-1.1.0.tgz 0ms (cache hit)
2306 http cache aria-hidden@https://registry.npmjs.org/aria-hidden/-/aria-hidden-1.2.6.tgz 0ms (cache hit)
2307 http cache react-remove-scroll@https://registry.npmjs.org/react-remove-scroll/-/react-remove-scroll-2.7.2.tgz 0ms (cache hit)
2308 http cache @radix-ui/react-focus-scope@https://registry.npmjs.org/@radix-ui/react-focus-scope/-/react-focus-scope-1.1.2.tgz 0ms (cache hit)
2309 http cache @radix-ui/react-portal@https://registry.npmjs.org/@radix-ui/react-portal/-/react-portal-1.1.4.tgz 0ms (cache hit)
2310 http cache @radix-ui/react-menu@https://registry.npmjs.org/@radix-ui/react-menu/-/react-menu-2.1.6.tgz 0ms (cache hit)
2311 http cache @radix-ui/react-use-size@https://registry.npmjs.org/@radix-ui/react-use-size/-/react-use-size-1.1.0.tgz 0ms (cache hit)
2312 http cache @radix-ui/react-focus-guards@https://registry.npmjs.org/@radix-ui/react-focus-guards/-/react-focus-guards-1.1.1.tgz 0ms (cache hit)
2313 http cache @radix-ui/react-use-previous@https://registry.npmjs.org/@radix-ui/react-use-previous/-/react-use-previous-1.1.0.tgz 0ms (cache hit)
2314 http cache @radix-ui/react-presence@https://registry.npmjs.org/@radix-ui/react-presence/-/react-presence-1.1.2.tgz 0ms (cache hit)
2315 http cache @radix-ui/react-dismissable-layer@https://registry.npmjs.org/@radix-ui/react-dismissable-layer/-/react-dismissable-layer-1.1.5.tgz 0ms (cache hit)
2316 http cache @radix-ui/react-use-layout-effect@https://registry.npmjs.org/@radix-ui/react-use-layout-effect/-/react-use-layout-effect-1.1.0.tgz 0ms (cache hit)
2317 http cache @radix-ui/react-use-controllable-state@https://registry.npmjs.org/@radix-ui/react-use-controllable-state/-/react-use-controllable-state-1.1.0.tgz 0ms (cache hit)
2318 http cache @radix-ui/react-primitive@https://registry.npmjs.org/@radix-ui/react-primitive/-/react-primitive-2.0.2.tgz 0ms (cache hit)
2319 http cache @radix-ui/react-id@https://registry.npmjs.org/@radix-ui/react-id/-/react-id-1.1.0.tgz 0ms (cache hit)
2320 http cache @radix-ui/react-direction@https://registry.npmjs.org/@radix-ui/react-direction/-/react-direction-1.1.0.tgz 0ms (cache hit)
2321 http cache @radix-ui/react-context@https://registry.npmjs.org/@radix-ui/react-context/-/react-context-1.1.1.tgz 0ms (cache hit)
2322 http cache @radix-ui/react-compose-refs@https://registry.npmjs.org/@radix-ui/react-compose-refs/-/react-compose-refs-1.1.1.tgz 0ms (cache hit)
2323 http cache @radix-ui/react-use-callback-ref@https://registry.npmjs.org/@radix-ui/react-use-callback-ref/-/react-use-callback-ref-1.1.0.tgz 0ms (cache hit)
2324 http cache @radix-ui/react-collection@https://registry.npmjs.org/@radix-ui/react-collection/-/react-collection-1.1.2.tgz 0ms (cache hit)
2325 http cache @radix-ui/primitive@https://registry.npmjs.org/@radix-ui/primitive/-/primitive-1.1.1.tgz 0ms (cache hit)
2326 http cache prop-types@https://registry.npmjs.org/prop-types/-/prop-types-15.8.1.tgz 0ms (cache hit)
2327 http cache @types/prop-types@https://registry.npmjs.org/@types/prop-types/-/prop-types-15.7.15.tgz 0ms (cache hit)
2328 http cache @types/react@https://registry.npmjs.org/@types/react/-/react-19.2.14.tgz 0ms (cache hit)
2329 http cache react-is@https://registry.npmjs.org/react-is/-/react-is-19.2.4.tgz 0ms (cache hit)
2330 http cache @mui/styled-engine@https://registry.npmjs.org/@mui/styled-engine/-/styled-engine-7.3.8.tgz 0ms (cache hit)
2331 http cache react-transition-group@https://registry.npmjs.org/react-transition-group/-/react-transition-group-4.4.5.tgz 0ms (cache hit)
2332 http cache @types/react-transition-group@https://registry.npmjs.org/@types/react-transition-group/-/react-transition-group-4.4.12.tgz 0ms (cache hit)
2333 http cache @mui/private-theming@https://registry.npmjs.org/@mui/private-theming/-/private-theming-7.3.8.tgz 0ms (cache hit)
2334 http cache @mui/core-downloads-tracker@https://registry.npmjs.org/@mui/core-downloads-tracker/-/core-downloads-tracker-7.3.8.tgz 0ms (cache hit)
2335 http cache @mui/utils@https://registry.npmjs.org/@mui/utils/-/utils-7.3.8.tgz 0ms (cache hit)
2336 http cache @jridgewell/resolve-uri@https://registry.npmjs.org/@jridgewell/resolve-uri/-/resolve-uri-3.1.2.tgz 0ms (cache hit)
2337 http cache @mui/types@https://registry.npmjs.org/@mui/types/-/types-7.4.11.tgz 0ms (cache hit)
2338 http cache @mui/system@https://registry.npmjs.org/@mui/system/-/system-7.3.8.tgz 0ms (cache hit)
2339 http cache @jridgewell/sourcemap-codec@https://registry.npmjs.org/@jridgewell/sourcemap-codec/-/sourcemap-codec-1.5.5.tgz 0ms (cache hit)
2340 http cache @emotion/unitless@https://registry.npmjs.org/@emotion/unitless/-/unitless-0.10.0.tgz 0ms (cache hit)
2341 http cache @emotion/is-prop-valid@https://registry.npmjs.org/@emotion/is-prop-valid/-/is-prop-valid-1.4.0.tgz 0ms (cache hit)
2342 http cache @emotion/sheet@https://registry.npmjs.org/@emotion/sheet/-/sheet-1.4.0.tgz 0ms (cache hit)
2343 http cache csstype@https://registry.npmjs.org/csstype/-/csstype-3.2.3.tgz 0ms (cache hit)
2344 http cache @babel/helper-string-parser@https://registry.npmjs.org/@babel/helper-string-parser/-/helper-string-parser-7.27.1.tgz 0ms (cache hit)
2345 http cache jsesc@https://registry.npmjs.org/jsesc/-/jsesc-3.1.0.tgz 0ms (cache hit)
2346 http cache @jridgewell/gen-mapping@https://registry.npmjs.org/@jridgewell/gen-mapping/-/gen-mapping-0.3.13.tgz 0ms (cache hit)
2347 http cache picocolors@https://registry.npmjs.org/picocolors/-/picocolors-1.1.1.tgz 0ms (cache hit)
2348 http cache @babel/helper-validator-identifier@https://registry.npmjs.org/@babel/helper-validator-identifier/-/helper-validator-identifier-7.28.5.tgz 0ms (cache hit)
2349 http cache js-tokens@https://registry.npmjs.org/js-tokens/-/js-tokens-4.0.0.tgz 0ms (cache hit)
2350 http cache @babel/template@https://registry.npmjs.org/@babel/template/-/template-7.28.6.tgz 0ms (cache hit)
2351 http cache debug@https://registry.npmjs.org/debug/-/debug-4.4.3.tgz 0ms (cache hit)
2352 http cache @babel/parser@https://registry.npmjs.org/@babel/parser/-/parser-7.29.0.tgz 0ms (cache hit)
2353 http cache @babel/helper-globals@https://registry.npmjs.org/@babel/helper-globals/-/helper-globals-7.28.0.tgz 0ms (cache hit)
2354 http cache @babel/generator@https://registry.npmjs.org/@babel/generator/-/generator-7.29.1.tgz 0ms (cache hit)
2355 http cache @jridgewell/trace-mapping@https://registry.npmjs.org/@jridgewell/trace-mapping/-/trace-mapping-0.3.31.tgz 0ms (cache hit)
2356 http cache @babel/types@https://registry.npmjs.org/@babel/types/-/types-7.29.0.tgz 0ms (cache hit)
2357 http cache @babel/traverse@https://registry.npmjs.org/@babel/traverse/-/traverse-7.29.0.tgz 0ms (cache hit)
2358 http cache find-root@https://registry.npmjs.org/find-root/-/find-root-1.1.0.tgz 0ms (cache hit)
2359 http cache stylis@https://registry.npmjs.org/stylis/-/stylis-4.2.0.tgz 0ms (cache hit)
2360 http cache convert-source-map@https://registry.npmjs.org/convert-source-map/-/convert-source-map-1.9.0.tgz 0ms (cache hit)
2361 http cache escape-string-regexp@https://registry.npmjs.org/escape-string-regexp/-/escape-string-regexp-4.0.0.tgz 0ms (cache hit)
2362 http cache @babel/code-frame@https://registry.npmjs.org/@babel/code-frame/-/code-frame-7.29.0.tgz 0ms (cache hit)
2363 http cache source-map@https://registry.npmjs.org/source-map/-/source-map-0.5.7.tgz 0ms (cache hit)
2364 http cache babel-plugin-macros@https://registry.npmjs.org/babel-plugin-macros/-/babel-plugin-macros-3.1.0.tgz 0ms (cache hit)
2365 http cache @emotion/memoize@https://registry.npmjs.org/@emotion/memoize/-/memoize-0.9.0.tgz 0ms (cache hit)
2366 http cache @emotion/hash@https://registry.npmjs.org/@emotion/hash/-/hash-0.9.2.tgz 0ms (cache hit)
2367 http cache hoist-non-react-statics@https://registry.npmjs.org/hoist-non-react-statics/-/hoist-non-react-statics-3.3.2.tgz 0ms (cache hit)
2368 http cache @babel/helper-module-imports@https://registry.npmjs.org/@babel/helper-module-imports/-/helper-module-imports-7.28.6.tgz 0ms (cache hit)
2369 http cache @emotion/weak-memoize@https://registry.npmjs.org/@emotion/weak-memoize/-/weak-memoize-0.4.0.tgz 0ms (cache hit)
2370 http cache @emotion/use-insertion-effect-with-fallbacks@https://registry.npmjs.org/@emotion/use-insertion-effect-with-fallbacks/-/use-insertion-effect-with-fallbacks-1.2.0.tgz 0ms (cache hit)
2371 http cache @emotion/serialize@https://registry.npmjs.org/@emotion/serialize/-/serialize-1.3.3.tgz 0ms (cache hit)
2372 http cache @emotion/babel-plugin@https://registry.npmjs.org/@emotion/babel-plugin/-/babel-plugin-11.13.5.tgz 0ms (cache hit)
2373 http cache @babel/runtime@https://registry.npmjs.org/@babel/runtime/-/runtime-7.28.6.tgz 0ms (cache hit)
2374 http cache vaul@https://registry.npmjs.org/vaul/-/vaul-1.1.2.tgz 0ms (cache hit)
2375 http cache @emotion/cache@https://registry.npmjs.org/@emotion/cache/-/cache-11.14.0.tgz 0ms (cache hit)
2376 http cache @emotion/utils@https://registry.npmjs.org/@emotion/utils/-/utils-1.4.2.tgz 0ms (cache hit)
2377 http cache tw-animate-css@https://registry.npmjs.org/tw-animate-css/-/tw-animate-css-1.3.8.tgz 0ms (cache hit)
2378 http cache tailwind-merge@https://registry.npmjs.org/tailwind-merge/-/tailwind-merge-3.2.0.tgz 0ms (cache hit)
2379 http cache sonner@https://registry.npmjs.org/sonner/-/sonner-2.0.3.tgz 0ms (cache hit)
2380 http cache react-slick@https://registry.npmjs.org/react-slick/-/react-slick-0.31.0.tgz 0ms (cache hit)
2381 http cache tailwindcss@https://registry.npmjs.org/tailwindcss/-/tailwindcss-4.1.12.tgz 0ms (cache hit)
2382 http cache react-responsive-masonry@https://registry.npmjs.org/react-responsive-masonry/-/react-responsive-masonry-2.7.1.tgz 0ms (cache hit)
2383 http cache react-router-dom@https://registry.npmjs.org/react-router-dom/-/react-router-dom-7.13.0.tgz 0ms (cache hit)
2384 http cache react-popper@https://registry.npmjs.org/react-popper/-/react-popper-2.3.0.tgz 0ms (cache hit)
2385 http cache react-hook-form@https://registry.npmjs.org/react-hook-form/-/react-hook-form-7.55.0.tgz 0ms (cache hit)
2386 http cache react-dnd-html5-backend@https://registry.npmjs.org/react-dnd-html5-backend/-/react-dnd-html5-backend-16.0.1.tgz 0ms (cache hit)
2387 http cache recharts@https://registry.npmjs.org/recharts/-/recharts-2.15.2.tgz 0ms (cache hit)
2388 http cache react-dnd@https://registry.npmjs.org/react-dnd/-/react-dnd-16.0.1.tgz 0ms (cache hit)
2389 http cache react-resizable-panels@https://registry.npmjs.org/react-resizable-panels/-/react-resizable-panels-2.1.7.tgz 0ms (cache hit)
2390 http cache react-day-picker@https://registry.npmjs.org/react-day-picker/-/react-day-picker-8.10.1.tgz 0ms (cache hit)
2391 http cache motion@https://registry.npmjs.org/motion/-/motion-12.23.24.tgz 0ms (cache hit)
2392 http cache lucide-react@https://registry.npmjs.org/lucide-react/-/lucide-react-0.487.0.tgz 0ms (cache hit)
2393 http cache input-otp@https://registry.npmjs.org/input-otp/-/input-otp-1.4.2.tgz 0ms (cache hit)
2394 http cache date-fns@https://registry.npmjs.org/date-fns/-/date-fns-3.6.0.tgz 0ms (cache hit)
2395 http cache embla-carousel-react@https://registry.npmjs.org/embla-carousel-react/-/embla-carousel-react-8.6.0.tgz 0ms (cache hit)
2396 http cache cmdk@https://registry.npmjs.org/cmdk/-/cmdk-1.1.1.tgz 0ms (cache hit)
2397 http cache clsx@https://registry.npmjs.org/clsx/-/clsx-2.1.1.tgz 0ms (cache hit)
2398 http cache next-themes@https://registry.npmjs.org/next-themes/-/next-themes-0.4.6.tgz 0ms (cache hit)
2399 http cache class-variance-authority@https://registry.npmjs.org/class-variance-authority/-/class-variance-authority-0.7.1.tgz 0ms (cache hit)
2400 http cache @tailwindcss/vite@https://registry.npmjs.org/@tailwindcss/vite/-/vite-4.1.12.tgz 0ms (cache hit)
2401 http cache @vitejs/plugin-react@https://registry.npmjs.org/@vitejs/plugin-react/-/plugin-react-4.7.0.tgz 0ms (cache hit)
2402 http cache vite@https://registry.npmjs.org/vite/-/vite-6.3.5.tgz 0ms (cache hit)
2403 http cache @supabase/supabase-js@https://registry.npmjs.org/@supabase/supabase-js/-/supabase-js-2.97.0.tgz 0ms (cache hit)
2404 http cache @radix-ui/react-tooltip@https://registry.npmjs.org/@radix-ui/react-tooltip/-/react-tooltip-1.1.8.tgz 0ms (cache hit)
2405 http cache @radix-ui/react-toggle-group@https://registry.npmjs.org/@radix-ui/react-toggle-group/-/react-toggle-group-1.1.2.tgz 0ms (cache hit)
2406 http cache @radix-ui/react-toggle@https://registry.npmjs.org/@radix-ui/react-toggle/-/react-toggle-1.1.2.tgz 0ms (cache hit)
2407 http cache @radix-ui/react-tabs@https://registry.npmjs.org/@radix-ui/react-tabs/-/react-tabs-1.1.3.tgz 0ms (cache hit)
2408 http cache @radix-ui/react-slot@https://registry.npmjs.org/@radix-ui/react-slot/-/react-slot-1.1.2.tgz 0ms (cache hit)
2409 http cache @radix-ui/react-switch@https://registry.npmjs.org/@radix-ui/react-switch/-/react-switch-1.1.3.tgz 0ms (cache hit)
2410 http cache @radix-ui/react-slider@https://registry.npmjs.org/@radix-ui/react-slider/-/react-slider-1.2.3.tgz 0ms (cache hit)
2411 http cache @radix-ui/react-select@https://registry.npmjs.org/@radix-ui/react-select/-/react-select-2.1.6.tgz 0ms (cache hit)
2412 http cache @radix-ui/react-separator@https://registry.npmjs.org/@radix-ui/react-separator/-/react-separator-1.1.2.tgz 0ms (cache hit)
2413 http cache @radix-ui/react-radio-group@https://registry.npmjs.org/@radix-ui/react-radio-group/-/react-radio-group-1.2.3.tgz 0ms (cache hit)
2414 http cache @radix-ui/react-popover@https://registry.npmjs.org/@radix-ui/react-popover/-/react-popover-1.1.6.tgz 0ms (cache hit)
2415 http cache @radix-ui/react-progress@https://registry.npmjs.org/@radix-ui/react-progress/-/react-progress-1.1.2.tgz 0ms (cache hit)
2416 http cache @radix-ui/react-navigation-menu@https://registry.npmjs.org/@radix-ui/react-navigation-menu/-/react-navigation-menu-1.2.5.tgz 0ms (cache hit)
2417 http cache @radix-ui/react-menubar@https://registry.npmjs.org/@radix-ui/react-menubar/-/react-menubar-1.1.6.tgz 0ms (cache hit)
2418 http cache @radix-ui/react-scroll-area@https://registry.npmjs.org/@radix-ui/react-scroll-area/-/react-scroll-area-1.2.3.tgz 0ms (cache hit)
2419 http cache @radix-ui/react-hover-card@https://registry.npmjs.org/@radix-ui/react-hover-card/-/react-hover-card-1.1.6.tgz 0ms (cache hit)
2420 http cache @radix-ui/react-collapsible@https://registry.npmjs.org/@radix-ui/react-collapsible/-/react-collapsible-1.1.3.tgz 0ms (cache hit)
2421 http cache @radix-ui/react-context-menu@https://registry.npmjs.org/@radix-ui/react-context-menu/-/react-context-menu-2.2.6.tgz 0ms (cache hit)
2422 http cache @radix-ui/react-label@https://registry.npmjs.org/@radix-ui/react-label/-/react-label-2.1.2.tgz 0ms (cache hit)
2423 http cache @radix-ui/react-dialog@https://registry.npmjs.org/@radix-ui/react-dialog/-/react-dialog-1.1.6.tgz 0ms (cache hit)
2424 http cache @radix-ui/react-checkbox@https://registry.npmjs.org/@radix-ui/react-checkbox/-/react-checkbox-1.1.4.tgz 0ms (cache hit)
2425 http cache @radix-ui/react-aspect-ratio@https://registry.npmjs.org/@radix-ui/react-aspect-ratio/-/react-aspect-ratio-1.1.2.tgz 0ms (cache hit)
2426 http cache @radix-ui/react-alert-dialog@https://registry.npmjs.org/@radix-ui/react-alert-dialog/-/react-alert-dialog-1.1.6.tgz 0ms (cache hit)
2427 http cache @popperjs/core@https://registry.npmjs.org/@popperjs/core/-/core-2.11.8.tgz 0ms (cache hit)
2428 http cache react-dom@https://registry.npmjs.org/react-dom/-/react-dom-18.3.1.tgz 0ms (cache hit)
2429 http cache @mui/material@https://registry.npmjs.org/@mui/material/-/material-7.3.5.tgz 0ms (cache hit)
2430 http cache @radix-ui/react-avatar@https://registry.npmjs.org/@radix-ui/react-avatar/-/react-avatar-1.1.3.tgz 0ms (cache hit)
2431 http cache @mui/icons-material@https://registry.npmjs.org/@mui/icons-material/-/icons-material-7.3.5.tgz 0ms (cache hit)
2432 http cache react@https://registry.npmjs.org/react/-/react-18.3.1.tgz 0ms (cache hit)
2433 http cache @radix-ui/react-accordion@https://registry.npmjs.org/@radix-ui/react-accordion/-/react-accordion-1.2.3.tgz 0ms (cache hit)
2434 http cache @emotion/styled@https://registry.npmjs.org/@emotion/styled/-/styled-11.14.1.tgz 0ms (cache hit)
2435 http cache @emotion/react@https://registry.npmjs.org/@emotion/react/-/react-11.14.0.tgz 0ms (cache hit)
2436 http cache convert-source-map@https://registry.npmjs.org/convert-source-map/-/convert-source-map-2.0.0.tgz 0ms (cache hit)
2437 http cache yallist@https://registry.npmjs.org/yallist/-/yallist-5.0.0.tgz 0ms (cache hit)
2438 http cache yaml@https://registry.npmjs.org/yaml/-/yaml-1.10.2.tgz 0ms (cache hit)
2439 http cache @radix-ui/react-dropdown-menu@https://registry.npmjs.org/@radix-ui/react-dropdown-menu/-/react-dropdown-menu-2.1.6.tgz 0ms (cache hit)
2440 http cache react-is@https://registry.npmjs.org/react-is/-/react-is-16.13.1.tgz 0ms (cache hit)
2441 http cache react-is@https://registry.npmjs.org/react-is/-/react-is-16.13.1.tgz 0ms (cache hit)
2442 http cache react-is@https://registry.npmjs.org/react-is/-/react-is-18.3.1.tgz 0ms (cache hit)
2443 info run fsevents@2.3.3 install node_modules/fsevents node-gyp rebuild
2444 info run fsevents@2.3.3 install { code: 1, signal: null }
2445 verbose reify failed optional dependency /Users/mac/Downloads/Elevate-Educate/node_modules/fsevents
2446 silly reify mark deleted [ '/Users/mac/Downloads/Elevate-Educate/node_modules/fsevents' ]
2447 info run @tailwindcss/oxide@4.1.12 postinstall node_modules/@tailwindcss/oxide node ./scripts/install.js
2448 info run esbuild@0.25.12 postinstall node_modules/esbuild node install.js
2449 info run @tailwindcss/oxide@4.1.12 postinstall { code: 0, signal: null }
2450 info run esbuild@0.25.12 postinstall { code: 0, signal: null }
2451 silly ADD node_modules/@types/estree
2452 silly ADD node_modules/@rollup/rollup-darwin-arm64
2453 silly ADD node_modules/nanoid
2454 silly ADD node_modules/@esbuild/darwin-arm64
2455 silly ADD node_modules/yaml
2456 silly ADD node_modules/tinyglobby
2457 silly ADD node_modules/rollup
2458 silly ADD node_modules/postcss
2459 silly ADD node_modules/picomatch
2460 silly ADD
2461 silly ADD node_modules/fdir
2462 silly ADD node_modules/esbuild
2463 silly ADD node_modules/d3-path
2464 silly ADD node_modules/d3-time-format
2465 silly ADD node_modules/d3-format
2466 silly ADD node_modules/d3-color
2467 silly ADD node_modules/internmap
2468 silly ADD node_modules/@types/d3-path
2469 silly ADD node_modules/@types/d3-color
2470 silly ADD node_modules/d3-timer
2471 silly ADD node_modules/d3-time
2472 silly ADD node_modules/d3-shape
2473 silly ADD node_modules/d3-scale
2474 silly ADD node_modules/d3-interpolate
2475 silly ADD node_modules/d3-ease
2476 silly ADD node_modules/d3-array
2477 silly ADD node_modules/@types/d3-timer
2478 silly ADD node_modules/@types/d3-time
2479 silly ADD node_modules/@types/d3-shape
2480 silly ADD node_modules/@types/d3-scale
2481 silly ADD node_modules/@types/d3-interpolate
2482 silly ADD node_modules/@types/d3-ease
2483 silly ADD node_modules/@types/d3-array
2484 silly ADD node_modules/detect-node-es
2485 silly ADD node_modules/escalade
2486 silly ADD node_modules/minizlib
2487 silly ADD node_modules/minipass
2488 silly ADD node_modules/chownr
2489 silly ADD node_modules/@isaacs/fs-minipass
2490 silly ADD node_modules/function-bind
2491 silly ADD node_modules/hasown
2492 silly ADD node_modules/supports-preserve-symlinks-flag
2493 silly ADD node_modules/path-parse
2494 silly ADD node_modules/is-core-module
2495 silly ADD node_modules/decimal.js-light
2496 silly ADD node_modules/fast-equals
2497 silly ADD node_modules/victory-vendor
2498 silly ADD node_modules/tiny-invariant
2499 silly ADD node_modules/recharts-scale
2500 silly ADD node_modules/react-smooth
2501 silly ADD node_modules/lodash
2502 silly ADD node_modules/eventemitter3
2503 silly ADD node_modules/dom-helpers
2504 silly ADD node_modules/get-nonce
2505 silly ADD node_modules/string-convert
2506 silly ADD node_modules/resize-observer-polyfill
2507 silly ADD node_modules/lodash.debounce
2508 silly ADD node_modules/json2mq
2509 silly ADD node_modules/classnames
2510 silly ADD node_modules/set-cookie-parser
2511 silly ADD node_modules/cookie
2512 silly ADD node_modules/react-router
2513 silly ADD node_modules/use-sidecar
2514 silly ADD node_modules/use-callback-ref
2515 silly ADD node_modules/react-style-singleton
2516 silly ADD node_modules/react-remove-scroll-bar
2517 silly ADD node_modules/warning
2518 silly ADD node_modules/react-fast-compare
2519 silly ADD node_modules/scheduler
2520 silly ADD node_modules/redux
2521 silly ADD node_modules/@react-dnd/asap
2522 silly ADD node_modules/fast-deep-equal
2523 silly ADD node_modules/dnd-core
2524 silly ADD node_modules/@react-dnd/shallowequal
2525 silly ADD node_modules/@react-dnd/invariant
2526 silly ADD node_modules/object-assign
2527 silly ADD node_modules/loose-envify
2528 silly ADD node_modules/is-arrayish
2529 silly ADD node_modules/lines-and-columns
2530 silly ADD node_modules/json-parse-even-better-errors
2531 silly ADD node_modules/error-ex
2532 silly ADD node_modules/callsites
2533 silly ADD node_modules/motion-utils
2534 silly ADD node_modules/motion-dom
2535 silly ADD node_modules/framer-motion
2536 silly ADD node_modules/yallist
2537 silly ADD node_modules/lightningcss-darwin-arm64
2538 silly ADD node_modules/resolve-from
2539 silly ADD node_modules/parent-module
2540 silly ADD node_modules/tapable
2541 silly ADD node_modules/graceful-fs
2542 silly ADD node_modules/embla-carousel-reactive-utils
2543 silly ADD node_modules/embla-carousel
2544 silly ADD node_modules/ms
2545 silly ADD node_modules/path-type
2546 silly ADD node_modules/parse-json
2547 silly ADD node_modules/import-fresh
2548 silly ADD node_modules/@types/parse-json
2549 silly ADD node_modules/update-browserslist-db
2550 silly ADD node_modules/node-releases
2551 silly ADD node_modules/electron-to-chromium
2552 silly ADD node_modules/caniuse-lite
2553 silly ADD node_modules/baseline-browser-mapping
2554 silly ADD node_modules/resolve
2555 silly ADD node_modules/cosmiconfig
2556 silly ADD node_modules/cosmiconfig/node_modules/yaml
2557 silly ADD node_modules/@types/babel__traverse
2558 silly ADD node_modules/@types/babel__template
2559 silly ADD node_modules/@types/babel__generator
2560 silly ADD node_modules/@babel/helper-plugin-utils
2561 silly ADD node_modules/lru-cache
2562 silly ADD node_modules/browserslist
2563 silly ADD node_modules/@babel/helper-validator-option
2564 silly ADD node_modules/@babel/compat-data
2565 silly ADD node_modules/semver
2566 silly ADD node_modules/json5
2567 silly ADD node_modules/gensync
2568 silly ADD node_modules/@babel/helpers
2569 silly ADD node_modules/@babel/helper-module-transforms
2570 silly ADD node_modules/@babel/helper-compilation-targets
2571 silly ADD node_modules/react-refresh
2572 silly ADD node_modules/@types/babel__core
2573 silly ADD node_modules/@rolldown/pluginutils
2574 silly ADD node_modules/@babel/plugin-transform-react-jsx-source
2575 silly ADD node_modules/@babel/plugin-transform-react-jsx-self
2576 silly ADD node_modules/@babel/core
2577 silly ADD node_modules/@babel/core/node_modules/convert-source-map
2578 silly ADD node_modules/undici-types
2579 silly ADD node_modules/@types/node
2580 silly ADD node_modules/tar
2581 silly ADD node_modules/tar/node_modules/yallist
2582 silly ADD node_modules/detect-libc
2583 silly ADD node_modules/@tailwindcss/oxide-darwin-arm64
2584 silly ADD node_modules/source-map-js
2585 silly ADD node_modules/magic-string
2586 silly ADD node_modules/lightningcss
2587 silly ADD node_modules/jiti
2588 silly ADD node_modules/enhanced-resolve
2589 silly ADD node_modules/@jridgewell/remapping
2590 silly ADD node_modules/@tailwindcss/oxide
2591 silly ADD node_modules/@tailwindcss/node
2592 silly ADD node_modules/iceberg-js
2593 silly ADD node_modules/ws
2594 silly ADD node_modules/@types/ws
2595 silly ADD node_modules/@types/phoenix
2596 silly ADD node_modules/tslib
2597 silly ADD node_modules/@supabase/storage-js
2598 silly ADD node_modules/@supabase/realtime-js
2599 silly ADD node_modules/@supabase/postgrest-js
2600 silly ADD node_modules/@supabase/functions-js
2601 silly ADD node_modules/@supabase/auth-js
2602 silly ADD node_modules/@radix-ui/number
2603 silly ADD node_modules/@floating-ui/utils
2604 silly ADD node_modules/@floating-ui/core
2605 silly ADD node_modules/@floating-ui/dom
2606 silly ADD node_modules/@radix-ui/rect
2607 silly ADD node_modules/@radix-ui/react-use-rect
2608 silly ADD node_modules/@radix-ui/react-arrow
2609 silly ADD node_modules/@floating-ui/react-dom
2610 silly ADD node_modules/@radix-ui/react-visually-hidden
2611 silly ADD node_modules/@radix-ui/react-roving-focus
2612 silly ADD node_modules/@radix-ui/react-popper
2613 silly ADD node_modules/@radix-ui/react-use-escape-keydown
2614 silly ADD node_modules/react-remove-scroll
2615 silly ADD node_modules/aria-hidden
2616 silly ADD node_modules/@radix-ui/react-portal
2617 silly ADD node_modules/@radix-ui/react-focus-scope
2618 silly ADD node_modules/@radix-ui/react-focus-guards
2619 silly ADD node_modules/@radix-ui/react-dismissable-layer
2620 silly ADD node_modules/@radix-ui/react-menu
2621 silly ADD node_modules/@radix-ui/react-use-size
2622 silly ADD node_modules/@radix-ui/react-use-previous
2623 silly ADD node_modules/@radix-ui/react-presence
2624 silly ADD node_modules/@radix-ui/react-use-layout-effect
2625 silly ADD node_modules/@radix-ui/react-use-callback-ref
2626 silly ADD node_modules/@radix-ui/react-use-controllable-state
2627 silly ADD node_modules/@radix-ui/react-primitive
2628 silly ADD node_modules/@radix-ui/react-id
2629 silly ADD node_modules/@radix-ui/react-direction
2630 silly ADD node_modules/@radix-ui/react-context
2631 silly ADD node_modules/@radix-ui/react-compose-refs
2632 silly ADD node_modules/@radix-ui/react-collection
2633 silly ADD node_modules/@radix-ui/primitive
2634 silly ADD node_modules/@types/prop-types
2635 silly ADD node_modules/@mui/styled-engine
2636 silly ADD node_modules/@mui/private-theming
2637 silly ADD node_modules/react-transition-group
2638 silly ADD node_modules/react-is
2639 silly ADD node_modules/prop-types
2640 silly ADD node_modules/prop-types/node_modules/react-is
2641 silly ADD node_modules/@types/react
2642 silly ADD node_modules/@types/react-transition-group
2643 silly ADD node_modules/@mui/utils
2644 silly ADD node_modules/@mui/types
2645 silly ADD node_modules/@mui/system
2646 silly ADD node_modules/@mui/core-downloads-tracker
2647 silly ADD node_modules/@jridgewell/resolve-uri
2648 silly ADD node_modules/@jridgewell/sourcemap-codec
2649 silly ADD node_modules/@emotion/is-prop-valid
2650 silly ADD node_modules/csstype
2651 silly ADD node_modules/@emotion/unitless
2652 silly ADD node_modules/@emotion/sheet
2653 silly ADD node_modules/@babel/helper-string-parser
2654 silly ADD node_modules/jsesc
2655 silly ADD node_modules/@jridgewell/trace-mapping
2656 silly ADD node_modules/@jridgewell/gen-mapping
2657 silly ADD node_modules/picocolors
2658 silly ADD node_modules/js-tokens
2659 silly ADD node_modules/@babel/helper-validator-identifier
2660 silly ADD node_modules/debug
2661 silly ADD node_modules/@babel/template
2662 silly ADD node_modules/@babel/parser
2663 silly ADD node_modules/@babel/helper-globals
2664 silly ADD node_modules/@babel/generator
2665 silly ADD node_modules/@babel/code-frame
2666 silly ADD node_modules/@babel/types
2667 silly ADD node_modules/@babel/traverse
2668 silly ADD node_modules/stylis
2669 silly ADD node_modules/source-map
2670 silly ADD node_modules/find-root
2671 silly ADD node_modules/escape-string-regexp
2672 silly ADD node_modules/convert-source-map
2673 silly ADD node_modules/babel-plugin-macros
2674 silly ADD node_modules/@emotion/memoize
2675 silly ADD node_modules/@emotion/hash
2676 silly ADD node_modules/@babel/helper-module-imports
2677 silly ADD node_modules/hoist-non-react-statics
2678 silly ADD node_modules/hoist-non-react-statics/node_modules/react-is
2679 silly ADD node_modules/@emotion/weak-memoize
2680 silly ADD node_modules/@emotion/utils
2681 silly ADD node_modules/@emotion/use-insertion-effect-with-fallbacks
2682 silly ADD node_modules/@emotion/serialize
2683 silly ADD node_modules/@emotion/cache
2684 silly ADD node_modules/@emotion/babel-plugin
2685 silly ADD node_modules/@babel/runtime
2686 silly ADD node_modules/vaul
2687 silly ADD node_modules/tw-animate-css
2688 silly ADD node_modules/tailwindcss
2689 silly ADD node_modules/tailwind-merge
2690 silly ADD node_modules/sonner
2691 silly ADD node_modules/recharts
2692 silly ADD node_modules/recharts/node_modules/react-is
2693 silly ADD node_modules/react-slick
2694 silly ADD node_modules/react-router-dom
2695 silly ADD node_modules/react-responsive-masonry
2696 silly ADD node_modules/react-resizable-panels
2697 silly ADD node_modules/react-popper
2698 silly ADD node_modules/react-hook-form
2699 silly ADD node_modules/react-dnd-html5-backend
2700 silly ADD node_modules/react-dnd
2701 silly ADD node_modules/react-day-picker
2702 silly ADD node_modules/next-themes
2703 silly ADD node_modules/motion
2704 silly ADD node_modules/lucide-react
2705 silly ADD node_modules/input-otp
2706 silly ADD node_modules/embla-carousel-react
2707 silly ADD node_modules/date-fns
2708 silly ADD node_modules/cmdk
2709 silly ADD node_modules/clsx
2710 silly ADD node_modules/class-variance-authority
2711 silly ADD node_modules/@vitejs/plugin-react
2712 silly ADD node_modules/vite
2713 silly ADD node_modules/@tailwindcss/vite
2714 silly ADD node_modules/@supabase/supabase-js
2715 silly ADD node_modules/@radix-ui/react-tooltip
2716 silly ADD node_modules/@radix-ui/react-toggle-group
2717 silly ADD node_modules/@radix-ui/react-toggle
2718 silly ADD node_modules/@radix-ui/react-tabs
2719 silly ADD node_modules/@radix-ui/react-switch
2720 silly ADD node_modules/@radix-ui/react-slot
2721 silly ADD node_modules/@radix-ui/react-slider
2722 silly ADD node_modules/@radix-ui/react-separator
2723 silly ADD node_modules/@radix-ui/react-select
2724 silly ADD node_modules/@radix-ui/react-scroll-area
2725 silly ADD node_modules/@radix-ui/react-radio-group
2726 silly ADD node_modules/@radix-ui/react-progress
2727 silly ADD node_modules/@radix-ui/react-popover
2728 silly ADD node_modules/@radix-ui/react-navigation-menu
2729 silly ADD node_modules/@radix-ui/react-menubar
2730 silly ADD node_modules/@radix-ui/react-label
2731 silly ADD node_modules/@radix-ui/react-hover-card
2732 silly ADD node_modules/@radix-ui/react-dropdown-menu
2733 silly ADD node_modules/@radix-ui/react-dialog
2734 silly ADD node_modules/@radix-ui/react-context-menu
2735 silly ADD node_modules/@radix-ui/react-collapsible
2736 silly ADD node_modules/@radix-ui/react-checkbox
2737 silly ADD node_modules/@radix-ui/react-avatar
2738 silly ADD node_modules/@radix-ui/react-aspect-ratio
2739 silly ADD node_modules/@radix-ui/react-alert-dialog
2740 silly ADD node_modules/@radix-ui/react-accordion
2741 silly ADD node_modules/@popperjs/core
2742 silly ADD node_modules/react-dom
2743 silly ADD node_modules/@mui/material
2744 silly ADD node_modules/@mui/icons-material
2745 silly ADD node_modules/@emotion/styled
2746 silly ADD node_modules/react
2747 silly ADD node_modules/@emotion/react
2748 verbose cwd /Users/mac/Downloads/Elevate-Educate
2749 verbose os Darwin 25.2.0
2750 verbose node v24.13.1
2751 verbose npm  v11.8.0
2752 verbose exit 0
2753 info ok
