0 verbose cli /opt/homebrew/Cellar/node@24/24.13.1/bin/node /opt/homebrew/opt/node@24/bin/npm
1 info using npm@11.8.0
2 info using node@v24.13.1
3 silly config load:file:/opt/homebrew/Cellar/node@24/24.13.1/lib/node_modules/npm/npmrc
4 silly config load:file:/Users/mac/Downloads/Elevate-Educate/.npmrc
5 silly config load:file:/Users/mac/.npmrc
6 silly config load:file:/opt/homebrew/etc/npmrc
7 verbose title npm i
8 verbose argv "i" "--cache" "./.npm-cache" "--no-audit" "--no-fund"
9 verbose logfile logs-max:10 dir:/Users/mac/Downloads/Elevate-Educate/.npm-cache/_logs/2026-02-21T00_20_19_680Z-
10 verbose logfile /Users/mac/Downloads/Elevate-Educate/.npm-cache/_logs/2026-02-21T00_20_19_680Z-debug-0.log
11 silly logfile done cleaning log files
12 silly packumentCache heap:4496293888 maxSize:1124073472 maxEntrySize:562036736
13 silly idealTree buildDeps
14 silly fetch manifest @emotion/react@11.14.0
15 silly packumentCache full:https://registry.npmjs.org/@emotion%2freact cache-miss
16 http fetch GET 200 https://registry.npmjs.org/@emotion%2freact 323ms (cache miss)
17 silly packumentCache full:https://registry.npmjs.org/@emotion%2freact set size:undefined disposed:false
18 silly fetch manifest react@18.3.1
19 silly packumentCache full:https://registry.npmjs.org/react cache-miss
20 http fetch GET 200 https://registry.npmjs.org/npm 461ms
21 http fetch GET 200 https://registry.npmjs.org/react 242ms (cache miss)
22 silly packumentCache full:https://registry.npmjs.org/react set size:undefined disposed:false
23 silly fetch manifest @emotion/styled@11.14.1
24 silly packumentCache full:https://registry.npmjs.org/@emotion%2fstyled cache-miss
25 http fetch GET 200 https://registry.npmjs.org/@emotion%2fstyled 82ms (cache miss)
26 silly packumentCache full:https://registry.npmjs.org/@emotion%2fstyled set size:undefined disposed:false
27 silly fetch manifest @mui/icons-material@7.3.5
28 silly packumentCache full:https://registry.npmjs.org/@mui%2ficons-material cache-miss
29 http fetch GET 200 https://registry.npmjs.org/@mui%2ficons-material 128ms (cache miss)
30 silly packumentCache full:https://registry.npmjs.org/@mui%2ficons-material set size:undefined disposed:false
31 silly fetch manifest @mui/material@7.3.5
32 silly packumentCache full:https://registry.npmjs.org/@mui%2fmaterial cache-miss
33 http fetch GET 200 https://registry.npmjs.org/@mui%2fmaterial 2642ms (cache miss)
34 silly packumentCache full:https://registry.npmjs.org/@mui%2fmaterial set size:undefined disposed:false
35 silly fetch manifest @mui/material-pigment-css@^7.3.5
36 silly packumentCache full:https://registry.npmjs.org/@mui%2fmaterial-pigment-css cache-miss
37 http fetch GET 200 https://registry.npmjs.org/@mui%2fmaterial-pigment-css 2465ms (cache miss)
38 silly packumentCache full:https://registry.npmjs.org/@mui%2fmaterial-pigment-css set size:undefined disposed:false
39 silly fetch manifest @pigment-css/react@^0.0.30
40 silly packumentCache full:https://registry.npmjs.org/@pigment-css%2freact cache-miss
41 http fetch GET 200 https://registry.npmjs.org/@pigment-css%2freact 1787ms (cache miss)
42 silly packumentCache full:https://registry.npmjs.org/@pigment-css%2freact set size:undefined disposed:false
43 silly fetch manifest @types/react@^17.0.0 || ^18.0.0 || ^19.0.0
44 silly packumentCache full:https://registry.npmjs.org/@types%2freact cache-miss
45 http fetch GET 200 https://registry.npmjs.org/@types%2freact 637ms (cache miss)
46 silly packumentCache full:https://registry.npmjs.org/@types%2freact set size:undefined disposed:false
47 silly fetch manifest react-dom@18.3.1
48 silly packumentCache full:https://registry.npmjs.org/react-dom cache-miss
49 http fetch GET 200 https://registry.npmjs.org/react-dom 237ms (cache miss)
50 silly packumentCache full:https://registry.npmjs.org/react-dom set size:undefined disposed:false
51 silly fetch manifest @popperjs/core@2.11.8
52 silly packumentCache full:https://registry.npmjs.org/@popperjs%2fcore cache-miss
53 http fetch GET 200 https://registry.npmjs.org/@popperjs%2fcore 73ms (cache miss)
54 silly packumentCache full:https://registry.npmjs.org/@popperjs%2fcore set size:undefined disposed:false
55 silly fetch manifest @radix-ui/react-accordion@1.2.3
56 silly packumentCache full:https://registry.npmjs.org/@radix-ui%2freact-accordion cache-miss
57 http fetch GET 200 https://registry.npmjs.org/@radix-ui%2freact-accordion 1167ms (cache miss)
58 silly packumentCache full:https://registry.npmjs.org/@radix-ui%2freact-accordion set size:undefined disposed:false
59 silly fetch manifest @types/react@*
60 silly packumentCache full:https://registry.npmjs.org/@types%2freact cache-miss
61 http cache https://registry.npmjs.org/@types%2freact 10ms (cache hit)
62 silly packumentCache full:https://registry.npmjs.org/@types%2freact set size:2588986 disposed:false
63 silly fetch manifest @types/react-dom@*
64 silly packumentCache full:https://registry.npmjs.org/@types%2freact-dom cache-miss
65 http fetch GET 200 https://registry.npmjs.org/@types%2freact-dom 85ms (cache miss)
66 silly packumentCache full:https://registry.npmjs.org/@types%2freact-dom set size:undefined disposed:false
67 silly fetch manifest @radix-ui/react-alert-dialog@1.1.6
68 silly packumentCache full:https://registry.npmjs.org/@radix-ui%2freact-alert-dialog cache-miss
69 http fetch GET 200 https://registry.npmjs.org/@radix-ui%2freact-alert-dialog 1917ms (cache miss)
70 silly packumentCache full:https://registry.npmjs.org/@radix-ui%2freact-alert-dialog set size:undefined disposed:false
71 silly fetch manifest @radix-ui/react-aspect-ratio@1.1.2
72 silly packumentCache full:https://registry.npmjs.org/@radix-ui%2freact-aspect-ratio cache-miss
73 http fetch GET 200 https://registry.npmjs.org/@radix-ui%2freact-aspect-ratio 1190ms (cache miss)
74 silly packumentCache full:https://registry.npmjs.org/@radix-ui%2freact-aspect-ratio set size:undefined disposed:false
75 silly fetch manifest @radix-ui/react-avatar@1.1.3
76 silly packumentCache full:https://registry.npmjs.org/@radix-ui%2freact-avatar cache-miss
77 http fetch GET 200 https://registry.npmjs.org/@radix-ui%2freact-avatar 1242ms (cache miss)
78 silly packumentCache full:https://registry.npmjs.org/@radix-ui%2freact-avatar set size:undefined disposed:false
79 silly fetch manifest @radix-ui/react-checkbox@1.1.4
80 silly packumentCache full:https://registry.npmjs.org/@radix-ui%2freact-checkbox cache-miss
81 http fetch GET 200 https://registry.npmjs.org/@radix-ui%2freact-checkbox 1974ms (cache miss)
82 silly packumentCache full:https://registry.npmjs.org/@radix-ui%2freact-checkbox set size:undefined disposed:false
83 silly fetch manifest @radix-ui/react-collapsible@1.1.3
84 silly packumentCache full:https://registry.npmjs.org/@radix-ui%2freact-collapsible cache-miss
85 http fetch GET 200 https://registry.npmjs.org/@radix-ui%2freact-collapsible 1173ms (cache miss)
86 silly packumentCache full:https://registry.npmjs.org/@radix-ui%2freact-collapsible set size:undefined disposed:false
87 silly fetch manifest @radix-ui/react-context-menu@2.2.6
88 silly packumentCache full:https://registry.npmjs.org/@radix-ui%2freact-context-menu cache-miss
89 http fetch GET 200 https://registry.npmjs.org/@radix-ui%2freact-context-menu 2155ms (cache miss)
90 silly packumentCache full:https://registry.npmjs.org/@radix-ui%2freact-context-menu set size:undefined disposed:false
91 silly fetch manifest @radix-ui/react-dialog@1.1.6
92 silly packumentCache full:https://registry.npmjs.org/@radix-ui%2freact-dialog cache-miss
93 http fetch GET 200 https://registry.npmjs.org/@radix-ui%2freact-dialog 346ms (cache miss)
94 silly packumentCache full:https://registry.npmjs.org/@radix-ui%2freact-dialog set size:undefined disposed:false
95 silly fetch manifest @radix-ui/react-dropdown-menu@2.1.6
96 silly packumentCache full:https://registry.npmjs.org/@radix-ui%2freact-dropdown-menu cache-miss
97 http fetch GET 200 https://registry.npmjs.org/@radix-ui%2freact-dropdown-menu 611ms (cache miss)
98 silly packumentCache full:https://registry.npmjs.org/@radix-ui%2freact-dropdown-menu set size:undefined disposed:false
99 silly fetch manifest @radix-ui/react-hover-card@1.1.6
100 silly packumentCache full:https://registry.npmjs.org/@radix-ui%2freact-hover-card cache-miss
101 http fetch GET 200 https://registry.npmjs.org/@radix-ui%2freact-hover-card 1810ms (cache miss)
102 silly packumentCache full:https://registry.npmjs.org/@radix-ui%2freact-hover-card set size:undefined disposed:false
103 silly fetch manifest @radix-ui/react-label@2.1.2
104 silly packumentCache full:https://registry.npmjs.org/@radix-ui%2freact-label cache-miss
105 http fetch GET 200 https://registry.npmjs.org/@radix-ui%2freact-label 2710ms (cache miss)
106 silly packumentCache full:https://registry.npmjs.org/@radix-ui%2freact-label set size:undefined disposed:false
107 silly fetch manifest @radix-ui/react-menubar@1.1.6
108 silly packumentCache full:https://registry.npmjs.org/@radix-ui%2freact-menubar cache-miss
109 http fetch GET 200 https://registry.npmjs.org/@radix-ui%2freact-menubar 1188ms (cache miss)
110 silly packumentCache full:https://registry.npmjs.org/@radix-ui%2freact-menubar set size:undefined disposed:false
111 silly fetch manifest @radix-ui/react-navigation-menu@1.2.5
112 silly packumentCache full:https://registry.npmjs.org/@radix-ui%2freact-navigation-menu cache-miss
113 http fetch GET 200 https://registry.npmjs.org/@radix-ui%2freact-navigation-menu 2494ms (cache miss)
114 silly packumentCache full:https://registry.npmjs.org/@radix-ui%2freact-navigation-menu set size:undefined disposed:false
115 silly fetch manifest @radix-ui/react-popover@1.1.6
116 silly packumentCache full:https://registry.npmjs.org/@radix-ui%2freact-popover cache-miss
117 http fetch GET 200 https://registry.npmjs.org/@radix-ui%2freact-popover 1890ms (cache miss)
118 silly packumentCache full:https://registry.npmjs.org/@radix-ui%2freact-popover set size:undefined disposed:false
119 silly fetch manifest @radix-ui/react-progress@1.1.2
120 silly packumentCache full:https://registry.npmjs.org/@radix-ui%2freact-progress cache-miss
121 http fetch GET 200 https://registry.npmjs.org/@radix-ui%2freact-progress 1924ms (cache miss)
122 silly packumentCache full:https://registry.npmjs.org/@radix-ui%2freact-progress set size:undefined disposed:false
123 silly fetch manifest @radix-ui/react-radio-group@1.2.3
124 silly packumentCache full:https://registry.npmjs.org/@radix-ui%2freact-radio-group cache-miss
125 http fetch GET 200 https://registry.npmjs.org/@radix-ui%2freact-radio-group 1843ms (cache miss)
126 silly packumentCache full:https://registry.npmjs.org/@radix-ui%2freact-radio-group set size:undefined disposed:false
127 silly fetch manifest @radix-ui/react-scroll-area@1.2.3
128 silly packumentCache full:https://registry.npmjs.org/@radix-ui%2freact-scroll-area cache-miss
129 http fetch GET 200 https://registry.npmjs.org/@radix-ui%2freact-scroll-area 1883ms (cache miss)
130 silly packumentCache full:https://registry.npmjs.org/@radix-ui%2freact-scroll-area set size:undefined disposed:false
131 silly fetch manifest @radix-ui/react-select@2.1.6
132 silly packumentCache full:https://registry.npmjs.org/@radix-ui%2freact-select cache-miss
133 http fetch GET 200 https://registry.npmjs.org/@radix-ui%2freact-select 546ms (cache miss)
134 silly packumentCache full:https://registry.npmjs.org/@radix-ui%2freact-select set size:undefined disposed:false
135 silly fetch manifest @radix-ui/react-separator@1.1.2
136 silly packumentCache full:https://registry.npmjs.org/@radix-ui%2freact-separator cache-miss
137 http fetch GET 200 https://registry.npmjs.org/@radix-ui%2freact-separator 1772ms (cache miss)
138 silly packumentCache full:https://registry.npmjs.org/@radix-ui%2freact-separator set size:undefined disposed:false
139 silly fetch manifest @radix-ui/react-slider@1.2.3
140 silly packumentCache full:https://registry.npmjs.org/@radix-ui%2freact-slider cache-miss
141 http fetch GET 200 https://registry.npmjs.org/@radix-ui%2freact-slider 2311ms (cache miss)
142 silly packumentCache full:https://registry.npmjs.org/@radix-ui%2freact-slider set size:undefined disposed:false
143 silly fetch manifest @radix-ui/react-slot@1.1.2
144 silly packumentCache full:https://registry.npmjs.org/@radix-ui%2freact-slot cache-miss
145 http fetch GET 200 https://registry.npmjs.org/@radix-ui%2freact-slot 643ms (cache miss)
146 silly packumentCache full:https://registry.npmjs.org/@radix-ui%2freact-slot set size:undefined disposed:false
147 silly fetch manifest @radix-ui/react-switch@1.1.3
148 silly packumentCache full:https://registry.npmjs.org/@radix-ui%2freact-switch cache-miss
149 http fetch GET 200 https://registry.npmjs.org/@radix-ui%2freact-switch 2020ms (cache miss)
150 silly packumentCache full:https://registry.npmjs.org/@radix-ui%2freact-switch set size:undefined disposed:false
151 silly fetch manifest @radix-ui/react-tabs@1.1.3
152 silly packumentCache full:https://registry.npmjs.org/@radix-ui%2freact-tabs cache-miss
153 http fetch GET 200 https://registry.npmjs.org/@radix-ui%2freact-tabs 98ms (cache miss)
154 silly packumentCache full:https://registry.npmjs.org/@radix-ui%2freact-tabs set size:undefined disposed:false
155 silly fetch manifest @radix-ui/react-toggle@1.1.2
156 silly packumentCache full:https://registry.npmjs.org/@radix-ui%2freact-toggle cache-miss
157 http fetch GET 200 https://registry.npmjs.org/@radix-ui%2freact-toggle 2590ms (cache miss)
158 silly packumentCache full:https://registry.npmjs.org/@radix-ui%2freact-toggle set size:undefined disposed:false
159 silly fetch manifest @radix-ui/react-toggle-group@1.1.2
160 silly packumentCache full:https://registry.npmjs.org/@radix-ui%2freact-toggle-group cache-miss
161 http fetch GET 200 https://registry.npmjs.org/@radix-ui%2freact-toggle-group 1294ms (cache miss)
162 silly packumentCache full:https://registry.npmjs.org/@radix-ui%2freact-toggle-group set size:undefined disposed:false
163 silly fetch manifest @radix-ui/react-tooltip@1.1.8
164 silly packumentCache full:https://registry.npmjs.org/@radix-ui%2freact-tooltip cache-miss
165 http fetch GET 200 https://registry.npmjs.org/@radix-ui%2freact-tooltip 937ms (cache miss)
166 silly packumentCache full:https://registry.npmjs.org/@radix-ui%2freact-tooltip set size:undefined disposed:false
167 silly fetch manifest @supabase/supabase-js@^2.97.0
168 silly packumentCache full:https://registry.npmjs.org/@supabase%2fsupabase-js cache-miss
169 http fetch GET 200 https://registry.npmjs.org/@supabase%2fsupabase-js 2561ms (cache miss)
170 silly packumentCache full:https://registry.npmjs.org/@supabase%2fsupabase-js set size:undefined disposed:false
171 silly fetch manifest class-variance-authority@0.7.1
172 silly packumentCache full:https://registry.npmjs.org/class-variance-authority cache-miss
173 http fetch GET 200 https://registry.npmjs.org/class-variance-authority 1182ms (cache miss)
174 silly packumentCache full:https://registry.npmjs.org/class-variance-authority set size:undefined disposed:false
175 silly fetch manifest clsx@2.1.1
176 silly packumentCache full:https://registry.npmjs.org/clsx cache-miss
177 http fetch GET 200 https://registry.npmjs.org/clsx 63ms (cache miss)
178 silly packumentCache full:https://registry.npmjs.org/clsx set size:undefined disposed:false
179 silly fetch manifest cmdk@1.1.1
180 silly packumentCache full:https://registry.npmjs.org/cmdk cache-miss
181 http fetch GET 200 https://registry.npmjs.org/cmdk 499ms (cache miss)
182 silly packumentCache full:https://registry.npmjs.org/cmdk set size:undefined disposed:false
183 silly fetch manifest date-fns@3.6.0
184 silly packumentCache full:https://registry.npmjs.org/date-fns cache-miss
185 http fetch GET 200 https://registry.npmjs.org/date-fns 624ms (cache miss)
186 silly packumentCache full:https://registry.npmjs.org/date-fns set size:undefined disposed:false
187 silly fetch manifest embla-carousel-react@8.6.0
188 silly packumentCache full:https://registry.npmjs.org/embla-carousel-react cache-miss
189 http fetch GET 200 https://registry.npmjs.org/embla-carousel-react 489ms (cache miss)
190 silly packumentCache full:https://registry.npmjs.org/embla-carousel-react set size:undefined disposed:false
191 silly fetch manifest input-otp@1.4.2
192 silly packumentCache full:https://registry.npmjs.org/input-otp cache-miss
193 http fetch GET 200 https://registry.npmjs.org/input-otp 60ms (cache miss)
194 silly packumentCache full:https://registry.npmjs.org/input-otp set size:undefined disposed:false
195 silly fetch manifest lucide-react@0.487.0
196 silly packumentCache full:https://registry.npmjs.org/lucide-react cache-miss
197 http fetch GET 200 https://registry.npmjs.org/lucide-react 99ms (cache miss)
198 silly packumentCache full:https://registry.npmjs.org/lucide-react set size:undefined disposed:false
199 silly fetch manifest motion@12.23.24
200 silly packumentCache full:https://registry.npmjs.org/motion cache-miss
201 http fetch GET 200 https://registry.npmjs.org/motion 588ms (cache miss)
202 silly packumentCache full:https://registry.npmjs.org/motion set size:undefined disposed:false
203 silly fetch manifest @emotion/is-prop-valid@*
204 silly packumentCache full:https://registry.npmjs.org/@emotion%2fis-prop-valid cache-miss
205 http fetch GET 200 https://registry.npmjs.org/@emotion%2fis-prop-valid 485ms (cache miss)
206 silly packumentCache full:https://registry.npmjs.org/@emotion%2fis-prop-valid set size:undefined disposed:false
207 silly fetch manifest next-themes@0.4.6
208 silly packumentCache full:https://registry.npmjs.org/next-themes cache-miss
209 http fetch GET 200 https://registry.npmjs.org/next-themes 1060ms (cache miss)
210 silly packumentCache full:https://registry.npmjs.org/next-themes set size:undefined disposed:false
211 silly fetch manifest react-day-picker@8.10.1
212 silly packumentCache full:https://registry.npmjs.org/react-day-picker cache-miss
213 http fetch GET 200 https://registry.npmjs.org/react-day-picker 652ms (cache miss)
214 silly packumentCache full:https://registry.npmjs.org/react-day-picker set size:undefined disposed:false
215 silly fetch manifest react-dnd@16.0.1
216 silly packumentCache full:https://registry.npmjs.org/react-dnd cache-miss
217 http fetch GET 200 https://registry.npmjs.org/react-dnd 617ms (cache miss)
218 silly packumentCache full:https://registry.npmjs.org/react-dnd set size:undefined disposed:false
219 silly fetch manifest @types/hoist-non-react-statics@>= 3.3.1
220 silly packumentCache full:https://registry.npmjs.org/@types%2fhoist-non-react-statics cache-miss
221 http fetch GET 200 https://registry.npmjs.org/@types%2fhoist-non-react-statics 990ms (cache miss)
222 silly packumentCache full:https://registry.npmjs.org/@types%2fhoist-non-react-statics set size:undefined disposed:false
223 silly fetch manifest @types/node@>= 12
224 silly packumentCache full:https://registry.npmjs.org/@types%2fnode cache-miss
225 http fetch GET 200 https://registry.npmjs.org/@types%2fnode 218ms (cache miss)
226 silly packumentCache full:https://registry.npmjs.org/@types%2fnode set size:undefined disposed:false
227 silly fetch manifest react-dnd-html5-backend@16.0.1
228 silly packumentCache full:https://registry.npmjs.org/react-dnd-html5-backend cache-miss
229 http fetch GET 200 https://registry.npmjs.org/react-dnd-html5-backend 1260ms (cache miss)
230 silly packumentCache full:https://registry.npmjs.org/react-dnd-html5-backend set size:undefined disposed:false
231 silly fetch manifest react-hook-form@7.55.0
232 silly packumentCache full:https://registry.npmjs.org/react-hook-form cache-miss
233 http fetch GET 200 https://registry.npmjs.org/react-hook-form 112ms (cache miss)
234 silly packumentCache full:https://registry.npmjs.org/react-hook-form set size:undefined disposed:false
235 silly fetch manifest react-popper@2.3.0
236 silly packumentCache full:https://registry.npmjs.org/react-popper cache-miss
237 http fetch GET 200 https://registry.npmjs.org/react-popper 560ms (cache miss)
238 silly packumentCache full:https://registry.npmjs.org/react-popper set size:undefined disposed:false
239 silly fetch manifest react-resizable-panels@2.1.7
240 silly packumentCache full:https://registry.npmjs.org/react-resizable-panels cache-miss
241 http fetch GET 200 https://registry.npmjs.org/react-resizable-panels 1254ms (cache miss)
242 silly packumentCache full:https://registry.npmjs.org/react-resizable-panels set size:undefined disposed:false
243 silly fetch manifest react-responsive-masonry@2.7.1
244 silly packumentCache full:https://registry.npmjs.org/react-responsive-masonry cache-miss
245 http fetch GET 200 https://registry.npmjs.org/react-responsive-masonry 1293ms (cache miss)
246 silly packumentCache full:https://registry.npmjs.org/react-responsive-masonry set size:undefined disposed:false
247 silly fetch manifest react-router-dom@7.13.0
248 silly packumentCache full:https://registry.npmjs.org/react-router-dom cache-miss
249 http fetch GET 200 https://registry.npmjs.org/react-router-dom 641ms (cache miss)
250 silly packumentCache full:https://registry.npmjs.org/react-router-dom set size:undefined disposed:false
251 silly fetch manifest react-slick@0.31.0
252 silly packumentCache full:https://registry.npmjs.org/react-slick cache-miss
253 http fetch GET 200 https://registry.npmjs.org/react-slick 460ms (cache miss)
254 silly packumentCache full:https://registry.npmjs.org/react-slick set size:undefined disposed:false
255 silly fetch manifest recharts@2.15.2
256 silly packumentCache full:https://registry.npmjs.org/recharts cache-miss
257 http fetch GET 200 https://registry.npmjs.org/recharts 1240ms (cache miss)
258 silly packumentCache full:https://registry.npmjs.org/recharts set size:undefined disposed:false
259 silly fetch manifest sonner@2.0.3
260 silly packumentCache full:https://registry.npmjs.org/sonner cache-miss
261 http fetch GET 200 https://registry.npmjs.org/sonner 83ms (cache miss)
262 silly packumentCache full:https://registry.npmjs.org/sonner set size:undefined disposed:false
263 silly fetch manifest tailwind-merge@3.2.0
264 silly packumentCache full:https://registry.npmjs.org/tailwind-merge cache-miss
265 http fetch GET 200 https://registry.npmjs.org/tailwind-merge 660ms (cache miss)
266 silly packumentCache full:https://registry.npmjs.org/tailwind-merge set size:undefined disposed:false
267 silly fetch manifest tw-animate-css@1.3.8
268 silly packumentCache full:https://registry.npmjs.org/tw-animate-css cache-miss
269 http fetch GET 200 https://registry.npmjs.org/tw-animate-css 478ms (cache miss)
270 silly packumentCache full:https://registry.npmjs.org/tw-animate-css set size:undefined disposed:false
271 silly fetch manifest vaul@1.1.2
272 silly packumentCache full:https://registry.npmjs.org/vaul cache-miss
273 http fetch GET 200 https://registry.npmjs.org/vaul 1016ms (cache miss)
274 silly packumentCache full:https://registry.npmjs.org/vaul set size:undefined disposed:false
275 silly fetch manifest @tailwindcss/vite@4.1.12
276 silly packumentCache full:https://registry.npmjs.org/@tailwindcss%2fvite cache-miss
277 http fetch GET 200 https://registry.npmjs.org/@tailwindcss%2fvite 150ms (cache miss)
278 silly packumentCache full:https://registry.npmjs.org/@tailwindcss%2fvite set size:undefined disposed:false
279 silly fetch manifest vite@6.3.5
280 silly packumentCache full:https://registry.npmjs.org/vite cache-miss
281 http fetch GET 200 https://registry.npmjs.org/vite 1561ms (cache miss)
282 silly packumentCache full:https://registry.npmjs.org/vite set size:undefined disposed:false
283 silly fetch manifest @types/node@^18.0.0 || ^20.0.0 || >=22.0.0
284 silly packumentCache full:https://registry.npmjs.org/@types%2fnode cache-miss
285 http cache https://registry.npmjs.org/@types%2fnode 18ms (cache hit)
286 silly packumentCache full:https://registry.npmjs.org/@types%2fnode set size:10864169 disposed:false
287 silly fetch manifest jiti@>=1.21.0
288 silly packumentCache full:https://registry.npmjs.org/jiti cache-miss
289 http fetch GET 200 https://registry.npmjs.org/jiti 69ms (cache miss)
290 silly packumentCache full:https://registry.npmjs.org/jiti set size:undefined disposed:false
291 silly fetch manifest less@*
292 silly packumentCache full:https://registry.npmjs.org/less cache-miss
293 http fetch GET 200 https://registry.npmjs.org/less 639ms (cache miss)
294 silly packumentCache full:https://registry.npmjs.org/less set size:undefined disposed:false
295 silly fetch manifest lightningcss@^1.21.0
296 silly packumentCache full:https://registry.npmjs.org/lightningcss cache-miss
297 http fetch GET 200 https://registry.npmjs.org/lightningcss 491ms (cache miss)
298 silly packumentCache full:https://registry.npmjs.org/lightningcss set size:undefined disposed:false
299 silly fetch manifest sass@*
300 silly packumentCache full:https://registry.npmjs.org/sass cache-miss
301 http fetch GET 200 https://registry.npmjs.org/sass 779ms (cache miss)
302 silly packumentCache full:https://registry.npmjs.org/sass set size:undefined disposed:false
303 silly fetch manifest sass-embedded@*
304 silly packumentCache full:https://registry.npmjs.org/sass-embedded cache-miss
305 http fetch GET 200 https://registry.npmjs.org/sass-embedded 1203ms (cache miss)
306 silly packumentCache full:https://registry.npmjs.org/sass-embedded set size:undefined disposed:false
307 silly fetch manifest stylus@*
308 silly packumentCache full:https://registry.npmjs.org/stylus cache-miss
309 http fetch GET 200 https://registry.npmjs.org/stylus 1321ms (cache miss)
310 silly packumentCache full:https://registry.npmjs.org/stylus set size:undefined disposed:false
311 silly fetch manifest sugarss@*
312 silly packumentCache full:https://registry.npmjs.org/sugarss cache-miss
313 http fetch GET 200 https://registry.npmjs.org/sugarss 523ms (cache miss)
314 silly packumentCache full:https://registry.npmjs.org/sugarss set size:undefined disposed:false
315 silly fetch manifest postcss@^8.3.3
316 silly packumentCache full:https://registry.npmjs.org/postcss cache-miss
317 http fetch GET 200 https://registry.npmjs.org/postcss 665ms (cache miss)
318 silly packumentCache full:https://registry.npmjs.org/postcss set size:undefined disposed:false
319 silly fetch manifest terser@^5.16.0
320 silly packumentCache full:https://registry.npmjs.org/terser cache-miss
321 http fetch GET 200 https://registry.npmjs.org/terser 137ms (cache miss)
322 silly packumentCache full:https://registry.npmjs.org/terser set size:undefined disposed:false
323 silly fetch manifest tsx@^4.8.1
324 silly packumentCache full:https://registry.npmjs.org/tsx cache-miss
325 http fetch GET 200 https://registry.npmjs.org/tsx 72ms (cache miss)
326 silly packumentCache full:https://registry.npmjs.org/tsx set size:undefined disposed:false
327 silly fetch manifest yaml@^2.4.2
328 silly packumentCache full:https://registry.npmjs.org/yaml cache-miss
329 http fetch GET 200 https://registry.npmjs.org/yaml 70ms (cache miss)
330 silly packumentCache full:https://registry.npmjs.org/yaml set size:undefined disposed:false
331 silly fetch manifest @vitejs/plugin-react@4.7.0
332 silly packumentCache full:https://registry.npmjs.org/@vitejs%2fplugin-react cache-miss
333 http fetch GET 200 https://registry.npmjs.org/@vitejs%2fplugin-react 1440ms (cache miss)
334 silly packumentCache full:https://registry.npmjs.org/@vitejs%2fplugin-react set size:undefined disposed:false
335 silly fetch manifest tailwindcss@4.1.12
336 silly packumentCache full:https://registry.npmjs.org/tailwindcss cache-miss
337 http fetch GET 200 https://registry.npmjs.org/tailwindcss 147ms (cache miss)
338 silly packumentCache full:https://registry.npmjs.org/tailwindcss set size:undefined disposed:false
339 silly placeDep ROOT @emotion/react@11.14.0 OK for: @figma/my-make-file@0.0.1 want: 11.14.0
340 silly placeDep ROOT react@18.3.1 OK for: @emotion/react@11.14.0 want: >=16.8.0
341 silly placeDep ROOT @emotion/styled@11.14.1 OK for: @figma/my-make-file@0.0.1 want: 11.14.1
342 silly placeDep ROOT @mui/icons-material@7.3.5 OK for: @figma/my-make-file@0.0.1 want: 7.3.5
343 silly placeDep ROOT @mui/material@7.3.5 OK for: @mui/icons-material@7.3.5 want: ^7.3.5
344 silly placeDep ROOT react-dom@18.3.1 OK for: @mui/material@7.3.5 want: ^17.0.0 || ^18.0.0 || ^19.0.0
345 silly placeDep ROOT @popperjs/core@2.11.8 OK for: @figma/my-make-file@0.0.1 want: 2.11.8
346 silly placeDep ROOT @radix-ui/react-accordion@1.2.3 OK for: @figma/my-make-file@0.0.1 want: 1.2.3
347 silly placeDep ROOT @radix-ui/react-alert-dialog@1.1.6 OK for: @figma/my-make-file@0.0.1 want: 1.1.6
348 silly placeDep ROOT @radix-ui/react-aspect-ratio@1.1.2 OK for: @figma/my-make-file@0.0.1 want: 1.1.2
349 silly placeDep ROOT @radix-ui/react-avatar@1.1.3 OK for: @figma/my-make-file@0.0.1 want: 1.1.3
350 silly placeDep ROOT @radix-ui/react-checkbox@1.1.4 OK for: @figma/my-make-file@0.0.1 want: 1.1.4
351 silly placeDep ROOT @radix-ui/react-collapsible@1.1.3 OK for: @figma/my-make-file@0.0.1 want: 1.1.3
352 silly placeDep ROOT @radix-ui/react-context-menu@2.2.6 OK for: @figma/my-make-file@0.0.1 want: 2.2.6
353 silly placeDep ROOT @radix-ui/react-dialog@1.1.6 OK for: @figma/my-make-file@0.0.1 want: 1.1.6
354 silly placeDep ROOT @radix-ui/react-dropdown-menu@2.1.6 OK for: @figma/my-make-file@0.0.1 want: 2.1.6
355 silly placeDep ROOT @radix-ui/react-hover-card@1.1.6 OK for: @figma/my-make-file@0.0.1 want: 1.1.6
356 silly placeDep ROOT @radix-ui/react-label@2.1.2 OK for: @figma/my-make-file@0.0.1 want: 2.1.2
357 silly placeDep ROOT @radix-ui/react-menubar@1.1.6 OK for: @figma/my-make-file@0.0.1 want: 1.1.6
358 silly placeDep ROOT @radix-ui/react-navigation-menu@1.2.5 OK for: @figma/my-make-file@0.0.1 want: 1.2.5
359 silly placeDep ROOT @radix-ui/react-popover@1.1.6 OK for: @figma/my-make-file@0.0.1 want: 1.1.6
360 silly placeDep ROOT @radix-ui/react-progress@1.1.2 OK for: @figma/my-make-file@0.0.1 want: 1.1.2
361 silly placeDep ROOT @radix-ui/react-radio-group@1.2.3 OK for: @figma/my-make-file@0.0.1 want: 1.2.3
362 silly placeDep ROOT @radix-ui/react-scroll-area@1.2.3 OK for: @figma/my-make-file@0.0.1 want: 1.2.3
363 silly placeDep ROOT @radix-ui/react-select@2.1.6 OK for: @figma/my-make-file@0.0.1 want: 2.1.6
364 silly placeDep ROOT @radix-ui/react-separator@1.1.2 OK for: @figma/my-make-file@0.0.1 want: 1.1.2
365 silly placeDep ROOT @radix-ui/react-slider@1.2.3 OK for: @figma/my-make-file@0.0.1 want: 1.2.3
366 silly placeDep ROOT @radix-ui/react-slot@1.1.2 OK for: @figma/my-make-file@0.0.1 want: 1.1.2
367 silly placeDep ROOT @radix-ui/react-switch@1.1.3 OK for: @figma/my-make-file@0.0.1 want: 1.1.3
368 silly placeDep ROOT @radix-ui/react-tabs@1.1.3 OK for: @figma/my-make-file@0.0.1 want: 1.1.3
369 silly placeDep ROOT @radix-ui/react-toggle@1.1.2 OK for: @figma/my-make-file@0.0.1 want: 1.1.2
370 silly placeDep ROOT @radix-ui/react-toggle-group@1.1.2 OK for: @figma/my-make-file@0.0.1 want: 1.1.2
371 silly placeDep ROOT @radix-ui/react-tooltip@1.1.8 OK for: @figma/my-make-file@0.0.1 want: 1.1.8
372 silly placeDep ROOT @supabase/supabase-js@2.97.0 OK for: @figma/my-make-file@0.0.1 want: ^2.97.0
373 silly placeDep ROOT @tailwindcss/vite@4.1.12 OK for: @figma/my-make-file@0.0.1 want: 4.1.12
374 silly placeDep ROOT vite@6.3.5 OK for: @tailwindcss/vite@4.1.12 want: ^5.2.0 || ^6 || ^7
375 silly placeDep ROOT @vitejs/plugin-react@4.7.0 OK for: @figma/my-make-file@0.0.1 want: 4.7.0
376 silly placeDep ROOT class-variance-authority@0.7.1 OK for: @figma/my-make-file@0.0.1 want: 0.7.1
377 silly placeDep ROOT clsx@2.1.1 OK for: @figma/my-make-file@0.0.1 want: 2.1.1
378 silly placeDep ROOT cmdk@1.1.1 OK for: @figma/my-make-file@0.0.1 want: 1.1.1
379 silly placeDep ROOT date-fns@3.6.0 OK for: @figma/my-make-file@0.0.1 want: 3.6.0
380 silly placeDep ROOT embla-carousel-react@8.6.0 OK for: @figma/my-make-file@0.0.1 want: 8.6.0
381 silly placeDep ROOT input-otp@1.4.2 OK for: @figma/my-make-file@0.0.1 want: 1.4.2
382 silly placeDep ROOT lucide-react@0.487.0 OK for: @figma/my-make-file@0.0.1 want: 0.487.0
383 silly placeDep ROOT motion@12.23.24 OK for: @figma/my-make-file@0.0.1 want: 12.23.24
384 silly placeDep ROOT next-themes@0.4.6 OK for: @figma/my-make-file@0.0.1 want: 0.4.6
385 silly placeDep ROOT react-day-picker@8.10.1 OK for: @figma/my-make-file@0.0.1 want: 8.10.1
386 silly placeDep ROOT react-dnd@16.0.1 OK for: @figma/my-make-file@0.0.1 want: 16.0.1
387 silly placeDep ROOT react-dnd-html5-backend@16.0.1 OK for: @figma/my-make-file@0.0.1 want: 16.0.1
388 silly placeDep ROOT react-hook-form@7.55.0 OK for: @figma/my-make-file@0.0.1 want: 7.55.0
389 silly placeDep ROOT react-popper@2.3.0 OK for: @figma/my-make-file@0.0.1 want: 2.3.0
390 silly placeDep ROOT react-resizable-panels@2.1.7 OK for: @figma/my-make-file@0.0.1 want: 2.1.7
391 silly placeDep ROOT react-responsive-masonry@2.7.1 OK for: @figma/my-make-file@0.0.1 want: 2.7.1
392 silly placeDep ROOT react-router-dom@7.13.0 OK for: @figma/my-make-file@0.0.1 want: 7.13.0
393 silly placeDep ROOT react-slick@0.31.0 OK for: @figma/my-make-file@0.0.1 want: 0.31.0
394 silly placeDep ROOT recharts@2.15.2 OK for: @figma/my-make-file@0.0.1 want: 2.15.2
395 silly placeDep ROOT sonner@2.0.3 OK for: @figma/my-make-file@0.0.1 want: 2.0.3
396 silly placeDep ROOT tailwind-merge@3.2.0 OK for: @figma/my-make-file@0.0.1 want: 3.2.0
397 silly placeDep ROOT tailwindcss@4.1.12 OK for: @figma/my-make-file@0.0.1 want: 4.1.12
398 silly placeDep ROOT tw-animate-css@1.3.8 OK for: @figma/my-make-file@0.0.1 want: 1.3.8
399 silly placeDep ROOT vaul@1.1.2 OK for: @figma/my-make-file@0.0.1 want: 1.1.2
400 silly fetch manifest @babel/runtime@^7.18.3
401 silly packumentCache full:https://registry.npmjs.org/@babel%2fruntime cache-miss
402 silly fetch manifest @emotion/babel-plugin@^11.13.5
403 silly packumentCache full:https://registry.npmjs.org/@emotion%2fbabel-plugin cache-miss
404 silly fetch manifest @emotion/cache@^11.14.0
405 silly packumentCache full:https://registry.npmjs.org/@emotion%2fcache cache-miss
406 silly fetch manifest @emotion/serialize@^1.3.3
407 silly packumentCache full:https://registry.npmjs.org/@emotion%2fserialize cache-miss
408 silly fetch manifest @emotion/use-insertion-effect-with-fallbacks@^1.2.0
409 silly packumentCache full:https://registry.npmjs.org/@emotion%2fuse-insertion-effect-with-fallbacks cache-miss
410 silly fetch manifest @emotion/utils@^1.4.2
411 silly packumentCache full:https://registry.npmjs.org/@emotion%2futils cache-miss
412 silly fetch manifest @emotion/weak-memoize@^0.4.0
413 silly packumentCache full:https://registry.npmjs.org/@emotion%2fweak-memoize cache-miss
414 silly fetch manifest hoist-non-react-statics@^3.3.1
415 silly packumentCache full:https://registry.npmjs.org/hoist-non-react-statics cache-miss
416 silly fetch manifest loose-envify@^1.1.0
417 silly packumentCache full:https://registry.npmjs.org/loose-envify cache-miss
418 http fetch GET 200 https://registry.npmjs.org/loose-envify 258ms (cache miss)
419 silly packumentCache full:https://registry.npmjs.org/loose-envify set size:undefined disposed:false
420 silly fetch manifest @babel/runtime@^7.18.3
421 silly packumentCache full:https://registry.npmjs.org/@babel%2fruntime cache-miss
422 http fetch GET 200 https://registry.npmjs.org/@babel%2fruntime 262ms (cache miss)
423 silly packumentCache full:https://registry.npmjs.org/@babel%2fruntime set size:undefined disposed:false
424 silly fetch manifest @emotion/babel-plugin@^11.13.5
425 silly packumentCache full:https://registry.npmjs.org/@emotion%2fbabel-plugin cache-miss
426 http cache https://registry.npmjs.org/@babel%2fruntime 27ms (cache hit)
427 silly packumentCache full:https://registry.npmjs.org/@babel%2fruntime set size:3322062 disposed:false
428 silly fetch manifest @emotion/is-prop-valid@^1.3.0
429 silly packumentCache full:https://registry.npmjs.org/@emotion%2fis-prop-valid cache-miss
430 http fetch GET 200 https://registry.npmjs.org/hoist-non-react-statics 308ms (cache miss)
431 silly packumentCache full:https://registry.npmjs.org/hoist-non-react-statics set size:undefined disposed:false
432 silly fetch manifest @emotion/serialize@^1.3.3
433 silly packumentCache full:https://registry.npmjs.org/@emotion%2fserialize cache-miss
434 http cache https://registry.npmjs.org/@emotion%2fis-prop-valid 8ms (cache hit)
435 silly packumentCache full:https://registry.npmjs.org/@emotion%2fis-prop-valid set size:96664 disposed:false
436 silly fetch manifest @emotion/use-insertion-effect-with-fallbacks@^1.2.0
437 silly packumentCache full:https://registry.npmjs.org/@emotion%2fuse-insertion-effect-with-fallbacks cache-miss
438 http fetch GET 200 https://registry.npmjs.org/@emotion%2futils 644ms (cache miss)
439 silly packumentCache full:https://registry.npmjs.org/@emotion%2futils set size:undefined disposed:false
440 silly fetch manifest @babel/runtime@^7.28.4
441 silly packumentCache full:https://registry.npmjs.org/@babel%2fruntime cache-miss
442 http cache https://registry.npmjs.org/@babel%2fruntime 7ms (cache hit)
443 silly packumentCache full:https://registry.npmjs.org/@babel%2fruntime set size:3322062 disposed:false
444 silly fetch manifest clsx@^2.1.1
445 silly packumentCache full:https://registry.npmjs.org/clsx cache-miss
446 http cache https://registry.npmjs.org/clsx 9ms (cache hit)
447 silly packumentCache full:https://registry.npmjs.org/clsx set size:42506 disposed:false
448 silly fetch manifest csstype@^3.1.3
449 silly packumentCache full:https://registry.npmjs.org/csstype cache-miss
450 http fetch GET 200 https://registry.npmjs.org/@emotion%2fbabel-plugin 1037ms (cache miss)
451 silly packumentCache full:https://registry.npmjs.org/@emotion%2fbabel-plugin set size:undefined disposed:false
452 silly fetch manifest react-is@^19.2.0
453 silly packumentCache full:https://registry.npmjs.org/react-is cache-miss
454 http fetch GET 200 https://registry.npmjs.org/@emotion%2fbabel-plugin 779ms (cache miss)
455 silly packumentCache full:https://registry.npmjs.org/@emotion%2fbabel-plugin set size:undefined disposed:false
456 silly fetch manifest @mui/types@^7.4.8
457 silly packumentCache full:https://registry.npmjs.org/@mui%2ftypes cache-miss
458 http fetch GET 200 https://registry.npmjs.org/csstype 582ms (cache miss)
459 silly packumentCache full:https://registry.npmjs.org/csstype set size:undefined disposed:false
460 silly fetch manifest @mui/utils@^7.3.5
461 silly packumentCache full:https://registry.npmjs.org/@mui%2futils cache-miss
462 http fetch GET 200 https://registry.npmjs.org/@emotion%2fweak-memoize 1336ms (cache miss)
463 silly packumentCache full:https://registry.npmjs.org/@emotion%2fweak-memoize set size:undefined disposed:false
464 silly fetch manifest prop-types@^15.8.1
465 silly packumentCache full:https://registry.npmjs.org/prop-types cache-miss
466 http fetch GET 200 https://registry.npmjs.org/prop-types 79ms (cache miss)
467 silly packumentCache full:https://registry.npmjs.org/prop-types set size:undefined disposed:false
468 silly fetch manifest @mui/system@^7.3.5
469 silly packumentCache full:https://registry.npmjs.org/@mui%2fsystem cache-miss
470 http fetch GET 200 https://registry.npmjs.org/@emotion%2fuse-insertion-effect-with-fallbacks 1294ms (cache miss)
471 silly packumentCache full:https://registry.npmjs.org/@emotion%2fuse-insertion-effect-with-fallbacks set size:undefined disposed:false
472 silly fetch manifest @popperjs/core@^2.11.8
473 silly packumentCache full:https://registry.npmjs.org/@popperjs%2fcore cache-miss
474 http cache https://registry.npmjs.org/@popperjs%2fcore 4ms (cache hit)
475 silly packumentCache full:https://registry.npmjs.org/@popperjs%2fcore set size:579534 disposed:false
476 silly fetch manifest react-transition-group@^4.4.5
477 silly packumentCache full:https://registry.npmjs.org/react-transition-group cache-miss
478 http fetch GET 200 https://registry.npmjs.org/@emotion%2fuse-insertion-effect-with-fallbacks 1697ms (cache miss)
479 silly packumentCache full:https://registry.npmjs.org/@emotion%2fuse-insertion-effect-with-fallbacks set size:undefined disposed:false
480 silly fetch manifest @mui/core-downloads-tracker@^7.3.5
481 silly packumentCache full:https://registry.npmjs.org/@mui%2fcore-downloads-tracker cache-miss
482 http fetch GET 200 https://registry.npmjs.org/react-is 719ms (cache miss)
483 silly packumentCache full:https://registry.npmjs.org/react-is set size:undefined disposed:false
484 silly fetch manifest @types/react-transition-group@^4.4.12
485 silly packumentCache full:https://registry.npmjs.org/@types%2freact-transition-group cache-miss
486 http fetch GET 200 https://registry.npmjs.org/react-transition-group 534ms (cache miss)
487 silly packumentCache full:https://registry.npmjs.org/react-transition-group set size:undefined disposed:false
488 silly fetch manifest scheduler@^0.23.2
489 silly packumentCache full:https://registry.npmjs.org/scheduler cache-miss
490 http fetch GET 200 https://registry.npmjs.org/@mui%2ftypes 1144ms (cache miss)
491 silly packumentCache full:https://registry.npmjs.org/@mui%2ftypes set size:undefined disposed:false
492 silly fetch manifest @radix-ui/react-id@1.1.0
493 silly packumentCache full:https://registry.npmjs.org/@radix-ui%2freact-id cache-miss
494 http fetch GET 200 https://registry.npmjs.org/@radix-ui%2freact-id 208ms (cache miss)
495 silly packumentCache full:https://registry.npmjs.org/@radix-ui%2freact-id set size:undefined disposed:false
496 silly fetch manifest @radix-ui/primitive@1.1.1
497 silly packumentCache full:https://registry.npmjs.org/@radix-ui%2fprimitive cache-miss
498 http fetch GET 200 https://registry.npmjs.org/@radix-ui%2fprimitive 111ms (cache miss)
499 silly packumentCache full:https://registry.npmjs.org/@radix-ui%2fprimitive set size:undefined disposed:false
500 silly fetch manifest @radix-ui/react-context@1.1.1
501 silly packumentCache full:https://registry.npmjs.org/@radix-ui%2freact-context cache-miss
502 http fetch GET 200 https://registry.npmjs.org/@types%2freact-transition-group 887ms (cache miss)
503 silly packumentCache full:https://registry.npmjs.org/@types%2freact-transition-group set size:undefined disposed:false
504 silly fetch manifest @radix-ui/react-direction@1.1.0
505 silly packumentCache full:https://registry.npmjs.org/@radix-ui%2freact-direction cache-miss
506 http fetch GET 200 https://registry.npmjs.org/@radix-ui%2freact-context 137ms (cache miss)
507 silly packumentCache full:https://registry.npmjs.org/@radix-ui%2freact-context set size:undefined disposed:false
508 silly fetch manifest @radix-ui/react-primitive@2.0.2
509 silly packumentCache full:https://registry.npmjs.org/@radix-ui%2freact-primitive cache-miss
510 http fetch GET 200 https://registry.npmjs.org/@emotion%2fserialize 2450ms (cache miss)
511 silly packumentCache full:https://registry.npmjs.org/@emotion%2fserialize set size:undefined disposed:false
512 silly fetch manifest @radix-ui/react-collection@1.1.2
513 silly packumentCache full:https://registry.npmjs.org/@radix-ui%2freact-collection cache-miss
514 http fetch GET 200 https://registry.npmjs.org/@emotion%2fserialize 2790ms (cache miss)
515 silly packumentCache full:https://registry.npmjs.org/@emotion%2fserialize set size:undefined disposed:false
516 silly fetch manifest @radix-ui/react-compose-refs@1.1.1
517 silly packumentCache full:https://registry.npmjs.org/@radix-ui%2freact-compose-refs cache-miss
518 http fetch GET 200 https://registry.npmjs.org/@emotion%2fcache 2798ms (cache miss)
519 silly packumentCache full:https://registry.npmjs.org/@emotion%2fcache set size:undefined disposed:false
520 silly fetch manifest @radix-ui/react-use-controllable-state@1.1.0
521 silly packumentCache full:https://registry.npmjs.org/@radix-ui%2freact-use-controllable-state cache-miss
522 http fetch GET 200 https://registry.npmjs.org/scheduler 691ms (cache miss)
523 silly packumentCache full:https://registry.npmjs.org/scheduler set size:undefined disposed:false
524 silly fetch manifest @radix-ui/react-primitive@2.0.2
525 silly packumentCache full:https://registry.npmjs.org/@radix-ui%2freact-primitive cache-miss
526 http fetch GET 200 https://registry.npmjs.org/@radix-ui%2freact-compose-refs 112ms (cache miss)
527 silly packumentCache full:https://registry.npmjs.org/@radix-ui%2freact-compose-refs set size:undefined disposed:false
528 silly fetch manifest @radix-ui/react-primitive@2.0.2
529 silly packumentCache full:https://registry.npmjs.org/@radix-ui%2freact-primitive cache-miss
530 http fetch GET 200 https://registry.npmjs.org/@mui%2fcore-downloads-tracker 1242ms (cache miss)
531 silly packumentCache full:https://registry.npmjs.org/@mui%2fcore-downloads-tracker set size:undefined disposed:false
532 silly fetch manifest @radix-ui/react-primitive@2.0.2
533 silly packumentCache full:https://registry.npmjs.org/@radix-ui%2freact-primitive cache-miss
534 http fetch GET 200 https://registry.npmjs.org/@radix-ui%2freact-primitive 191ms (cache miss)
535 silly packumentCache full:https://registry.npmjs.org/@radix-ui%2freact-primitive set size:undefined disposed:false
536 silly fetch manifest @radix-ui/react-use-callback-ref@1.1.0
537 silly packumentCache full:https://registry.npmjs.org/@radix-ui%2freact-use-callback-ref cache-miss
538 http fetch GET 200 https://registry.npmjs.org/@mui%2futils 1805ms (cache miss)
539 silly packumentCache full:https://registry.npmjs.org/@mui%2futils set size:undefined disposed:false
540 silly fetch manifest @radix-ui/react-use-layout-effect@1.1.0
541 silly packumentCache full:https://registry.npmjs.org/@radix-ui%2freact-use-layout-effect cache-miss
542 http fetch GET 200 https://registry.npmjs.org/@radix-ui%2freact-primitive 178ms (cache miss)
543 silly packumentCache full:https://registry.npmjs.org/@radix-ui%2freact-primitive set size:undefined disposed:false
544 silly fetch manifest @radix-ui/react-presence@1.1.2
545 silly packumentCache full:https://registry.npmjs.org/@radix-ui%2freact-presence cache-miss
546 http fetch GET 200 https://registry.npmjs.org/@radix-ui%2freact-primitive 146ms (cache miss)
547 silly packumentCache full:https://registry.npmjs.org/@radix-ui%2freact-primitive set size:undefined disposed:false
548 silly fetch manifest @radix-ui/react-use-size@1.1.0
549 silly packumentCache full:https://registry.npmjs.org/@radix-ui%2freact-use-size cache-miss
550 http fetch GET 200 https://registry.npmjs.org/@radix-ui%2freact-use-layout-effect 65ms (cache miss)
551 silly packumentCache full:https://registry.npmjs.org/@radix-ui%2freact-use-layout-effect set size:undefined disposed:false
552 silly fetch manifest @radix-ui/react-use-previous@1.1.0
553 silly packumentCache full:https://registry.npmjs.org/@radix-ui%2freact-use-previous cache-miss
554 http fetch GET 200 https://registry.npmjs.org/@radix-ui%2freact-presence 134ms (cache miss)
555 silly packumentCache full:https://registry.npmjs.org/@radix-ui%2freact-presence set size:undefined disposed:false
556 silly fetch manifest @radix-ui/react-use-controllable-state@1.1.0
557 silly packumentCache full:https://registry.npmjs.org/@radix-ui%2freact-use-controllable-state cache-miss
558 http fetch GET 200 https://registry.npmjs.org/@radix-ui%2freact-use-size 136ms (cache miss)
559 silly packumentCache full:https://registry.npmjs.org/@radix-ui%2freact-use-size set size:undefined disposed:false
560 silly fetch manifest @radix-ui/react-use-controllable-state@1.1.0
561 silly packumentCache full:https://registry.npmjs.org/@radix-ui%2freact-use-controllable-state cache-miss
562 http fetch GET 200 https://registry.npmjs.org/@radix-ui%2freact-collection 629ms (cache miss)
563 silly packumentCache full:https://registry.npmjs.org/@radix-ui%2freact-collection set size:undefined disposed:false
564 silly fetch manifest @radix-ui/react-menu@2.1.6
565 silly packumentCache full:https://registry.npmjs.org/@radix-ui%2freact-menu cache-miss
566 http fetch GET 200 https://registry.npmjs.org/@radix-ui%2freact-primitive 749ms (cache miss)
567 silly packumentCache full:https://registry.npmjs.org/@radix-ui%2freact-primitive set size:undefined disposed:false
568 silly fetch manifest @radix-ui/react-use-callback-ref@1.1.0
569 silly packumentCache full:https://registry.npmjs.org/@radix-ui%2freact-use-callback-ref cache-miss
570 http fetch GET 200 https://registry.npmjs.org/@radix-ui%2freact-direction 843ms (cache miss)
571 silly packumentCache full:https://registry.npmjs.org/@radix-ui%2freact-direction set size:undefined disposed:false
572 silly fetch manifest @radix-ui/react-use-controllable-state@1.1.0
573 silly packumentCache full:https://registry.npmjs.org/@radix-ui%2freact-use-controllable-state cache-miss
574 http fetch GET 200 https://registry.npmjs.org/@radix-ui%2freact-use-callback-ref 146ms (cache miss)
575 silly packumentCache full:https://registry.npmjs.org/@radix-ui%2freact-use-callback-ref set size:undefined disposed:false
576 silly fetch manifest aria-hidden@^1.2.4
577 silly packumentCache full:https://registry.npmjs.org/aria-hidden cache-miss
578 http fetch GET 200 https://registry.npmjs.org/@radix-ui%2freact-use-controllable-state 348ms (cache miss)
579 silly packumentCache full:https://registry.npmjs.org/@radix-ui%2freact-use-controllable-state set size:undefined disposed:false
580 silly fetch manifest react-remove-scroll@^2.6.3
581 silly packumentCache full:https://registry.npmjs.org/react-remove-scroll cache-miss
582 http fetch GET 200 https://registry.npmjs.org/@radix-ui%2freact-use-controllable-state 113ms (cache miss)
583 silly packumentCache full:https://registry.npmjs.org/@radix-ui%2freact-use-controllable-state set size:undefined disposed:false
584 silly fetch manifest @radix-ui/react-portal@1.1.4
585 silly packumentCache full:https://registry.npmjs.org/@radix-ui%2freact-portal cache-miss
586 http fetch GET 200 https://registry.npmjs.org/@radix-ui%2freact-use-callback-ref 565ms (cache miss)
587 silly packumentCache full:https://registry.npmjs.org/@radix-ui%2freact-use-callback-ref set size:undefined disposed:false
588 silly fetch manifest @radix-ui/react-focus-scope@1.1.2
589 silly packumentCache full:https://registry.npmjs.org/@radix-ui%2freact-focus-scope cache-miss
590 http fetch GET 200 https://registry.npmjs.org/aria-hidden 62ms (cache miss)
591 silly packumentCache full:https://registry.npmjs.org/aria-hidden set size:undefined disposed:false
592 silly fetch manifest @radix-ui/react-focus-guards@1.1.1
593 silly packumentCache full:https://registry.npmjs.org/@radix-ui%2freact-focus-guards cache-miss
594 http fetch GET 200 https://registry.npmjs.org/@radix-ui%2freact-use-controllable-state 470ms (cache miss)
595 silly packumentCache full:https://registry.npmjs.org/@radix-ui%2freact-use-controllable-state set size:undefined disposed:false
596 silly fetch manifest @radix-ui/react-dismissable-layer@1.1.5
597 silly packumentCache full:https://registry.npmjs.org/@radix-ui%2freact-dismissable-layer cache-miss
598 http fetch GET 200 https://registry.npmjs.org/@radix-ui%2freact-use-controllable-state 902ms (cache miss)
599 silly packumentCache full:https://registry.npmjs.org/@radix-ui%2freact-use-controllable-state set size:undefined disposed:false
600 silly fetch manifest @radix-ui/react-menu@2.1.6
601 silly packumentCache full:https://registry.npmjs.org/@radix-ui%2freact-menu cache-miss
602 http fetch GET 200 https://registry.npmjs.org/@radix-ui%2freact-menu 137ms (cache miss)
603 silly packumentCache full:https://registry.npmjs.org/@radix-ui%2freact-menu set size:undefined disposed:false
604 silly fetch manifest @radix-ui/react-popper@1.2.2
605 silly packumentCache full:https://registry.npmjs.org/@radix-ui%2freact-popper cache-miss
606 http fetch GET 200 https://registry.npmjs.org/@mui%2fsystem 2457ms (cache miss)
607 silly packumentCache full:https://registry.npmjs.org/@mui%2fsystem set size:undefined disposed:false
608 silly fetch manifest @radix-ui/react-portal@1.1.4
609 silly packumentCache full:https://registry.npmjs.org/@radix-ui%2freact-portal cache-miss
610 http fetch GET 200 https://registry.npmjs.org/@radix-ui%2freact-menu 579ms (cache miss)
611 silly packumentCache full:https://registry.npmjs.org/@radix-ui%2freact-menu set size:undefined disposed:false
612 silly fetch manifest @radix-ui/react-dismissable-layer@1.1.5
613 silly packumentCache full:https://registry.npmjs.org/@radix-ui%2freact-dismissable-layer cache-miss
614 http fetch GET 200 https://registry.npmjs.org/react-remove-scroll 491ms (cache miss)
615 silly packumentCache full:https://registry.npmjs.org/react-remove-scroll set size:undefined disposed:false
616 silly fetch manifest @radix-ui/react-roving-focus@1.1.2
617 silly packumentCache full:https://registry.npmjs.org/@radix-ui%2freact-roving-focus cache-miss
618 http fetch GET 200 https://registry.npmjs.org/@radix-ui%2freact-portal 189ms (cache miss)
619 silly packumentCache full:https://registry.npmjs.org/@radix-ui%2freact-portal set size:undefined disposed:false
620 silly fetch manifest @radix-ui/react-use-previous@1.1.0
621 silly packumentCache full:https://registry.npmjs.org/@radix-ui%2freact-use-previous cache-miss
622 http fetch GET 200 https://registry.npmjs.org/@radix-ui%2freact-dismissable-layer 131ms (cache miss)
623 silly packumentCache full:https://registry.npmjs.org/@radix-ui%2freact-dismissable-layer set size:undefined disposed:false
624 silly fetch manifest @radix-ui/react-visually-hidden@1.1.2
625 silly packumentCache full:https://registry.npmjs.org/@radix-ui%2freact-visually-hidden cache-miss
626 http fetch GET 200 https://registry.npmjs.org/@radix-ui%2freact-use-previous 86ms (cache miss)
627 silly packumentCache full:https://registry.npmjs.org/@radix-ui%2freact-use-previous set size:undefined disposed:false
628 silly fetch manifest @radix-ui/react-popper@1.2.2
629 silly packumentCache full:https://registry.npmjs.org/@radix-ui%2freact-popper cache-miss
630 http fetch GET 200 https://registry.npmjs.org/@radix-ui%2freact-focus-scope 617ms (cache miss)
631 silly packumentCache full:https://registry.npmjs.org/@radix-ui%2freact-focus-scope set size:undefined disposed:false
632 silly fetch manifest @radix-ui/react-focus-guards@1.1.1
633 silly packumentCache full:https://registry.npmjs.org/@radix-ui%2freact-focus-guards cache-miss
634 http fetch GET 200 https://registry.npmjs.org/@radix-ui%2freact-visually-hidden 141ms (cache miss)
635 silly packumentCache full:https://registry.npmjs.org/@radix-ui%2freact-visually-hidden set size:undefined disposed:false
636 silly fetch manifest @radix-ui/react-roving-focus@1.1.2
637 silly packumentCache full:https://registry.npmjs.org/@radix-ui%2freact-roving-focus cache-miss
638 http fetch GET 200 https://registry.npmjs.org/@radix-ui%2freact-portal 633ms (cache miss)
639 silly packumentCache full:https://registry.npmjs.org/@radix-ui%2freact-portal set size:undefined disposed:false
640 silly fetch manifest @radix-ui/number@1.1.0
641 silly packumentCache full:https://registry.npmjs.org/@radix-ui%2fnumber cache-miss
642 http fetch GET 200 https://registry.npmjs.org/@radix-ui%2freact-popper 104ms (cache miss)
643 silly packumentCache full:https://registry.npmjs.org/@radix-ui%2freact-popper set size:undefined disposed:false
644 silly fetch manifest @radix-ui/number@1.1.0
645 silly packumentCache full:https://registry.npmjs.org/@radix-ui%2fnumber cache-miss
646 http fetch GET 200 https://registry.npmjs.org/@radix-ui%2freact-focus-guards 648ms (cache miss)
647 silly packumentCache full:https://registry.npmjs.org/@radix-ui%2freact-focus-guards set size:undefined disposed:false
648 silly fetch manifest @radix-ui/number@1.1.0
649 silly packumentCache full:https://registry.npmjs.org/@radix-ui%2fnumber cache-miss
650 http fetch GET 200 https://registry.npmjs.org/@radix-ui%2freact-focus-guards 76ms (cache miss)
651 silly packumentCache full:https://registry.npmjs.org/@radix-ui%2freact-focus-guards set size:undefined disposed:false
652 silly fetch manifest @radix-ui/react-roving-focus@1.1.2
653 silly packumentCache full:https://registry.npmjs.org/@radix-ui%2freact-roving-focus cache-miss
654 http fetch GET 200 https://registry.npmjs.org/@radix-ui%2freact-dismissable-layer 643ms (cache miss)
655 silly packumentCache full:https://registry.npmjs.org/@radix-ui%2freact-dismissable-layer set size:undefined disposed:false
656 silly fetch manifest @radix-ui/react-roving-focus@1.1.2
657 silly packumentCache full:https://registry.npmjs.org/@radix-ui%2freact-roving-focus cache-miss
658 http fetch GET 200 https://registry.npmjs.org/@radix-ui%2freact-use-previous 1244ms (cache miss)
659 silly packumentCache full:https://registry.npmjs.org/@radix-ui%2freact-use-previous set size:undefined disposed:false
660 silly fetch manifest @supabase/auth-js@2.97.0
661 silly packumentCache full:https://registry.npmjs.org/@supabase%2fauth-js cache-miss
662 http fetch GET 200 https://registry.npmjs.org/@radix-ui%2freact-popper 563ms (cache miss)
663 silly packumentCache full:https://registry.npmjs.org/@radix-ui%2freact-popper set size:undefined disposed:false
664 silly fetch manifest @supabase/storage-js@2.97.0
665 silly packumentCache full:https://registry.npmjs.org/@supabase%2fstorage-js cache-miss
666 http fetch GET 200 https://registry.npmjs.org/@radix-ui%2freact-roving-focus 186ms (cache miss)
667 silly packumentCache full:https://registry.npmjs.org/@radix-ui%2freact-roving-focus set size:undefined disposed:false
668 silly fetch manifest @supabase/realtime-js@2.97.0
669 silly packumentCache full:https://registry.npmjs.org/@supabase%2frealtime-js cache-miss
670 http fetch GET 200 https://registry.npmjs.org/@radix-ui%2freact-roving-focus 119ms (cache miss)
671 silly packumentCache full:https://registry.npmjs.org/@radix-ui%2freact-roving-focus set size:undefined disposed:false
672 silly fetch manifest @supabase/functions-js@2.97.0
673 silly packumentCache full:https://registry.npmjs.org/@supabase%2ffunctions-js cache-miss
674 http fetch GET 200 https://registry.npmjs.org/@radix-ui%2freact-roving-focus 121ms (cache miss)
675 silly packumentCache full:https://registry.npmjs.org/@radix-ui%2freact-roving-focus set size:undefined disposed:false
676 silly fetch manifest @supabase/postgrest-js@2.97.0
677 silly packumentCache full:https://registry.npmjs.org/@supabase%2fpostgrest-js cache-miss
678 http fetch GET 200 https://registry.npmjs.org/@radix-ui%2freact-roving-focus 567ms (cache miss)
679 silly packumentCache full:https://registry.npmjs.org/@radix-ui%2freact-roving-focus set size:undefined disposed:false
680 silly fetch manifest @tailwindcss/node@4.1.12
681 silly packumentCache full:https://registry.npmjs.org/@tailwindcss%2fnode cache-miss
682 http fetch GET 200 https://registry.npmjs.org/@radix-ui%2fnumber 1228ms (cache miss)
683 silly packumentCache full:https://registry.npmjs.org/@radix-ui%2fnumber set size:undefined disposed:false
684 silly fetch manifest @tailwindcss/oxide@4.1.12
685 silly packumentCache full:https://registry.npmjs.org/@tailwindcss%2foxide cache-miss
686 http fetch GET 200 https://registry.npmjs.org/@radix-ui%2fnumber 1225ms (cache miss)
687 silly packumentCache full:https://registry.npmjs.org/@radix-ui%2fnumber set size:undefined disposed:false
688 silly fetch manifest fdir@^6.4.4
689 silly packumentCache full:https://registry.npmjs.org/fdir cache-miss
690 http fetch GET 200 https://registry.npmjs.org/@radix-ui%2fnumber 1212ms (cache miss)
691 silly packumentCache full:https://registry.npmjs.org/@radix-ui%2fnumber set size:undefined disposed:false
692 silly fetch manifest rollup@^4.34.9
693 silly packumentCache full:https://registry.npmjs.org/rollup cache-miss
694 http fetch GET 200 https://registry.npmjs.org/fdir 97ms (cache miss)
695 silly packumentCache full:https://registry.npmjs.org/fdir set size:undefined disposed:false
696 silly fetch manifest esbuild@^0.25.0
697 silly packumentCache full:https://registry.npmjs.org/esbuild cache-miss
698 http fetch GET 200 https://registry.npmjs.org/@supabase%2fauth-js 1212ms (cache miss)
699 silly packumentCache full:https://registry.npmjs.org/@supabase%2fauth-js set size:undefined disposed:false
700 silly fetch manifest postcss@^8.5.3
701 silly packumentCache full:https://registry.npmjs.org/postcss cache-miss
702 http cache https://registry.npmjs.org/postcss 8ms (cache hit)
703 silly packumentCache full:https://registry.npmjs.org/postcss set size:696248 disposed:false
704 silly fetch manifest picomatch@^4.0.2
705 silly packumentCache full:https://registry.npmjs.org/picomatch cache-miss
706 http fetch GET 200 https://registry.npmjs.org/picomatch 60ms (cache miss)
707 silly packumentCache full:https://registry.npmjs.org/picomatch set size:undefined disposed:false
708 silly fetch manifest tinyglobby@^0.2.13
709 silly packumentCache full:https://registry.npmjs.org/tinyglobby cache-miss
710 http fetch GET 200 https://registry.npmjs.org/@supabase%2frealtime-js 1267ms (cache miss)
711 silly packumentCache full:https://registry.npmjs.org/@supabase%2frealtime-js set size:undefined disposed:false
712 silly fetch manifest fsevents@~2.3.3
713 silly packumentCache full:https://registry.npmjs.org/fsevents cache-miss
714 http fetch GET 200 https://registry.npmjs.org/rollup 241ms (cache miss)
715 silly packumentCache full:https://registry.npmjs.org/rollup set size:undefined disposed:false
716 silly fetch manifest @babel/core@^7.28.0
717 silly packumentCache full:https://registry.npmjs.org/@babel%2fcore cache-miss
718 http fetch GET 200 https://registry.npmjs.org/tinyglobby 98ms (cache miss)
719 silly packumentCache full:https://registry.npmjs.org/tinyglobby set size:undefined disposed:false
720 silly fetch manifest react-refresh@^0.17.0
721 silly packumentCache full:https://registry.npmjs.org/react-refresh cache-miss
722 http fetch GET 200 https://registry.npmjs.org/fsevents 97ms (cache miss)
723 silly packumentCache full:https://registry.npmjs.org/fsevents set size:undefined disposed:false
724 silly fetch manifest @types/babel__core@^7.20.5
725 silly packumentCache full:https://registry.npmjs.org/@types%2fbabel__core cache-miss
726 http fetch GET 200 https://registry.npmjs.org/react-refresh 196ms (cache miss)
727 silly packumentCache full:https://registry.npmjs.org/react-refresh set size:undefined disposed:false
728 silly fetch manifest @rolldown/pluginutils@1.0.0-beta.27
729 silly packumentCache full:https://registry.npmjs.org/@rolldown%2fpluginutils cache-miss
730 http fetch GET 200 https://registry.npmjs.org/@rolldown%2fpluginutils 81ms (cache miss)
731 silly packumentCache full:https://registry.npmjs.org/@rolldown%2fpluginutils set size:undefined disposed:false
732 silly fetch manifest @babel/plugin-transform-react-jsx-self@^7.27.1
733 silly packumentCache full:https://registry.npmjs.org/@babel%2fplugin-transform-react-jsx-self cache-miss
734 http fetch GET 200 https://registry.npmjs.org/@babel%2fplugin-transform-react-jsx-self 72ms (cache miss)
735 silly packumentCache full:https://registry.npmjs.org/@babel%2fplugin-transform-react-jsx-self set size:undefined disposed:false
736 silly fetch manifest @babel/plugin-transform-react-jsx-source@^7.27.1
737 silly packumentCache full:https://registry.npmjs.org/@babel%2fplugin-transform-react-jsx-source cache-miss
738 http fetch GET 200 https://registry.npmjs.org/@babel%2fplugin-transform-react-jsx-source 50ms (cache miss)
739 silly packumentCache full:https://registry.npmjs.org/@babel%2fplugin-transform-react-jsx-source set size:undefined disposed:false
740 silly fetch manifest @radix-ui/react-id@^1.1.0
741 silly packumentCache full:https://registry.npmjs.org/@radix-ui%2freact-id cache-miss
742 http cache https://registry.npmjs.org/@radix-ui%2freact-id 2ms (cache hit)
743 silly packumentCache full:https://registry.npmjs.org/@radix-ui%2freact-id set size:325405 disposed:false
744 silly fetch manifest @radix-ui/react-primitive@^2.0.2
745 silly packumentCache full:https://registry.npmjs.org/@radix-ui%2freact-primitive cache-miss
746 http cache https://registry.npmjs.org/@radix-ui%2freact-primitive 3ms (cache hit)
747 silly packumentCache full:https://registry.npmjs.org/@radix-ui%2freact-primitive set size:595809 disposed:false
748 silly fetch manifest @radix-ui/react-compose-refs@^1.1.1
749 silly packumentCache full:https://registry.npmjs.org/@radix-ui%2freact-compose-refs cache-miss
750 http cache https://registry.npmjs.org/@radix-ui%2freact-compose-refs 2ms (cache hit)
751 silly packumentCache full:https://registry.npmjs.org/@radix-ui%2freact-compose-refs set size:219425 disposed:false
752 silly fetch manifest embla-carousel@8.6.0
753 silly packumentCache full:https://registry.npmjs.org/embla-carousel cache-miss
754 http fetch GET 200 https://registry.npmjs.org/embla-carousel 62ms (cache miss)
755 silly packumentCache full:https://registry.npmjs.org/embla-carousel set size:undefined disposed:false
756 silly fetch manifest embla-carousel-reactive-utils@8.6.0
757 silly packumentCache full:https://registry.npmjs.org/embla-carousel-reactive-utils cache-miss
758 http fetch GET 200 https://registry.npmjs.org/@babel%2fcore 527ms (cache miss)
759 silly packumentCache full:https://registry.npmjs.org/@babel%2fcore set size:undefined disposed:false
760 silly fetch manifest tslib@^2.4.0
761 silly packumentCache full:https://registry.npmjs.org/tslib cache-miss
762 http fetch GET 200 https://registry.npmjs.org/tslib 111ms (cache miss)
763 silly packumentCache full:https://registry.npmjs.org/tslib set size:undefined disposed:false
764 silly fetch manifest framer-motion@^12.23.24
765 silly packumentCache full:https://registry.npmjs.org/framer-motion cache-miss
766 http fetch GET 200 https://registry.npmjs.org/@supabase%2ffunctions-js 2046ms (cache miss)
767 silly packumentCache full:https://registry.npmjs.org/@supabase%2ffunctions-js set size:undefined disposed:false
768 silly fetch manifest @react-dnd/invariant@^4.0.1
769 silly packumentCache full:https://registry.npmjs.org/@react-dnd%2finvariant cache-miss
770 http fetch GET 200 https://registry.npmjs.org/framer-motion 163ms (cache miss)
771 silly packumentCache full:https://registry.npmjs.org/framer-motion set size:undefined disposed:false
772 silly fetch manifest @react-dnd/shallowequal@^4.0.1
773 silly packumentCache full:https://registry.npmjs.org/@react-dnd%2fshallowequal cache-miss
774 http fetch GET 200 https://registry.npmjs.org/@supabase%2fpostgrest-js 2148ms (cache miss)
775 silly packumentCache full:https://registry.npmjs.org/@supabase%2fpostgrest-js set size:undefined disposed:false
776 silly fetch manifest dnd-core@^16.0.1
777 silly packumentCache full:https://registry.npmjs.org/dnd-core cache-miss
778 http fetch GET 200 https://registry.npmjs.org/@tailwindcss%2fnode 2002ms (cache miss)
779 silly packumentCache full:https://registry.npmjs.org/@tailwindcss%2fnode set size:undefined disposed:false
780 silly fetch manifest fast-deep-equal@^3.1.3
781 silly packumentCache full:https://registry.npmjs.org/fast-deep-equal cache-miss
782 http fetch GET 200 https://registry.npmjs.org/fast-deep-equal 67ms (cache miss)
783 silly packumentCache full:https://registry.npmjs.org/fast-deep-equal set size:undefined disposed:false
784 silly fetch manifest hoist-non-react-statics@^3.3.2
785 silly packumentCache full:https://registry.npmjs.org/hoist-non-react-statics cache-miss
786 http cache https://registry.npmjs.org/hoist-non-react-statics 1ms (cache hit)
787 silly packumentCache full:https://registry.npmjs.org/hoist-non-react-statics set size:97044 disposed:false
788 silly fetch manifest dnd-core@^16.0.1
789 silly packumentCache full:https://registry.npmjs.org/dnd-core cache-miss
790 http fetch GET 200 https://registry.npmjs.org/embla-carousel-reactive-utils 501ms (cache miss)
791 silly packumentCache full:https://registry.npmjs.org/embla-carousel-reactive-utils set size:undefined disposed:false
792 silly fetch manifest react-fast-compare@^3.0.1
793 silly packumentCache full:https://registry.npmjs.org/react-fast-compare cache-miss
794 http fetch GET 200 https://registry.npmjs.org/react-fast-compare 76ms (cache miss)
795 silly packumentCache full:https://registry.npmjs.org/react-fast-compare set size:undefined disposed:false
796 silly fetch manifest warning@^4.0.2
797 silly packumentCache full:https://registry.npmjs.org/warning cache-miss
798 http fetch GET 200 https://registry.npmjs.org/@supabase%2fstorage-js 2490ms (cache miss)
799 silly packumentCache full:https://registry.npmjs.org/@supabase%2fstorage-js set size:undefined disposed:false
800 silly fetch manifest react-router@7.13.0
801 silly packumentCache full:https://registry.npmjs.org/react-router cache-miss
802 http fetch GET 200 https://registry.npmjs.org/@types%2fbabel__core 1212ms (cache miss)
803 silly packumentCache full:https://registry.npmjs.org/@types%2fbabel__core set size:undefined disposed:false
804 silly fetch manifest classnames@^2.2.5
805 silly packumentCache full:https://registry.npmjs.org/classnames cache-miss
806 http fetch GET 200 https://registry.npmjs.org/esbuild 1446ms (cache miss)
807 silly packumentCache full:https://registry.npmjs.org/esbuild set size:undefined disposed:false
808 silly fetch manifest json2mq@^0.2.0
809 silly packumentCache full:https://registry.npmjs.org/json2mq cache-miss
810 http fetch GET 200 https://registry.npmjs.org/react-router 146ms (cache miss)
811 silly packumentCache full:https://registry.npmjs.org/react-router set size:undefined disposed:false
812 silly fetch manifest lodash.debounce@^4.0.8
813 silly packumentCache full:https://registry.npmjs.org/lodash.debounce cache-miss
814 http fetch GET 200 https://registry.npmjs.org/classnames 68ms (cache miss)
815 silly packumentCache full:https://registry.npmjs.org/classnames set size:undefined disposed:false
816 silly fetch manifest resize-observer-polyfill@^1.5.0
817 silly packumentCache full:https://registry.npmjs.org/resize-observer-polyfill cache-miss
818 http fetch GET 200 https://registry.npmjs.org/lodash.debounce 49ms (cache miss)
819 silly packumentCache full:https://registry.npmjs.org/lodash.debounce set size:undefined disposed:false
820 silly fetch manifest lodash@^4.17.21
821 silly packumentCache full:https://registry.npmjs.org/lodash cache-miss
822 http fetch GET 200 https://registry.npmjs.org/resize-observer-polyfill 63ms (cache miss)
823 silly packumentCache full:https://registry.npmjs.org/resize-observer-polyfill set size:undefined disposed:false
824 silly fetch manifest react-is@^18.3.1
825 silly packumentCache full:https://registry.npmjs.org/react-is cache-miss
826 http cache https://registry.npmjs.org/react-is 10ms (cache hit)
827 silly packumentCache full:https://registry.npmjs.org/react-is set size:5266703 disposed:false
828 silly fetch manifest react-smooth@^4.0.4
829 silly packumentCache full:https://registry.npmjs.org/react-smooth cache-miss
830 http fetch GET 200 https://registry.npmjs.org/lodash 97ms (cache miss)
831 silly packumentCache full:https://registry.npmjs.org/lodash set size:undefined disposed:false
832 silly fetch manifest eventemitter3@^4.0.1
833 silly packumentCache full:https://registry.npmjs.org/eventemitter3 cache-miss
834 http fetch GET 200 https://registry.npmjs.org/eventemitter3 72ms (cache miss)
835 silly packumentCache full:https://registry.npmjs.org/eventemitter3 set size:undefined disposed:false
836 silly fetch manifest recharts-scale@^0.4.4
837 silly packumentCache full:https://registry.npmjs.org/recharts-scale cache-miss
838 http fetch GET 200 https://registry.npmjs.org/warning 447ms (cache miss)
839 silly packumentCache full:https://registry.npmjs.org/warning set size:undefined disposed:false
840 silly fetch manifest tiny-invariant@^1.3.1
841 silly packumentCache full:https://registry.npmjs.org/tiny-invariant cache-miss
842 http fetch GET 200 https://registry.npmjs.org/json2mq 406ms (cache miss)
843 silly packumentCache full:https://registry.npmjs.org/json2mq set size:undefined disposed:false
844 silly fetch manifest victory-vendor@^36.6.8
845 silly packumentCache full:https://registry.npmjs.org/victory-vendor cache-miss
846 http fetch GET 200 https://registry.npmjs.org/react-smooth 496ms (cache miss)
847 silly packumentCache full:https://registry.npmjs.org/react-smooth set size:undefined disposed:false
848 http fetch GET 200 https://registry.npmjs.org/tiny-invariant 536ms (cache miss)
849 silly packumentCache full:https://registry.npmjs.org/tiny-invariant set size:undefined disposed:false
850 http fetch GET 200 https://registry.npmjs.org/@tailwindcss%2foxide 2389ms (cache miss)
851 silly packumentCache full:https://registry.npmjs.org/@tailwindcss%2foxide set size:undefined disposed:false
852 http fetch GET 200 https://registry.npmjs.org/dnd-core 1271ms (cache miss)
853 silly packumentCache full:https://registry.npmjs.org/dnd-core set size:undefined disposed:false
854 http fetch GET 200 https://registry.npmjs.org/dnd-core 1254ms (cache miss)
855 silly packumentCache full:https://registry.npmjs.org/dnd-core set size:undefined disposed:false
856 http fetch GET 200 https://registry.npmjs.org/@react-dnd%2finvariant 1876ms (cache miss)
857 silly packumentCache full:https://registry.npmjs.org/@react-dnd%2finvariant set size:undefined disposed:false
858 http fetch GET 200 https://registry.npmjs.org/@react-dnd%2fshallowequal 1824ms (cache miss)
859 silly packumentCache full:https://registry.npmjs.org/@react-dnd%2fshallowequal set size:undefined disposed:false
860 http fetch GET 200 https://registry.npmjs.org/recharts-scale 1150ms (cache miss)
861 silly packumentCache full:https://registry.npmjs.org/recharts-scale set size:undefined disposed:false
862 http fetch GET 200 https://registry.npmjs.org/victory-vendor 1100ms (cache miss)
863 silly packumentCache full:https://registry.npmjs.org/victory-vendor set size:undefined disposed:false
864 silly fetch manifest react@>=16.8.0
865 silly packumentCache full:https://registry.npmjs.org/react cache-miss
866 http cache https://registry.npmjs.org/react 13ms (cache hit)
867 silly packumentCache full:https://registry.npmjs.org/react set size:6504076 disposed:false
868 silly placeDep ROOT @babel/runtime@7.28.6 OK for: @emotion/react@11.14.0 want: ^7.18.3
869 silly placeDep ROOT @emotion/babel-plugin@11.13.5 OK for: @emotion/react@11.14.0 want: ^11.13.5
870 silly placeDep ROOT @emotion/cache@11.14.0 OK for: @emotion/react@11.14.0 want: ^11.14.0
871 silly placeDep ROOT @emotion/serialize@1.3.3 OK for: @emotion/react@11.14.0 want: ^1.3.3
872 silly placeDep ROOT @emotion/use-insertion-effect-with-fallbacks@1.2.0 OK for: @emotion/react@11.14.0 want: ^1.2.0
873 silly placeDep ROOT @emotion/utils@1.4.2 OK for: @emotion/react@11.14.0 want: ^1.4.2
874 silly placeDep ROOT @emotion/weak-memoize@0.4.0 OK for: @emotion/react@11.14.0 want: ^0.4.0
875 silly placeDep ROOT hoist-non-react-statics@3.3.2 OK for: @emotion/react@11.14.0 want: ^3.3.1
876 silly fetch manifest @babel/helper-module-imports@^7.16.7
877 silly packumentCache full:https://registry.npmjs.org/@babel%2fhelper-module-imports cache-miss
878 silly fetch manifest @emotion/hash@^0.9.2
879 silly packumentCache full:https://registry.npmjs.org/@emotion%2fhash cache-miss
880 silly fetch manifest @emotion/memoize@^0.9.0
881 silly packumentCache full:https://registry.npmjs.org/@emotion%2fmemoize cache-miss
882 silly fetch manifest babel-plugin-macros@^3.1.0
883 silly packumentCache full:https://registry.npmjs.org/babel-plugin-macros cache-miss
884 silly fetch manifest convert-source-map@^1.5.0
885 silly packumentCache full:https://registry.npmjs.org/convert-source-map cache-miss
886 silly fetch manifest escape-string-regexp@^4.0.0
887 silly packumentCache full:https://registry.npmjs.org/escape-string-regexp cache-miss
888 silly fetch manifest find-root@^1.1.0
889 silly packumentCache full:https://registry.npmjs.org/find-root cache-miss
890 silly fetch manifest source-map@^0.5.7
891 silly packumentCache full:https://registry.npmjs.org/source-map cache-miss
892 silly fetch manifest stylis@4.2.0
893 silly packumentCache full:https://registry.npmjs.org/stylis cache-miss
894 http fetch GET 200 https://registry.npmjs.org/find-root 63ms (cache miss)
895 silly packumentCache full:https://registry.npmjs.org/find-root set size:undefined disposed:false
896 silly fetch manifest @emotion/memoize@^0.9.0
897 silly packumentCache full:https://registry.npmjs.org/@emotion%2fmemoize cache-miss
898 http fetch GET 200 https://registry.npmjs.org/escape-string-regexp 67ms (cache miss)
899 silly packumentCache full:https://registry.npmjs.org/escape-string-regexp set size:undefined disposed:false
900 silly fetch manifest @emotion/sheet@^1.4.0
901 silly packumentCache full:https://registry.npmjs.org/@emotion%2fsheet cache-miss
902 http fetch GET 200 https://registry.npmjs.org/babel-plugin-macros 70ms (cache miss)
903 silly packumentCache full:https://registry.npmjs.org/babel-plugin-macros set size:undefined disposed:false
904 silly fetch manifest stylis@4.2.0
905 silly packumentCache full:https://registry.npmjs.org/stylis cache-miss
906 http fetch GET 200 https://registry.npmjs.org/convert-source-map 71ms (cache miss)
907 silly packumentCache full:https://registry.npmjs.org/convert-source-map set size:undefined disposed:false
908 silly fetch manifest @emotion/hash@^0.9.2
909 silly packumentCache full:https://registry.npmjs.org/@emotion%2fhash cache-miss
910 http fetch GET 200 https://registry.npmjs.org/stylis 106ms (cache miss)
911 silly packumentCache full:https://registry.npmjs.org/stylis set size:undefined disposed:false
912 silly fetch manifest @emotion/memoize@^0.9.0
913 silly packumentCache full:https://registry.npmjs.org/@emotion%2fmemoize cache-miss
914 http fetch GET 200 https://registry.npmjs.org/@babel%2fhelper-module-imports 123ms (cache miss)
915 silly packumentCache full:https://registry.npmjs.org/@babel%2fhelper-module-imports set size:undefined disposed:false
916 silly fetch manifest @emotion/unitless@^0.10.0
917 silly packumentCache full:https://registry.npmjs.org/@emotion%2funitless cache-miss
918 http fetch GET 200 https://registry.npmjs.org/stylis 56ms (cache miss)
919 silly packumentCache full:https://registry.npmjs.org/stylis set size:undefined disposed:false
920 silly fetch manifest csstype@^3.0.2
921 silly packumentCache full:https://registry.npmjs.org/csstype cache-miss
922 http cache https://registry.npmjs.org/csstype 2ms (cache hit)
923 silly packumentCache full:https://registry.npmjs.org/csstype set size:274189 disposed:false
924 silly fetch manifest react-is@^16.7.0
925 silly packumentCache full:https://registry.npmjs.org/react-is cache-miss
926 http cache https://registry.npmjs.org/react-is 8ms (cache hit)
927 silly packumentCache full:https://registry.npmjs.org/react-is set size:5266703 disposed:false
928 http fetch GET 200 https://registry.npmjs.org/@emotion%2fhash 383ms (cache miss)
929 silly packumentCache full:https://registry.npmjs.org/@emotion%2fhash set size:undefined disposed:false
930 http fetch GET 200 https://registry.npmjs.org/@emotion%2fhash 456ms (cache miss)
931 silly packumentCache full:https://registry.npmjs.org/@emotion%2fhash set size:undefined disposed:false
932 http fetch GET 200 https://registry.npmjs.org/@emotion%2funitless 458ms (cache miss)
933 silly packumentCache full:https://registry.npmjs.org/@emotion%2funitless set size:undefined disposed:false
934 http fetch GET 200 https://registry.npmjs.org/@emotion%2fsheet 864ms (cache miss)
935 silly packumentCache full:https://registry.npmjs.org/@emotion%2fsheet set size:undefined disposed:false
936 http fetch GET 200 https://registry.npmjs.org/@emotion%2fmemoize 1004ms (cache miss)
937 silly packumentCache full:https://registry.npmjs.org/@emotion%2fmemoize set size:undefined disposed:false
938 http fetch GET 200 https://registry.npmjs.org/@emotion%2fmemoize 953ms (cache miss)
939 silly packumentCache full:https://registry.npmjs.org/@emotion%2fmemoize set size:undefined disposed:false
940 http fetch GET 200 https://registry.npmjs.org/@emotion%2fmemoize 1101ms (cache miss)
941 silly packumentCache full:https://registry.npmjs.org/@emotion%2fmemoize set size:undefined disposed:false
942 http fetch GET 200 https://registry.npmjs.org/source-map 1194ms (cache miss)
943 silly packumentCache full:https://registry.npmjs.org/source-map set size:undefined disposed:false
944 silly placeDep ROOT @babel/helper-module-imports@7.28.6 OK for: @emotion/babel-plugin@11.13.5 want: ^7.16.7
945 silly placeDep ROOT @emotion/hash@0.9.2 OK for: @emotion/babel-plugin@11.13.5 want: ^0.9.2
946 silly placeDep ROOT @emotion/memoize@0.9.0 OK for: @emotion/babel-plugin@11.13.5 want: ^0.9.0
947 silly placeDep ROOT babel-plugin-macros@3.1.0 OK for: @emotion/babel-plugin@11.13.5 want: ^3.1.0
948 silly placeDep ROOT convert-source-map@1.9.0 OK for: @emotion/babel-plugin@11.13.5 want: ^1.5.0
949 silly placeDep ROOT escape-string-regexp@4.0.0 OK for: @emotion/babel-plugin@11.13.5 want: ^4.0.0
950 silly placeDep ROOT find-root@1.1.0 OK for: @emotion/babel-plugin@11.13.5 want: ^1.1.0
951 silly placeDep ROOT source-map@0.5.7 OK for: @emotion/babel-plugin@11.13.5 want: ^0.5.7
952 silly placeDep ROOT stylis@4.2.0 OK for: @emotion/babel-plugin@11.13.5 want: 4.2.0
953 silly fetch manifest @babel/types@^7.28.6
954 silly packumentCache full:https://registry.npmjs.org/@babel%2ftypes cache-miss
955 silly fetch manifest @babel/traverse@^7.28.6
956 silly packumentCache full:https://registry.npmjs.org/@babel%2ftraverse cache-miss
957 silly fetch manifest cosmiconfig@^7.0.0
958 silly packumentCache full:https://registry.npmjs.org/cosmiconfig cache-miss
959 silly fetch manifest resolve@^1.19.0
960 silly packumentCache full:https://registry.npmjs.org/resolve cache-miss
961 http fetch GET 200 https://registry.npmjs.org/resolve 106ms (cache miss)
962 silly packumentCache full:https://registry.npmjs.org/resolve set size:undefined disposed:false
963 http fetch GET 200 https://registry.npmjs.org/@babel%2ftraverse 138ms (cache miss)
964 silly packumentCache full:https://registry.npmjs.org/@babel%2ftraverse set size:undefined disposed:false
965 http fetch GET 200 https://registry.npmjs.org/@babel%2ftypes 501ms (cache miss)
966 silly packumentCache full:https://registry.npmjs.org/@babel%2ftypes set size:undefined disposed:false
967 http fetch GET 200 https://registry.npmjs.org/cosmiconfig 535ms (cache miss)
968 silly packumentCache full:https://registry.npmjs.org/cosmiconfig set size:undefined disposed:false
969 silly placeDep ROOT @babel/traverse@7.29.0 OK for: @babel/helper-module-imports@7.28.6 want: ^7.28.6
970 silly placeDep ROOT @babel/types@7.29.0 OK for: @babel/helper-module-imports@7.28.6 want: ^7.28.6
971 silly fetch manifest debug@^4.3.1
972 silly packumentCache full:https://registry.npmjs.org/debug cache-miss
973 silly fetch manifest @babel/types@^7.29.0
974 silly packumentCache full:https://registry.npmjs.org/@babel%2ftypes cache-miss
975 silly fetch manifest @babel/parser@^7.29.0
976 silly packumentCache full:https://registry.npmjs.org/@babel%2fparser cache-miss
977 silly fetch manifest @babel/template@^7.28.6
978 silly packumentCache full:https://registry.npmjs.org/@babel%2ftemplate cache-miss
979 silly fetch manifest @babel/generator@^7.29.0
980 silly packumentCache full:https://registry.npmjs.org/@babel%2fgenerator cache-miss
981 silly fetch manifest @babel/code-frame@^7.29.0
982 silly packumentCache full:https://registry.npmjs.org/@babel%2fcode-frame cache-miss
983 silly fetch manifest @babel/helper-globals@^7.28.0
984 silly packumentCache full:https://registry.npmjs.org/@babel%2fhelper-globals cache-miss
985 silly fetch manifest @babel/helper-string-parser@^7.27.1
986 silly packumentCache full:https://registry.npmjs.org/@babel%2fhelper-string-parser cache-miss
987 silly fetch manifest @babel/helper-validator-identifier@^7.28.5
988 silly packumentCache full:https://registry.npmjs.org/@babel%2fhelper-validator-identifier cache-miss
989 http cache https://registry.npmjs.org/@babel%2ftypes 5ms (cache hit)
990 silly packumentCache full:https://registry.npmjs.org/@babel%2ftypes set size:485839 disposed:false
991 http fetch GET 200 https://registry.npmjs.org/@babel%2fhelper-string-parser 69ms (cache miss)
992 silly packumentCache full:https://registry.npmjs.org/@babel%2fhelper-string-parser set size:undefined disposed:false
993 http fetch GET 200 https://registry.npmjs.org/debug 95ms (cache miss)
994 silly packumentCache full:https://registry.npmjs.org/debug set size:undefined disposed:false
995 http fetch GET 200 https://registry.npmjs.org/@babel%2ftemplate 142ms (cache miss)
996 silly packumentCache full:https://registry.npmjs.org/@babel%2ftemplate set size:undefined disposed:false
997 http fetch GET 200 https://registry.npmjs.org/@babel%2fparser 176ms (cache miss)
998 silly packumentCache full:https://registry.npmjs.org/@babel%2fparser set size:undefined disposed:false
999 http fetch GET 200 https://registry.npmjs.org/@babel%2fcode-frame 584ms (cache miss)
1000 silly packumentCache full:https://registry.npmjs.org/@babel%2fcode-frame set size:undefined disposed:false
1001 http fetch GET 200 https://registry.npmjs.org/@babel%2fgenerator 727ms (cache miss)
1002 silly packumentCache full:https://registry.npmjs.org/@babel%2fgenerator set size:undefined disposed:false
1003 http fetch GET 200 https://registry.npmjs.org/@babel%2fhelper-globals 733ms (cache miss)
1004 silly packumentCache full:https://registry.npmjs.org/@babel%2fhelper-globals set size:undefined disposed:false
1005 http fetch GET 200 https://registry.npmjs.org/@babel%2fhelper-validator-identifier 1405ms (cache miss)
1006 silly packumentCache full:https://registry.npmjs.org/@babel%2fhelper-validator-identifier set size:undefined disposed:false
1007 silly placeDep ROOT @babel/code-frame@7.29.0 OK for: @babel/traverse@7.29.0 want: ^7.29.0
1008 silly placeDep ROOT @babel/generator@7.29.1 OK for: @babel/traverse@7.29.0 want: ^7.29.0
1009 silly placeDep ROOT @babel/helper-globals@7.28.0 OK for: @babel/traverse@7.29.0 want: ^7.28.0
1010 silly placeDep ROOT @babel/parser@7.29.0 OK for: @babel/traverse@7.29.0 want: ^7.29.0
1011 silly placeDep ROOT @babel/template@7.28.6 OK for: @babel/traverse@7.29.0 want: ^7.28.6
1012 silly placeDep ROOT debug@4.4.3 OK for: @babel/traverse@7.29.0 want: ^4.3.1
1013 silly fetch manifest js-tokens@^4.0.0
1014 silly packumentCache full:https://registry.npmjs.org/js-tokens cache-miss
1015 silly fetch manifest picocolors@^1.1.1
1016 silly packumentCache full:https://registry.npmjs.org/picocolors cache-miss
1017 silly fetch manifest jsesc@^3.0.2
1018 silly packumentCache full:https://registry.npmjs.org/jsesc cache-miss
1019 silly fetch manifest @jridgewell/gen-mapping@^0.3.12
1020 silly packumentCache full:https://registry.npmjs.org/@jridgewell%2fgen-mapping cache-miss
1021 silly fetch manifest @jridgewell/trace-mapping@^0.3.28
1022 silly packumentCache full:https://registry.npmjs.org/@jridgewell%2ftrace-mapping cache-miss
1023 silly fetch manifest ms@^2.1.3
1024 silly packumentCache full:https://registry.npmjs.org/ms cache-miss
1025 http fetch GET 200 https://registry.npmjs.org/picocolors 60ms (cache miss)
1026 silly packumentCache full:https://registry.npmjs.org/picocolors set size:undefined disposed:false
1027 http fetch GET 200 https://registry.npmjs.org/ms 70ms (cache miss)
1028 silly packumentCache full:https://registry.npmjs.org/ms set size:undefined disposed:false
1029 http fetch GET 200 https://registry.npmjs.org/jsesc 427ms (cache miss)
1030 silly packumentCache full:https://registry.npmjs.org/jsesc set size:undefined disposed:false
1031 http fetch GET 200 https://registry.npmjs.org/js-tokens 471ms (cache miss)
1032 silly packumentCache full:https://registry.npmjs.org/js-tokens set size:undefined disposed:false
1033 http fetch GET 200 https://registry.npmjs.org/@jridgewell%2fgen-mapping 471ms (cache miss)
1034 silly packumentCache full:https://registry.npmjs.org/@jridgewell%2fgen-mapping set size:undefined disposed:false
1035 http fetch GET 200 https://registry.npmjs.org/@jridgewell%2ftrace-mapping 502ms (cache miss)
1036 silly packumentCache full:https://registry.npmjs.org/@jridgewell%2ftrace-mapping set size:undefined disposed:false
1037 silly placeDep ROOT @babel/helper-validator-identifier@7.28.5 OK for: @babel/code-frame@7.29.0 want: ^7.28.5
1038 silly placeDep ROOT js-tokens@4.0.0 OK for: @babel/code-frame@7.29.0 want: ^4.0.0
1039 silly placeDep ROOT picocolors@1.1.1 OK for: @babel/code-frame@7.29.0 want: ^1.1.1
1040 silly placeDep ROOT @jridgewell/gen-mapping@0.3.13 OK for: @babel/generator@7.29.1 want: ^0.3.12
1041 silly placeDep ROOT @jridgewell/trace-mapping@0.3.31 OK for: @babel/generator@7.29.1 want: ^0.3.28
1042 silly placeDep ROOT jsesc@3.1.0 OK for: @babel/generator@7.29.1 want: ^3.0.2
1043 silly fetch manifest @jridgewell/sourcemap-codec@^1.5.0
1044 silly packumentCache full:https://registry.npmjs.org/@jridgewell%2fsourcemap-codec cache-miss
1045 silly fetch manifest @jridgewell/trace-mapping@^0.3.24
1046 silly packumentCache full:https://registry.npmjs.org/@jridgewell%2ftrace-mapping cache-miss
1047 silly fetch manifest @jridgewell/resolve-uri@^3.1.0
1048 silly packumentCache full:https://registry.npmjs.org/@jridgewell%2fresolve-uri cache-miss
1049 silly fetch manifest @jridgewell/sourcemap-codec@^1.4.14
1050 silly packumentCache full:https://registry.npmjs.org/@jridgewell%2fsourcemap-codec cache-miss
1051 http cache https://registry.npmjs.org/@jridgewell%2ftrace-mapping 4ms (cache hit)
1052 silly packumentCache full:https://registry.npmjs.org/@jridgewell%2ftrace-mapping set size:170909 disposed:false
1053 http fetch GET 200 https://registry.npmjs.org/@jridgewell%2fresolve-uri 152ms (cache miss)
1054 silly packumentCache full:https://registry.npmjs.org/@jridgewell%2fresolve-uri set size:undefined disposed:false
1055 http fetch GET 200 https://registry.npmjs.org/@jridgewell%2fsourcemap-codec 154ms (cache miss)
1056 silly packumentCache full:https://registry.npmjs.org/@jridgewell%2fsourcemap-codec set size:undefined disposed:false
1057 http fetch GET 200 https://registry.npmjs.org/@jridgewell%2fsourcemap-codec 153ms (cache miss)
1058 silly packumentCache full:https://registry.npmjs.org/@jridgewell%2fsourcemap-codec set size:undefined disposed:false
1059 silly placeDep ROOT @babel/helper-string-parser@7.27.1 OK for: @babel/types@7.29.0 want: ^7.27.1
1060 silly placeDep ROOT @emotion/sheet@1.4.0 OK for: @emotion/cache@11.14.0 want: ^1.4.0
1061 silly placeDep ROOT @emotion/unitless@0.10.0 OK for: @emotion/serialize@1.3.3 want: ^0.10.0
1062 silly placeDep ROOT csstype@3.2.3 OK for: @emotion/serialize@1.3.3 want: ^3.0.2
1063 silly placeDep ROOT @emotion/is-prop-valid@1.4.0 OK for: @emotion/styled@11.14.1 want: ^1.3.0
1064 silly placeDep ROOT @jridgewell/sourcemap-codec@1.5.5 OK for: @jridgewell/gen-mapping@0.3.13 want: ^1.5.0
1065 silly placeDep ROOT @jridgewell/resolve-uri@3.1.2 OK for: @jridgewell/trace-mapping@0.3.31 want: ^3.1.0
1066 silly fetch manifest react@^17.0.0 || ^18.0.0 || ^19.0.0
1067 silly packumentCache full:https://registry.npmjs.org/react cache-miss
1068 http cache https://registry.npmjs.org/react 12ms (cache hit)
1069 silly packumentCache full:https://registry.npmjs.org/react set size:6504076 disposed:false
1070 silly fetch manifest @emotion/react@^11.5.0
1071 silly packumentCache full:https://registry.npmjs.org/@emotion%2freact cache-miss
1072 http cache https://registry.npmjs.org/@emotion%2freact 6ms (cache hit)
1073 silly packumentCache full:https://registry.npmjs.org/@emotion%2freact set size:196548 disposed:false
1074 silly fetch manifest @emotion/styled@^11.3.0
1075 silly packumentCache full:https://registry.npmjs.org/@emotion%2fstyled cache-miss
1076 http cache https://registry.npmjs.org/@emotion%2fstyled 2ms (cache hit)
1077 silly packumentCache full:https://registry.npmjs.org/@emotion%2fstyled set size:286397 disposed:false
1078 silly fetch manifest react-dom@^17.0.0 || ^18.0.0 || ^19.0.0
1079 silly packumentCache full:https://registry.npmjs.org/react-dom cache-miss
1080 http cache https://registry.npmjs.org/react-dom 15ms (cache hit)
1081 silly packumentCache full:https://registry.npmjs.org/react-dom set size:8617570 disposed:false
1082 silly placeDep ROOT @mui/core-downloads-tracker@7.3.8 OK for: @mui/material@7.3.5 want: ^7.3.5
1083 silly placeDep ROOT @mui/system@7.3.8 OK for: @mui/material@7.3.5 want: ^7.3.5
1084 silly placeDep ROOT @mui/types@7.4.11 OK for: @mui/material@7.3.5 want: ^7.4.8
1085 silly placeDep ROOT @mui/utils@7.3.8 OK for: @mui/material@7.3.5 want: ^7.3.5
1086 silly placeDep ROOT @types/react-transition-group@4.4.12 OK for: @mui/material@7.3.5 want: ^4.4.12
1087 silly placeDep ROOT @types/react@19.2.14 OK for: @types/react-transition-group@4.4.12 want: *
1088 silly placeDep ROOT prop-types@15.8.1 OK for: @mui/material@7.3.5 want: ^15.8.1
1089 silly placeDep ROOT react-is@19.2.4 OK for: @mui/material@7.3.5 want: ^19.2.0
1090 silly placeDep ROOT react-transition-group@4.4.5 OK for: @mui/material@7.3.5 want: ^4.4.5
1091 silly fetch manifest @mui/types@^7.4.11
1092 silly packumentCache full:https://registry.npmjs.org/@mui%2ftypes cache-miss
1093 silly fetch manifest @mui/utils@^7.3.8
1094 silly packumentCache full:https://registry.npmjs.org/@mui%2futils cache-miss
1095 silly fetch manifest @mui/styled-engine@^7.3.8
1096 silly packumentCache full:https://registry.npmjs.org/@mui%2fstyled-engine cache-miss
1097 silly fetch manifest @mui/private-theming@^7.3.8
1098 silly packumentCache full:https://registry.npmjs.org/@mui%2fprivate-theming cache-miss
1099 silly fetch manifest react-is@^19.2.3
1100 silly packumentCache full:https://registry.npmjs.org/react-is cache-miss
1101 silly fetch manifest @types/prop-types@^15.7.15
1102 silly packumentCache full:https://registry.npmjs.org/@types%2fprop-types cache-miss
1103 silly fetch manifest loose-envify@^1.4.0
1104 silly packumentCache full:https://registry.npmjs.org/loose-envify cache-miss
1105 silly fetch manifest object-assign@^4.1.1
1106 silly packumentCache full:https://registry.npmjs.org/object-assign cache-miss
1107 silly fetch manifest react-is@^16.13.1
1108 silly packumentCache full:https://registry.npmjs.org/react-is cache-miss
1109 http cache https://registry.npmjs.org/react-is 11ms (cache hit)
1110 silly packumentCache full:https://registry.npmjs.org/react-is set size:5266703 disposed:false
1111 silly fetch manifest dom-helpers@^5.0.1
1112 silly packumentCache full:https://registry.npmjs.org/dom-helpers cache-miss
1113 http cache https://registry.npmjs.org/react-is 52ms (cache hit)
1114 silly packumentCache full:https://registry.npmjs.org/react-is set size:5266703 disposed:false
1115 silly fetch manifest loose-envify@^1.4.0
1116 silly packumentCache full:https://registry.npmjs.org/loose-envify cache-miss
1117 http cache https://registry.npmjs.org/loose-envify 67ms (cache hit)
1118 silly packumentCache full:https://registry.npmjs.org/loose-envify set size:12559 disposed:false
1119 http cache https://registry.npmjs.org/@mui%2ftypes 68ms (cache hit)
1120 silly packumentCache full:https://registry.npmjs.org/@mui%2ftypes set size:129402 disposed:false
1121 http cache https://registry.npmjs.org/@mui%2futils 69ms (cache hit)
1122 silly packumentCache full:https://registry.npmjs.org/@mui%2futils set size:433515 disposed:false
1123 http cache https://registry.npmjs.org/loose-envify 5ms (cache hit)
1124 silly packumentCache full:https://registry.npmjs.org/loose-envify set size:12559 disposed:false
1125 silly packumentCache full:https://registry.npmjs.org/loose-envify dispose
1126 http fetch GET 200 https://registry.npmjs.org/object-assign 387ms (cache miss)
1127 silly packumentCache full:https://registry.npmjs.org/object-assign set size:undefined disposed:false
1128 http fetch GET 200 https://registry.npmjs.org/@types%2fprop-types 494ms (cache miss)
1129 silly packumentCache full:https://registry.npmjs.org/@types%2fprop-types set size:undefined disposed:false
1130 http fetch GET 200 https://registry.npmjs.org/dom-helpers 900ms (cache miss)
1131 silly packumentCache full:https://registry.npmjs.org/dom-helpers set size:undefined disposed:false
1132 http fetch GET 200 https://registry.npmjs.org/@mui%2fprivate-theming 1945ms (cache miss)
1133 silly packumentCache full:https://registry.npmjs.org/@mui%2fprivate-theming set size:undefined disposed:false
1134 http fetch GET 200 https://registry.npmjs.org/@mui%2fstyled-engine 2278ms (cache miss)
1135 silly packumentCache full:https://registry.npmjs.org/@mui%2fstyled-engine set size:undefined disposed:false
1136 silly placeDep ROOT @mui/private-theming@7.3.8 OK for: @mui/system@7.3.8 want: ^7.3.8
1137 silly placeDep ROOT @mui/styled-engine@7.3.8 OK for: @mui/system@7.3.8 want: ^7.3.8
1138 silly placeDep ROOT @types/prop-types@15.7.15 OK for: @mui/utils@7.3.8 want: ^15.7.15
1139 silly fetch manifest react@^16.8 || ^17.0 || ^18.0 || ^19.0 || ^19.0.0-rc
1140 silly packumentCache full:https://registry.npmjs.org/react cache-miss
1141 http cache https://registry.npmjs.org/react 11ms (cache hit)
1142 silly packumentCache full:https://registry.npmjs.org/react set size:6504076 disposed:false
1143 silly fetch manifest react-dom@^16.8 || ^17.0 || ^18.0 || ^19.0 || ^19.0.0-rc
1144 silly packumentCache full:https://registry.npmjs.org/react-dom cache-miss
1145 http cache https://registry.npmjs.org/react-dom 12ms (cache hit)
1146 silly packumentCache full:https://registry.npmjs.org/react-dom set size:8617570 disposed:false
1147 silly placeDep ROOT @radix-ui/primitive@1.1.1 OK for: @radix-ui/react-accordion@1.2.3 want: 1.1.1
1148 silly placeDep ROOT @radix-ui/react-collection@1.1.2 OK for: @radix-ui/react-accordion@1.2.3 want: 1.1.2
1149 silly placeDep ROOT @radix-ui/react-compose-refs@1.1.1 OK for: @radix-ui/react-accordion@1.2.3 want: 1.1.1
1150 silly placeDep ROOT @radix-ui/react-context@1.1.1 OK for: @radix-ui/react-accordion@1.2.3 want: 1.1.1
1151 silly placeDep ROOT @radix-ui/react-direction@1.1.0 OK for: @radix-ui/react-accordion@1.2.3 want: 1.1.0
1152 silly placeDep ROOT @radix-ui/react-id@1.1.0 OK for: @radix-ui/react-accordion@1.2.3 want: 1.1.0
1153 silly placeDep ROOT @radix-ui/react-primitive@2.0.2 OK for: @radix-ui/react-accordion@1.2.3 want: 2.0.2
1154 silly placeDep ROOT @radix-ui/react-use-controllable-state@1.1.0 OK for: @radix-ui/react-accordion@1.2.3 want: 1.1.0
1155 silly placeDep ROOT @radix-ui/react-use-callback-ref@1.1.0 OK for: @radix-ui/react-avatar@1.1.3 want: 1.1.0
1156 silly placeDep ROOT @radix-ui/react-use-layout-effect@1.1.0 OK for: @radix-ui/react-avatar@1.1.3 want: 1.1.0
1157 silly placeDep ROOT @radix-ui/react-presence@1.1.2 OK for: @radix-ui/react-checkbox@1.1.4 want: 1.1.2
1158 silly placeDep ROOT @radix-ui/react-use-previous@1.1.0 OK for: @radix-ui/react-checkbox@1.1.4 want: 1.1.0
1159 silly placeDep ROOT @radix-ui/react-use-size@1.1.0 OK for: @radix-ui/react-checkbox@1.1.4 want: 1.1.0
1160 silly placeDep ROOT @radix-ui/react-menu@2.1.6 OK for: @radix-ui/react-context-menu@2.2.6 want: 2.1.6
1161 silly placeDep ROOT @radix-ui/react-dismissable-layer@1.1.5 OK for: @radix-ui/react-dialog@1.1.6 want: 1.1.5
1162 silly placeDep ROOT @radix-ui/react-focus-guards@1.1.1 OK for: @radix-ui/react-dialog@1.1.6 want: 1.1.1
1163 silly placeDep ROOT @radix-ui/react-focus-scope@1.1.2 OK for: @radix-ui/react-dialog@1.1.6 want: 1.1.2
1164 silly placeDep ROOT @radix-ui/react-portal@1.1.4 OK for: @radix-ui/react-dialog@1.1.6 want: 1.1.4
1165 silly placeDep ROOT aria-hidden@1.2.6 OK for: @radix-ui/react-dialog@1.1.6 want: ^1.2.4
1166 silly placeDep ROOT react-remove-scroll@2.7.2 OK for: @radix-ui/react-dialog@1.1.6 want: ^2.6.3
1167 silly fetch manifest @radix-ui/react-use-escape-keydown@1.1.0
1168 silly packumentCache full:https://registry.npmjs.org/@radix-ui%2freact-use-escape-keydown cache-miss
1169 silly fetch manifest tslib@^2.0.0
1170 silly packumentCache full:https://registry.npmjs.org/tslib cache-miss
1171 silly fetch manifest react-remove-scroll-bar@^2.3.7
1172 silly packumentCache full:https://registry.npmjs.org/react-remove-scroll-bar cache-miss
1173 silly fetch manifest react-style-singleton@^2.2.3
1174 silly packumentCache full:https://registry.npmjs.org/react-style-singleton cache-miss
1175 silly fetch manifest tslib@^2.1.0
1176 silly packumentCache full:https://registry.npmjs.org/tslib cache-miss
1177 silly fetch manifest use-callback-ref@^1.3.3
1178 silly packumentCache full:https://registry.npmjs.org/use-callback-ref cache-miss
1179 silly fetch manifest use-sidecar@^1.1.3
1180 silly packumentCache full:https://registry.npmjs.org/use-sidecar cache-miss
1181 http cache https://registry.npmjs.org/tslib 3ms (cache hit)
1182 silly packumentCache full:https://registry.npmjs.org/tslib set size:108760 disposed:false
1183 http cache https://registry.npmjs.org/tslib 5ms (cache hit)
1184 silly packumentCache full:https://registry.npmjs.org/tslib set size:108760 disposed:false
1185 silly packumentCache full:https://registry.npmjs.org/tslib dispose
1186 http fetch GET 200 https://registry.npmjs.org/react-style-singleton 62ms (cache miss)
1187 silly packumentCache full:https://registry.npmjs.org/react-style-singleton set size:undefined disposed:false
1188 http fetch GET 200 https://registry.npmjs.org/use-callback-ref 62ms (cache miss)
1189 silly packumentCache full:https://registry.npmjs.org/use-callback-ref set size:undefined disposed:false
1190 http fetch GET 200 https://registry.npmjs.org/react-remove-scroll-bar 65ms (cache miss)
1191 silly packumentCache full:https://registry.npmjs.org/react-remove-scroll-bar set size:undefined disposed:false
1192 http fetch GET 200 https://registry.npmjs.org/use-sidecar 90ms (cache miss)
1193 silly packumentCache full:https://registry.npmjs.org/use-sidecar set size:undefined disposed:false
1194 http fetch GET 200 https://registry.npmjs.org/@radix-ui%2freact-use-escape-keydown 869ms (cache miss)
1195 silly packumentCache full:https://registry.npmjs.org/@radix-ui%2freact-use-escape-keydown set size:undefined disposed:false
1196 silly placeDep ROOT @radix-ui/react-use-escape-keydown@1.1.0 OK for: @radix-ui/react-dismissable-layer@1.1.5 want: 1.1.0
1197 silly placeDep ROOT @radix-ui/react-popper@1.2.2 OK for: @radix-ui/react-hover-card@1.1.6 want: 1.2.2
1198 silly fetch manifest @radix-ui/rect@1.1.0
1199 silly packumentCache full:https://registry.npmjs.org/@radix-ui%2frect cache-miss
1200 silly fetch manifest @radix-ui/react-arrow@1.1.2
1201 silly packumentCache full:https://registry.npmjs.org/@radix-ui%2freact-arrow cache-miss
1202 silly fetch manifest @floating-ui/react-dom@^2.0.0
1203 silly packumentCache full:https://registry.npmjs.org/@floating-ui%2freact-dom cache-miss
1204 silly fetch manifest @radix-ui/react-use-rect@1.1.0
1205 silly packumentCache full:https://registry.npmjs.org/@radix-ui%2freact-use-rect cache-miss
1206 http fetch GET 200 https://registry.npmjs.org/@radix-ui%2freact-use-rect 66ms (cache miss)
1207 silly packumentCache full:https://registry.npmjs.org/@radix-ui%2freact-use-rect set size:undefined disposed:false
1208 http fetch GET 200 https://registry.npmjs.org/@radix-ui%2frect 475ms (cache miss)
1209 silly packumentCache full:https://registry.npmjs.org/@radix-ui%2frect set size:undefined disposed:false
1210 http fetch GET 200 https://registry.npmjs.org/@floating-ui%2freact-dom 478ms (cache miss)
1211 silly packumentCache full:https://registry.npmjs.org/@floating-ui%2freact-dom set size:undefined disposed:false
1212 http fetch GET 200 https://registry.npmjs.org/@radix-ui%2freact-arrow 630ms (cache miss)
1213 silly packumentCache full:https://registry.npmjs.org/@radix-ui%2freact-arrow set size:undefined disposed:false
1214 silly placeDep ROOT @radix-ui/react-roving-focus@1.1.2 OK for: @radix-ui/react-menu@2.1.6 want: 1.1.2
1215 silly placeDep ROOT @radix-ui/react-visually-hidden@1.1.2 OK for: @radix-ui/react-navigation-menu@1.2.5 want: 1.1.2
1216 silly placeDep ROOT @floating-ui/react-dom@2.1.7 OK for: @radix-ui/react-popper@1.2.2 want: ^2.0.0
1217 silly placeDep ROOT @radix-ui/react-arrow@1.1.2 OK for: @radix-ui/react-popper@1.2.2 want: 1.1.2
1218 silly placeDep ROOT @radix-ui/react-use-rect@1.1.0 OK for: @radix-ui/react-popper@1.2.2 want: 1.1.0
1219 silly placeDep ROOT @radix-ui/rect@1.1.0 OK for: @radix-ui/react-popper@1.2.2 want: 1.1.0
1220 silly fetch manifest @floating-ui/dom@^1.7.5
1221 silly packumentCache full:https://registry.npmjs.org/@floating-ui%2fdom cache-miss
1222 http fetch GET 200 https://registry.npmjs.org/@floating-ui%2fdom 2470ms (cache miss)
1223 silly packumentCache full:https://registry.npmjs.org/@floating-ui%2fdom set size:undefined disposed:false
1224 silly placeDep ROOT @floating-ui/dom@1.7.5 OK for: @floating-ui/react-dom@2.1.7 want: ^1.7.5
1225 silly fetch manifest @floating-ui/core@^1.7.4
1226 silly packumentCache full:https://registry.npmjs.org/@floating-ui%2fcore cache-miss
1227 silly fetch manifest @floating-ui/utils@^0.2.10
1228 silly packumentCache full:https://registry.npmjs.org/@floating-ui%2futils cache-miss
1229 http fetch GET 200 https://registry.npmjs.org/@floating-ui%2futils 794ms (cache miss)
1230 silly packumentCache full:https://registry.npmjs.org/@floating-ui%2futils set size:undefined disposed:false
1231 http fetch GET 200 https://registry.npmjs.org/@floating-ui%2fcore 885ms (cache miss)
1232 silly packumentCache full:https://registry.npmjs.org/@floating-ui%2fcore set size:undefined disposed:false
1233 silly placeDep ROOT @floating-ui/core@1.7.4 OK for: @floating-ui/dom@1.7.5 want: ^1.7.4
1234 silly placeDep ROOT @floating-ui/utils@0.2.10 OK for: @floating-ui/dom@1.7.5 want: ^0.2.10
1235 silly placeDep ROOT @radix-ui/number@1.1.0 OK for: @radix-ui/react-scroll-area@1.2.3 want: 1.1.0
1236 silly placeDep ROOT @supabase/auth-js@2.97.0 OK for: @supabase/supabase-js@2.97.0 want: 2.97.0
1237 silly placeDep ROOT @supabase/functions-js@2.97.0 OK for: @supabase/supabase-js@2.97.0 want: 2.97.0
1238 silly placeDep ROOT @supabase/postgrest-js@2.97.0 OK for: @supabase/supabase-js@2.97.0 want: 2.97.0
1239 silly placeDep ROOT @supabase/realtime-js@2.97.0 OK for: @supabase/supabase-js@2.97.0 want: 2.97.0
1240 silly placeDep ROOT @supabase/storage-js@2.97.0 OK for: @supabase/supabase-js@2.97.0 want: 2.97.0
1241 silly fetch manifest tslib@2.8.1
1242 silly packumentCache full:https://registry.npmjs.org/tslib cache-hit
1243 silly fetch manifest tslib@2.8.1
1244 silly packumentCache full:https://registry.npmjs.org/tslib cache-hit
1245 silly fetch manifest tslib@2.8.1
1246 silly packumentCache full:https://registry.npmjs.org/tslib cache-hit
1247 silly fetch manifest ws@^8.18.2
1248 silly packumentCache full:https://registry.npmjs.org/ws cache-miss
1249 silly fetch manifest tslib@2.8.1
1250 silly packumentCache full:https://registry.npmjs.org/tslib cache-hit
1251 silly fetch manifest @types/ws@^8.18.1
1252 silly packumentCache full:https://registry.npmjs.org/@types%2fws cache-miss
1253 silly fetch manifest @types/phoenix@^1.6.6
1254 silly packumentCache full:https://registry.npmjs.org/@types%2fphoenix cache-miss
1255 silly fetch manifest tslib@2.8.1
1256 silly packumentCache full:https://registry.npmjs.org/tslib cache-hit
1257 silly fetch manifest iceberg-js@^0.8.1
1258 silly packumentCache full:https://registry.npmjs.org/iceberg-js cache-miss
1259 http fetch GET 200 https://registry.npmjs.org/ws 505ms (cache miss)
1260 silly packumentCache full:https://registry.npmjs.org/ws set size:undefined disposed:false
1261 http fetch GET 200 https://registry.npmjs.org/@types%2fws 545ms (cache miss)
1262 silly packumentCache full:https://registry.npmjs.org/@types%2fws set size:undefined disposed:false
1263 http fetch GET 200 https://registry.npmjs.org/@types%2fphoenix 763ms (cache miss)
1264 silly packumentCache full:https://registry.npmjs.org/@types%2fphoenix set size:undefined disposed:false
1265 http fetch GET 200 https://registry.npmjs.org/iceberg-js 998ms (cache miss)
1266 silly packumentCache full:https://registry.npmjs.org/iceberg-js set size:undefined disposed:false
1267 silly placeDep ROOT tslib@2.8.1 OK for: @supabase/auth-js@2.97.0 want: 2.8.1
1268 silly fetch manifest bufferutil@^4.0.1
1269 silly packumentCache full:https://registry.npmjs.org/bufferutil cache-miss
1270 http fetch GET 200 https://registry.npmjs.org/bufferutil 71ms (cache miss)
1271 silly packumentCache full:https://registry.npmjs.org/bufferutil set size:undefined disposed:false
1272 silly fetch manifest utf-8-validate@>=5.0.2
1273 silly packumentCache full:https://registry.npmjs.org/utf-8-validate cache-miss
1274 http fetch GET 200 https://registry.npmjs.org/utf-8-validate 69ms (cache miss)
1275 silly packumentCache full:https://registry.npmjs.org/utf-8-validate set size:undefined disposed:false
1276 silly placeDep ROOT @types/phoenix@1.6.7 OK for: @supabase/realtime-js@2.97.0 want: ^1.6.6
1277 silly placeDep ROOT @types/ws@8.18.1 OK for: @supabase/realtime-js@2.97.0 want: ^8.18.1
1278 silly placeDep ROOT ws@8.19.0 OK for: @supabase/realtime-js@2.97.0 want: ^8.18.2
1279 silly fetch manifest @types/node@*
1280 silly packumentCache full:https://registry.npmjs.org/@types%2fnode cache-miss
1281 http cache https://registry.npmjs.org/@types%2fnode 22ms (cache hit)
1282 silly packumentCache full:https://registry.npmjs.org/@types%2fnode set size:10864169 disposed:false
1283 silly placeDep ROOT iceberg-js@0.8.1 OK for: @supabase/storage-js@2.97.0 want: ^0.8.1
1284 silly placeDep ROOT @tailwindcss/node@4.1.12 OK for: @tailwindcss/vite@4.1.12 want: 4.1.12
1285 silly placeDep ROOT @tailwindcss/oxide@4.1.12 OK for: @tailwindcss/vite@4.1.12 want: 4.1.12
1286 silly fetch manifest jiti@^2.5.1
1287 silly packumentCache full:https://registry.npmjs.org/jiti cache-miss
1288 silly fetch manifest lightningcss@1.30.1
1289 silly packumentCache full:https://registry.npmjs.org/lightningcss cache-miss
1290 silly fetch manifest magic-string@^0.30.17
1291 silly packumentCache full:https://registry.npmjs.org/magic-string cache-miss
1292 silly fetch manifest source-map-js@^1.2.1
1293 silly packumentCache full:https://registry.npmjs.org/source-map-js cache-miss
1294 silly fetch manifest enhanced-resolve@^5.18.3
1295 silly packumentCache full:https://registry.npmjs.org/enhanced-resolve cache-miss
1296 silly fetch manifest @jridgewell/remapping@^2.3.4
1297 silly packumentCache full:https://registry.npmjs.org/@jridgewell%2fremapping cache-miss
1298 silly fetch manifest tar@^7.4.3
1299 silly packumentCache full:https://registry.npmjs.org/tar cache-miss
1300 silly fetch manifest detect-libc@^2.0.4
1301 silly packumentCache full:https://registry.npmjs.org/detect-libc cache-miss
1302 silly fetch manifest @tailwindcss/oxide-darwin-x64@4.1.12
1303 silly packumentCache full:https://registry.npmjs.org/@tailwindcss%2foxide-darwin-x64 cache-miss
1304 http cache https://registry.npmjs.org/lightningcss 18ms (cache hit)
1305 silly packumentCache full:https://registry.npmjs.org/lightningcss set size:182441 disposed:false
1306 silly fetch manifest @tailwindcss/oxide-freebsd-x64@4.1.12
1307 silly packumentCache full:https://registry.npmjs.org/@tailwindcss%2foxide-freebsd-x64 cache-miss
1308 http cache https://registry.npmjs.org/jiti 22ms (cache hit)
1309 silly packumentCache full:https://registry.npmjs.org/jiti set size:382310 disposed:false
1310 silly fetch manifest @tailwindcss/oxide-wasm32-wasi@4.1.12
1311 silly packumentCache full:https://registry.npmjs.org/@tailwindcss%2foxide-wasm32-wasi cache-miss
1312 http fetch GET 200 https://registry.npmjs.org/enhanced-resolve 102ms (cache miss)
1313 silly packumentCache full:https://registry.npmjs.org/enhanced-resolve set size:undefined disposed:false
1314 silly fetch manifest @tailwindcss/oxide-darwin-arm64@4.1.12
1315 silly packumentCache full:https://registry.npmjs.org/@tailwindcss%2foxide-darwin-arm64 cache-miss
1316 http fetch GET 200 https://registry.npmjs.org/source-map-js 107ms (cache miss)
1317 silly packumentCache full:https://registry.npmjs.org/source-map-js set size:undefined disposed:false
1318 silly fetch manifest @tailwindcss/oxide-android-arm64@4.1.12
1319 silly packumentCache full:https://registry.npmjs.org/@tailwindcss%2foxide-android-arm64 cache-miss
1320 http fetch GET 200 https://registry.npmjs.org/tar 109ms (cache miss)
1321 silly packumentCache full:https://registry.npmjs.org/tar set size:undefined disposed:false
1322 silly fetch manifest @tailwindcss/oxide-linux-x64-gnu@4.1.12
1323 silly packumentCache full:https://registry.npmjs.org/@tailwindcss%2foxide-linux-x64-gnu cache-miss
1324 http fetch GET 200 https://registry.npmjs.org/detect-libc 442ms (cache miss)
1325 silly packumentCache full:https://registry.npmjs.org/detect-libc set size:undefined disposed:false
1326 silly fetch manifest @tailwindcss/oxide-linux-x64-musl@4.1.12
1327 silly packumentCache full:https://registry.npmjs.org/@tailwindcss%2foxide-linux-x64-musl cache-miss
1328 http fetch GET 200 https://registry.npmjs.org/magic-string 464ms (cache miss)
1329 silly packumentCache full:https://registry.npmjs.org/magic-string set size:undefined disposed:false
1330 silly fetch manifest @tailwindcss/oxide-win32-x64-msvc@4.1.12
1331 silly packumentCache full:https://registry.npmjs.org/@tailwindcss%2foxide-win32-x64-msvc cache-miss
1332 http fetch GET 200 https://registry.npmjs.org/@jridgewell%2fremapping 748ms (cache miss)
1333 silly packumentCache full:https://registry.npmjs.org/@jridgewell%2fremapping set size:undefined disposed:false
1334 silly fetch manifest @tailwindcss/oxide-linux-arm64-gnu@4.1.12
1335 silly packumentCache full:https://registry.npmjs.org/@tailwindcss%2foxide-linux-arm64-gnu cache-miss
1336 http fetch GET 200 https://registry.npmjs.org/@tailwindcss%2foxide-wasm32-wasi 1428ms (cache miss)
1337 silly packumentCache full:https://registry.npmjs.org/@tailwindcss%2foxide-wasm32-wasi set size:undefined disposed:false
1338 silly fetch manifest @tailwindcss/oxide-linux-arm64-musl@4.1.12
1339 silly packumentCache full:https://registry.npmjs.org/@tailwindcss%2foxide-linux-arm64-musl cache-miss
1340 http fetch GET 200 https://registry.npmjs.org/@tailwindcss%2foxide-darwin-arm64 1441ms (cache miss)
1341 silly packumentCache full:https://registry.npmjs.org/@tailwindcss%2foxide-darwin-arm64 set size:undefined disposed:false
1342 silly fetch manifest @tailwindcss/oxide-win32-arm64-msvc@4.1.12
1343 silly packumentCache full:https://registry.npmjs.org/@tailwindcss%2foxide-win32-arm64-msvc cache-miss
1344 http fetch GET 200 https://registry.npmjs.org/@tailwindcss%2foxide-android-arm64 1455ms (cache miss)
1345 silly packumentCache full:https://registry.npmjs.org/@tailwindcss%2foxide-android-arm64 set size:undefined disposed:false
1346 silly fetch manifest @tailwindcss/oxide-linux-arm-gnueabihf@4.1.12
1347 silly packumentCache full:https://registry.npmjs.org/@tailwindcss%2foxide-linux-arm-gnueabihf cache-miss
1348 http fetch GET 200 https://registry.npmjs.org/@tailwindcss%2foxide-darwin-x64 1979ms (cache miss)
1349 silly packumentCache full:https://registry.npmjs.org/@tailwindcss%2foxide-darwin-x64 set size:undefined disposed:false
1350 http fetch GET 200 https://registry.npmjs.org/@tailwindcss%2foxide-linux-x64-gnu 1982ms (cache miss)
1351 silly packumentCache full:https://registry.npmjs.org/@tailwindcss%2foxide-linux-x64-gnu set size:undefined disposed:false
1352 http fetch GET 200 https://registry.npmjs.org/@tailwindcss%2foxide-freebsd-x64 2092ms (cache miss)
1353 silly packumentCache full:https://registry.npmjs.org/@tailwindcss%2foxide-freebsd-x64 set size:undefined disposed:false
1354 http fetch GET 200 https://registry.npmjs.org/@tailwindcss%2foxide-linux-arm64-gnu 1886ms (cache miss)
1355 silly packumentCache full:https://registry.npmjs.org/@tailwindcss%2foxide-linux-arm64-gnu set size:undefined disposed:false
1356 http fetch GET 200 https://registry.npmjs.org/@tailwindcss%2foxide-linux-arm64-musl 1310ms (cache miss)
1357 silly packumentCache full:https://registry.npmjs.org/@tailwindcss%2foxide-linux-arm64-musl set size:undefined disposed:false
1358 http fetch GET 200 https://registry.npmjs.org/@tailwindcss%2foxide-win32-arm64-msvc 1357ms (cache miss)
1359 silly packumentCache full:https://registry.npmjs.org/@tailwindcss%2foxide-win32-arm64-msvc set size:undefined disposed:false
1360 http fetch GET 200 https://registry.npmjs.org/@tailwindcss%2foxide-win32-x64-msvc 2663ms (cache miss)
1361 silly packumentCache full:https://registry.npmjs.org/@tailwindcss%2foxide-win32-x64-msvc set size:undefined disposed:false
1362 http fetch GET 200 https://registry.npmjs.org/@tailwindcss%2foxide-linux-arm-gnueabihf 1628ms (cache miss)
1363 silly packumentCache full:https://registry.npmjs.org/@tailwindcss%2foxide-linux-arm-gnueabihf set size:undefined disposed:false
1364 http fetch GET 200 https://registry.npmjs.org/@tailwindcss%2foxide-linux-x64-musl 2790ms (cache miss)
1365 silly packumentCache full:https://registry.npmjs.org/@tailwindcss%2foxide-linux-x64-musl set size:undefined disposed:false
1366 silly placeDep ROOT @jridgewell/remapping@2.3.5 OK for: @tailwindcss/node@4.1.12 want: ^2.3.4
1367 silly placeDep ROOT enhanced-resolve@5.19.0 OK for: @tailwindcss/node@4.1.12 want: ^5.18.3
1368 silly placeDep ROOT jiti@2.6.1 OK for: @tailwindcss/node@4.1.12 want: ^2.5.1
1369 silly placeDep ROOT lightningcss@1.30.1 OK for: @tailwindcss/node@4.1.12 want: 1.30.1
1370 silly placeDep ROOT magic-string@0.30.21 OK for: @tailwindcss/node@4.1.12 want: ^0.30.17
1371 silly placeDep ROOT source-map-js@1.2.1 OK for: @tailwindcss/node@4.1.12 want: ^1.2.1
1372 silly fetch manifest graceful-fs@^4.2.4
1373 silly packumentCache full:https://registry.npmjs.org/graceful-fs cache-miss
1374 silly fetch manifest tapable@^2.3.0
1375 silly packumentCache full:https://registry.npmjs.org/tapable cache-miss
1376 silly fetch manifest detect-libc@^2.0.3
1377 silly packumentCache full:https://registry.npmjs.org/detect-libc cache-miss
1378 silly fetch manifest lightningcss-darwin-x64@1.30.1
1379 silly packumentCache full:https://registry.npmjs.org/lightningcss-darwin-x64 cache-miss
1380 silly fetch manifest lightningcss-freebsd-x64@1.30.1
1381 silly packumentCache full:https://registry.npmjs.org/lightningcss-freebsd-x64 cache-miss
1382 silly fetch manifest lightningcss-darwin-arm64@1.30.1
1383 silly packumentCache full:https://registry.npmjs.org/lightningcss-darwin-arm64 cache-miss
1384 silly fetch manifest lightningcss-linux-x64-gnu@1.30.1
1385 silly packumentCache full:https://registry.npmjs.org/lightningcss-linux-x64-gnu cache-miss
1386 silly fetch manifest lightningcss-linux-x64-musl@1.30.1
1387 silly packumentCache full:https://registry.npmjs.org/lightningcss-linux-x64-musl cache-miss
1388 silly fetch manifest lightningcss-win32-x64-msvc@1.30.1
1389 silly packumentCache full:https://registry.npmjs.org/lightningcss-win32-x64-msvc cache-miss
1390 http cache https://registry.npmjs.org/detect-libc 9ms (cache hit)
1391 silly packumentCache full:https://registry.npmjs.org/detect-libc set size:47861 disposed:false
1392 silly fetch manifest lightningcss-linux-arm64-gnu@1.30.1
1393 silly packumentCache full:https://registry.npmjs.org/lightningcss-linux-arm64-gnu cache-miss
1394 http fetch GET 200 https://registry.npmjs.org/graceful-fs 57ms (cache miss)
1395 silly packumentCache full:https://registry.npmjs.org/graceful-fs set size:undefined disposed:false
1396 silly fetch manifest lightningcss-linux-arm64-musl@1.30.1
1397 silly packumentCache full:https://registry.npmjs.org/lightningcss-linux-arm64-musl cache-miss
1398 http fetch GET 200 https://registry.npmjs.org/tapable 65ms (cache miss)
1399 silly packumentCache full:https://registry.npmjs.org/tapable set size:undefined disposed:false
1400 silly fetch manifest lightningcss-win32-arm64-msvc@1.30.1
1401 silly packumentCache full:https://registry.npmjs.org/lightningcss-win32-arm64-msvc cache-miss
1402 http fetch GET 200 https://registry.npmjs.org/lightningcss-freebsd-x64 418ms (cache miss)
1403 silly packumentCache full:https://registry.npmjs.org/lightningcss-freebsd-x64 set size:undefined disposed:false
1404 silly fetch manifest lightningcss-linux-arm-gnueabihf@1.30.1
1405 silly packumentCache full:https://registry.npmjs.org/lightningcss-linux-arm-gnueabihf cache-miss
1406 http fetch GET 200 https://registry.npmjs.org/lightningcss-win32-x64-msvc 453ms (cache miss)
1407 silly packumentCache full:https://registry.npmjs.org/lightningcss-win32-x64-msvc set size:undefined disposed:false
1408 http fetch GET 200 https://registry.npmjs.org/lightningcss-darwin-x64 482ms (cache miss)
1409 silly packumentCache full:https://registry.npmjs.org/lightningcss-darwin-x64 set size:undefined disposed:false
1410 http fetch GET 200 https://registry.npmjs.org/lightningcss-linux-x64-musl 498ms (cache miss)
1411 silly packumentCache full:https://registry.npmjs.org/lightningcss-linux-x64-musl set size:undefined disposed:false
1412 http fetch GET 200 https://registry.npmjs.org/lightningcss-win32-arm64-msvc 1079ms (cache miss)
1413 silly packumentCache full:https://registry.npmjs.org/lightningcss-win32-arm64-msvc set size:undefined disposed:false
1414 http fetch GET 200 https://registry.npmjs.org/lightningcss-linux-arm64-gnu 1151ms (cache miss)
1415 silly packumentCache full:https://registry.npmjs.org/lightningcss-linux-arm64-gnu set size:undefined disposed:false
1416 http fetch GET 200 https://registry.npmjs.org/lightningcss-darwin-arm64 1172ms (cache miss)
1417 silly packumentCache full:https://registry.npmjs.org/lightningcss-darwin-arm64 set size:undefined disposed:false
1418 http fetch GET 200 https://registry.npmjs.org/lightningcss-linux-x64-gnu 1174ms (cache miss)
1419 silly packumentCache full:https://registry.npmjs.org/lightningcss-linux-x64-gnu set size:undefined disposed:false
1420 http fetch GET 200 https://registry.npmjs.org/lightningcss-linux-arm64-musl 1212ms (cache miss)
1421 silly packumentCache full:https://registry.npmjs.org/lightningcss-linux-arm64-musl set size:undefined disposed:false
1422 http fetch GET 200 https://registry.npmjs.org/lightningcss-linux-arm-gnueabihf 1229ms (cache miss)
1423 silly packumentCache full:https://registry.npmjs.org/lightningcss-linux-arm-gnueabihf set size:undefined disposed:false
1424 silly placeDep ROOT @tailwindcss/oxide-android-arm64@4.1.12 OK for: @tailwindcss/oxide@4.1.12 want: 4.1.12
1425 silly placeDep ROOT @tailwindcss/oxide-darwin-arm64@4.1.12 OK for: @tailwindcss/oxide@4.1.12 want: 4.1.12
1426 silly placeDep ROOT @tailwindcss/oxide-darwin-x64@4.1.12 OK for: @tailwindcss/oxide@4.1.12 want: 4.1.12
1427 silly placeDep ROOT @tailwindcss/oxide-freebsd-x64@4.1.12 OK for: @tailwindcss/oxide@4.1.12 want: 4.1.12
1428 silly placeDep ROOT @tailwindcss/oxide-linux-arm-gnueabihf@4.1.12 OK for: @tailwindcss/oxide@4.1.12 want: 4.1.12
1429 silly placeDep ROOT @tailwindcss/oxide-linux-arm64-gnu@4.1.12 OK for: @tailwindcss/oxide@4.1.12 want: 4.1.12
1430 silly placeDep ROOT @tailwindcss/oxide-linux-arm64-musl@4.1.12 OK for: @tailwindcss/oxide@4.1.12 want: 4.1.12
1431 silly placeDep ROOT @tailwindcss/oxide-linux-x64-gnu@4.1.12 OK for: @tailwindcss/oxide@4.1.12 want: 4.1.12
1432 silly placeDep ROOT @tailwindcss/oxide-linux-x64-musl@4.1.12 OK for: @tailwindcss/oxide@4.1.12 want: 4.1.12
1433 silly placeDep ROOT @tailwindcss/oxide-wasm32-wasi@4.1.12 OK for: @tailwindcss/oxide@4.1.12 want: 4.1.12
1434 silly placeDep ROOT @tailwindcss/oxide-win32-arm64-msvc@4.1.12 OK for: @tailwindcss/oxide@4.1.12 want: 4.1.12
1435 silly placeDep ROOT @tailwindcss/oxide-win32-x64-msvc@4.1.12 OK for: @tailwindcss/oxide@4.1.12 want: 4.1.12
1436 silly placeDep ROOT detect-libc@2.1.2 OK for: @tailwindcss/oxide@4.1.12 want: ^2.0.4
1437 silly placeDep ROOT tar@7.5.9 OK for: @tailwindcss/oxide@4.1.12 want: ^7.4.3
1438 silly fetch manifest @isaacs/fs-minipass@^4.0.0
1439 silly packumentCache full:https://registry.npmjs.org/@isaacs%2ffs-minipass cache-miss
1440 silly fetch manifest chownr@^3.0.0
1441 silly packumentCache full:https://registry.npmjs.org/chownr cache-miss
1442 silly fetch manifest minipass@^7.1.2
1443 silly packumentCache full:https://registry.npmjs.org/minipass cache-miss
1444 silly fetch manifest minizlib@^3.1.0
1445 silly packumentCache full:https://registry.npmjs.org/minizlib cache-miss
1446 silly fetch manifest yallist@^5.0.0
1447 silly packumentCache full:https://registry.npmjs.org/yallist cache-miss
1448 http fetch GET 200 https://registry.npmjs.org/chownr 56ms (cache miss)
1449 silly packumentCache full:https://registry.npmjs.org/chownr set size:undefined disposed:false
1450 http fetch GET 200 https://registry.npmjs.org/minizlib 108ms (cache miss)
1451 silly packumentCache full:https://registry.npmjs.org/minizlib set size:undefined disposed:false
1452 http fetch GET 200 https://registry.npmjs.org/minipass 144ms (cache miss)
1453 silly packumentCache full:https://registry.npmjs.org/minipass set size:undefined disposed:false
1454 http fetch GET 200 https://registry.npmjs.org/@isaacs%2ffs-minipass 432ms (cache miss)
1455 silly packumentCache full:https://registry.npmjs.org/@isaacs%2ffs-minipass set size:undefined disposed:false
1456 http fetch GET 200 https://registry.npmjs.org/yallist 456ms (cache miss)
1457 silly packumentCache full:https://registry.npmjs.org/yallist set size:undefined disposed:false
1458 silly placeDep ROOT @types/node@25.3.0 OK for: @types/ws@8.18.1 want: *
1459 silly fetch manifest undici-types@~7.18.0
1460 silly packumentCache full:https://registry.npmjs.org/undici-types cache-miss
1461 http fetch GET 200 https://registry.npmjs.org/undici-types 448ms (cache miss)
1462 silly packumentCache full:https://registry.npmjs.org/undici-types set size:undefined disposed:false
1463 silly placeDep ROOT undici-types@7.18.2 OK for: @types/node@25.3.0 want: ~7.18.0
1464 silly placeDep ROOT @babel/core@7.29.0 OK for: @vitejs/plugin-react@4.7.0 want: ^7.28.0
1465 silly placeDep ROOT @babel/plugin-transform-react-jsx-self@7.27.1 OK for: @vitejs/plugin-react@4.7.0 want: ^7.27.1
1466 silly placeDep ROOT @babel/plugin-transform-react-jsx-source@7.27.1 OK for: @vitejs/plugin-react@4.7.0 want: ^7.27.1
1467 silly placeDep ROOT @rolldown/pluginutils@1.0.0-beta.27 OK for: @vitejs/plugin-react@4.7.0 want: 1.0.0-beta.27
1468 silly placeDep ROOT @types/babel__core@7.20.5 OK for: @vitejs/plugin-react@4.7.0 want: ^7.20.5
1469 silly placeDep ROOT react-refresh@0.17.0 OK for: @vitejs/plugin-react@4.7.0 want: ^0.17.0
1470 silly fetch manifest json5@^2.2.3
1471 silly packumentCache full:https://registry.npmjs.org/json5 cache-miss
1472 silly fetch manifest semver@^6.3.1
1473 silly packumentCache full:https://registry.npmjs.org/semver cache-miss
1474 silly fetch manifest gensync@^1.0.0-beta.2
1475 silly packumentCache full:https://registry.npmjs.org/gensync cache-miss
1476 silly fetch manifest @babel/helpers@^7.28.6
1477 silly packumentCache full:https://registry.npmjs.org/@babel%2fhelpers cache-miss
1478 silly fetch manifest convert-source-map@^2.0.0
1479 silly packumentCache full:https://registry.npmjs.org/convert-source-map cache-miss
1480 silly fetch manifest @babel/helper-module-transforms@^7.28.6
1481 silly packumentCache full:https://registry.npmjs.org/@babel%2fhelper-module-transforms cache-miss
1482 silly fetch manifest @babel/helper-compilation-targets@^7.28.6
1483 silly packumentCache full:https://registry.npmjs.org/@babel%2fhelper-compilation-targets cache-miss
1484 silly fetch manifest @babel/helper-plugin-utils@^7.27.1
1485 silly packumentCache full:https://registry.npmjs.org/@babel%2fhelper-plugin-utils cache-miss
1486 silly fetch manifest @babel/helper-plugin-utils@^7.27.1
1487 silly packumentCache full:https://registry.npmjs.org/@babel%2fhelper-plugin-utils cache-miss
1488 http cache https://registry.npmjs.org/convert-source-map 7ms (cache hit)
1489 silly packumentCache full:https://registry.npmjs.org/convert-source-map set size:66997 disposed:false
1490 silly fetch manifest @types/babel__template@*
1491 silly packumentCache full:https://registry.npmjs.org/@types%2fbabel__template cache-miss
1492 http fetch GET 200 https://registry.npmjs.org/gensync 49ms (cache miss)
1493 silly packumentCache full:https://registry.npmjs.org/gensync set size:undefined disposed:false
1494 silly fetch manifest @types/babel__traverse@*
1495 silly packumentCache full:https://registry.npmjs.org/@types%2fbabel__traverse cache-miss
1496 http fetch GET 200 https://registry.npmjs.org/@babel%2fhelper-compilation-targets 63ms (cache miss)
1497 silly packumentCache full:https://registry.npmjs.org/@babel%2fhelper-compilation-targets set size:undefined disposed:false
1498 silly fetch manifest @types/babel__generator@*
1499 silly packumentCache full:https://registry.npmjs.org/@types%2fbabel__generator cache-miss
1500 http fetch GET 200 https://registry.npmjs.org/@types%2fbabel__template 69ms (cache miss)
1501 silly packumentCache full:https://registry.npmjs.org/@types%2fbabel__template set size:undefined disposed:false
1502 http fetch GET 200 https://registry.npmjs.org/json5 83ms (cache miss)
1503 silly packumentCache full:https://registry.npmjs.org/json5 set size:undefined disposed:false
1504 http fetch GET 200 https://registry.npmjs.org/semver 84ms (cache miss)
1505 silly packumentCache full:https://registry.npmjs.org/semver set size:undefined disposed:false
1506 http fetch GET 200 https://registry.npmjs.org/@types%2fbabel__generator 64ms (cache miss)
1507 silly packumentCache full:https://registry.npmjs.org/@types%2fbabel__generator set size:undefined disposed:false
1508 http fetch GET 200 https://registry.npmjs.org/@babel%2fhelpers 131ms (cache miss)
1509 silly packumentCache full:https://registry.npmjs.org/@babel%2fhelpers set size:undefined disposed:false
1510 http fetch GET 200 https://registry.npmjs.org/@babel%2fhelper-plugin-utils 132ms (cache miss)
1511 silly packumentCache full:https://registry.npmjs.org/@babel%2fhelper-plugin-utils set size:undefined disposed:false
1512 http fetch GET 200 https://registry.npmjs.org/@types%2fbabel__traverse 124ms (cache miss)
1513 silly packumentCache full:https://registry.npmjs.org/@types%2fbabel__traverse set size:undefined disposed:false
1514 http fetch GET 200 https://registry.npmjs.org/@babel%2fhelper-plugin-utils 220ms (cache miss)
1515 silly packumentCache full:https://registry.npmjs.org/@babel%2fhelper-plugin-utils set size:undefined disposed:false
1516 http fetch GET 200 https://registry.npmjs.org/@babel%2fhelper-module-transforms 1243ms (cache miss)
1517 silly packumentCache full:https://registry.npmjs.org/@babel%2fhelper-module-transforms set size:undefined disposed:false
1518 silly fetch manifest @babel/core@^7.0.0
1519 silly packumentCache full:https://registry.npmjs.org/@babel%2fcore cache-miss
1520 http cache https://registry.npmjs.org/@babel%2fcore 5ms (cache hit)
1521 silly packumentCache full:https://registry.npmjs.org/@babel%2fcore set size:756140 disposed:false
1522 silly placeDep ROOT @babel/helper-compilation-targets@7.28.6 OK for: @babel/core@7.29.0 want: ^7.28.6
1523 silly placeDep ROOT @babel/helper-module-transforms@7.28.6 OK for: @babel/core@7.29.0 want: ^7.28.6
1524 silly placeDep ROOT @babel/helpers@7.28.6 OK for: @babel/core@7.29.0 want: ^7.28.6
1525 silly placeDep node_modules/@babel/core convert-source-map@2.0.0 OK for: @babel/core@7.29.0 want: ^2.0.0
1526 silly placeDep ROOT gensync@1.0.0-beta.2 OK for: @babel/core@7.29.0 want: ^1.0.0-beta.2
1527 silly placeDep ROOT json5@2.2.3 OK for: @babel/core@7.29.0 want: ^2.2.3
1528 silly placeDep ROOT semver@6.3.1 OK for: @babel/core@7.29.0 want: ^6.3.1
1529 silly fetch manifest lru-cache@^5.1.1
1530 silly packumentCache full:https://registry.npmjs.org/lru-cache cache-miss
1531 silly fetch manifest browserslist@^4.24.0
1532 silly packumentCache full:https://registry.npmjs.org/browserslist cache-miss
1533 silly fetch manifest @babel/compat-data@^7.28.6
1534 silly packumentCache full:https://registry.npmjs.org/@babel%2fcompat-data cache-miss
1535 silly fetch manifest @babel/helper-validator-option@^7.27.1
1536 silly packumentCache full:https://registry.npmjs.org/@babel%2fhelper-validator-option cache-miss
1537 http fetch GET 200 https://registry.npmjs.org/@babel%2fhelper-validator-option 85ms (cache miss)
1538 silly packumentCache full:https://registry.npmjs.org/@babel%2fhelper-validator-option set size:undefined disposed:false
1539 http fetch GET 200 https://registry.npmjs.org/browserslist 108ms (cache miss)
1540 silly packumentCache full:https://registry.npmjs.org/browserslist set size:undefined disposed:false
1541 http fetch GET 200 https://registry.npmjs.org/lru-cache 376ms (cache miss)
1542 silly packumentCache full:https://registry.npmjs.org/lru-cache set size:undefined disposed:false
1543 http fetch GET 200 https://registry.npmjs.org/@babel%2fcompat-data 630ms (cache miss)
1544 silly packumentCache full:https://registry.npmjs.org/@babel%2fcompat-data set size:undefined disposed:false
1545 silly placeDep ROOT @babel/compat-data@7.29.0 OK for: @babel/helper-compilation-targets@7.28.6 want: ^7.28.6
1546 silly placeDep ROOT @babel/helper-validator-option@7.27.1 OK for: @babel/helper-compilation-targets@7.28.6 want: ^7.27.1
1547 silly placeDep ROOT browserslist@4.28.1 OK for: @babel/helper-compilation-targets@7.28.6 want: ^4.24.0
1548 silly placeDep ROOT lru-cache@5.1.1 OK for: @babel/helper-compilation-targets@7.28.6 want: ^5.1.1
1549 silly fetch manifest baseline-browser-mapping@^2.9.0
1550 silly packumentCache full:https://registry.npmjs.org/baseline-browser-mapping cache-miss
1551 silly fetch manifest caniuse-lite@^1.0.30001759
1552 silly packumentCache full:https://registry.npmjs.org/caniuse-lite cache-miss
1553 silly fetch manifest electron-to-chromium@^1.5.263
1554 silly packumentCache full:https://registry.npmjs.org/electron-to-chromium cache-miss
1555 silly fetch manifest node-releases@^2.0.27
1556 silly packumentCache full:https://registry.npmjs.org/node-releases cache-miss
1557 silly fetch manifest update-browserslist-db@^1.2.0
1558 silly packumentCache full:https://registry.npmjs.org/update-browserslist-db cache-miss
1559 silly fetch manifest yallist@^3.0.2
1560 silly packumentCache full:https://registry.npmjs.org/yallist cache-miss
1561 http cache https://registry.npmjs.org/yallist 6ms (cache hit)
1562 silly packumentCache full:https://registry.npmjs.org/yallist set size:34610 disposed:false
1563 http fetch GET 200 https://registry.npmjs.org/baseline-browser-mapping 90ms (cache miss)
1564 silly packumentCache full:https://registry.npmjs.org/baseline-browser-mapping set size:undefined disposed:false
1565 http fetch GET 200 https://registry.npmjs.org/caniuse-lite 151ms (cache miss)
1566 silly packumentCache full:https://registry.npmjs.org/caniuse-lite set size:undefined disposed:false
1567 http fetch GET 200 https://registry.npmjs.org/update-browserslist-db 515ms (cache miss)
1568 silly packumentCache full:https://registry.npmjs.org/update-browserslist-db set size:undefined disposed:false
1569 http fetch GET 200 https://registry.npmjs.org/node-releases 737ms (cache miss)
1570 silly packumentCache full:https://registry.npmjs.org/node-releases set size:undefined disposed:false
1571 http fetch GET 200 https://registry.npmjs.org/electron-to-chromium 935ms (cache miss)
1572 silly packumentCache full:https://registry.npmjs.org/electron-to-chromium set size:undefined disposed:false
1573 silly placeDep ROOT @babel/helper-plugin-utils@7.28.6 OK for: @babel/plugin-transform-react-jsx-self@7.27.1 want: ^7.27.1
1574 silly placeDep ROOT @types/babel__generator@7.27.0 OK for: @types/babel__core@7.20.5 want: *
1575 silly placeDep ROOT @types/babel__template@7.4.4 OK for: @types/babel__core@7.20.5 want: *
1576 silly placeDep ROOT @types/babel__traverse@7.28.0 OK for: @types/babel__core@7.20.5 want: *
1577 silly placeDep ROOT cosmiconfig@7.1.0 OK for: babel-plugin-macros@3.1.0 want: ^7.0.0
1578 silly placeDep ROOT resolve@1.22.11 OK for: babel-plugin-macros@3.1.0 want: ^1.19.0
1579 silly fetch manifest @types/parse-json@^4.0.0
1580 silly packumentCache full:https://registry.npmjs.org/@types%2fparse-json cache-miss
1581 silly fetch manifest import-fresh@^3.2.1
1582 silly packumentCache full:https://registry.npmjs.org/import-fresh cache-miss
1583 silly fetch manifest parse-json@^5.0.0
1584 silly packumentCache full:https://registry.npmjs.org/parse-json cache-miss
1585 silly fetch manifest path-type@^4.0.0
1586 silly packumentCache full:https://registry.npmjs.org/path-type cache-miss
1587 silly fetch manifest yaml@^1.10.0
1588 silly packumentCache full:https://registry.npmjs.org/yaml cache-miss
1589 silly fetch manifest path-parse@^1.0.7
1590 silly packumentCache full:https://registry.npmjs.org/path-parse cache-miss
1591 silly fetch manifest is-core-module@^2.16.1
1592 silly packumentCache full:https://registry.npmjs.org/is-core-module cache-miss
1593 silly fetch manifest supports-preserve-symlinks-flag@^1.0.0
1594 silly packumentCache full:https://registry.npmjs.org/supports-preserve-symlinks-flag cache-miss
1595 http cache https://registry.npmjs.org/yaml 10ms (cache hit)
1596 silly packumentCache full:https://registry.npmjs.org/yaml set size:361552 disposed:false
1597 http fetch GET 200 https://registry.npmjs.org/supports-preserve-symlinks-flag 50ms (cache miss)
1598 silly packumentCache full:https://registry.npmjs.org/supports-preserve-symlinks-flag set size:undefined disposed:false
1599 http fetch GET 200 https://registry.npmjs.org/path-type 50ms (cache miss)
1600 silly packumentCache full:https://registry.npmjs.org/path-type set size:undefined disposed:false
1601 http fetch GET 200 https://registry.npmjs.org/@types%2fparse-json 59ms (cache miss)
1602 silly packumentCache full:https://registry.npmjs.org/@types%2fparse-json set size:undefined disposed:false
1603 http fetch GET 200 https://registry.npmjs.org/parse-json 60ms (cache miss)
1604 silly packumentCache full:https://registry.npmjs.org/parse-json set size:undefined disposed:false
1605 http fetch GET 200 https://registry.npmjs.org/is-core-module 61ms (cache miss)
1606 silly packumentCache full:https://registry.npmjs.org/is-core-module set size:undefined disposed:false
1607 http fetch GET 200 https://registry.npmjs.org/import-fresh 66ms (cache miss)
1608 silly packumentCache full:https://registry.npmjs.org/import-fresh set size:undefined disposed:false
1609 http fetch GET 200 https://registry.npmjs.org/path-parse 434ms (cache miss)
1610 silly packumentCache full:https://registry.npmjs.org/path-parse set size:undefined disposed:false
1611 silly fetch manifest browserslist@>= 4.21.0
1612 silly packumentCache full:https://registry.npmjs.org/browserslist cache-miss
1613 http cache https://registry.npmjs.org/browserslist 2ms (cache hit)
1614 silly packumentCache full:https://registry.npmjs.org/browserslist set size:502989 disposed:false
1615 silly placeDep ROOT baseline-browser-mapping@2.10.0 OK for: browserslist@4.28.1 want: ^2.9.0
1616 silly placeDep ROOT caniuse-lite@1.0.30001770 OK for: browserslist@4.28.1 want: ^1.0.30001759
1617 silly placeDep ROOT electron-to-chromium@1.5.302 OK for: browserslist@4.28.1 want: ^1.5.263
1618 silly placeDep ROOT node-releases@2.0.27 OK for: browserslist@4.28.1 want: ^2.0.27
1619 silly placeDep ROOT update-browserslist-db@1.2.3 OK for: browserslist@4.28.1 want: ^1.2.0
1620 silly fetch manifest escalade@^3.2.0
1621 silly packumentCache full:https://registry.npmjs.org/escalade cache-miss
1622 http fetch GET 200 https://registry.npmjs.org/escalade 56ms (cache miss)
1623 silly packumentCache full:https://registry.npmjs.org/escalade set size:undefined disposed:false
1624 silly placeDep ROOT @types/parse-json@4.0.2 OK for: cosmiconfig@7.1.0 want: ^4.0.0
1625 silly placeDep ROOT import-fresh@3.3.1 OK for: cosmiconfig@7.1.0 want: ^3.2.1
1626 silly placeDep ROOT parse-json@5.2.0 OK for: cosmiconfig@7.1.0 want: ^5.0.0
1627 silly placeDep ROOT path-type@4.0.0 OK for: cosmiconfig@7.1.0 want: ^4.0.0
1628 silly placeDep ROOT yaml@1.10.2 OK for: cosmiconfig@7.1.0 want: ^1.10.0
1629 silly fetch manifest parent-module@^1.0.0
1630 silly packumentCache full:https://registry.npmjs.org/parent-module cache-miss
1631 silly fetch manifest resolve-from@^4.0.0
1632 silly packumentCache full:https://registry.npmjs.org/resolve-from cache-miss
1633 silly fetch manifest error-ex@^1.3.1
1634 silly packumentCache full:https://registry.npmjs.org/error-ex cache-miss
1635 silly fetch manifest lines-and-columns@^1.1.6
1636 silly packumentCache full:https://registry.npmjs.org/lines-and-columns cache-miss
1637 silly fetch manifest json-parse-even-better-errors@^2.3.0
1638 silly packumentCache full:https://registry.npmjs.org/json-parse-even-better-errors cache-miss
1639 http fetch GET 200 https://registry.npmjs.org/error-ex 52ms (cache miss)
1640 silly packumentCache full:https://registry.npmjs.org/error-ex set size:undefined disposed:false
1641 http fetch GET 200 https://registry.npmjs.org/json-parse-even-better-errors 54ms (cache miss)
1642 silly packumentCache full:https://registry.npmjs.org/json-parse-even-better-errors set size:undefined disposed:false
1643 http fetch GET 200 https://registry.npmjs.org/lines-and-columns 57ms (cache miss)
1644 silly packumentCache full:https://registry.npmjs.org/lines-and-columns set size:undefined disposed:false
1645 http fetch GET 200 https://registry.npmjs.org/parent-module 63ms (cache miss)
1646 silly packumentCache full:https://registry.npmjs.org/parent-module set size:undefined disposed:false
1647 http fetch GET 200 https://registry.npmjs.org/resolve-from 382ms (cache miss)
1648 silly packumentCache full:https://registry.npmjs.org/resolve-from set size:undefined disposed:false
1649 silly placeDep ROOT ms@2.1.3 OK for: debug@4.4.3 want: ^2.1.3
1650 silly placeDep ROOT embla-carousel@8.6.0 OK for: embla-carousel-react@8.6.0 want: 8.6.0
1651 silly placeDep ROOT embla-carousel-reactive-utils@8.6.0 OK for: embla-carousel-react@8.6.0 want: 8.6.0
1652 silly placeDep ROOT graceful-fs@4.2.11 OK for: enhanced-resolve@5.19.0 want: ^4.2.4
1653 silly placeDep ROOT tapable@2.3.0 OK for: enhanced-resolve@5.19.0 want: ^2.3.0
1654 silly placeDep node_modules/hoist-non-react-statics react-is@16.13.1 OK for: hoist-non-react-statics@3.3.2 want: ^16.7.0
1655 silly placeDep ROOT parent-module@1.0.1 OK for: import-fresh@3.3.1 want: ^1.0.0
1656 silly placeDep ROOT resolve-from@4.0.0 OK for: import-fresh@3.3.1 want: ^4.0.0
1657 silly fetch manifest callsites@^3.0.0
1658 silly packumentCache full:https://registry.npmjs.org/callsites cache-miss
1659 http fetch GET 200 https://registry.npmjs.org/callsites 523ms (cache miss)
1660 silly packumentCache full:https://registry.npmjs.org/callsites set size:undefined disposed:false
1661 silly placeDep ROOT lightningcss-darwin-arm64@1.30.1 OK for: lightningcss@1.30.1 want: 1.30.1
1662 silly placeDep ROOT lightningcss-darwin-x64@1.30.1 OK for: lightningcss@1.30.1 want: 1.30.1
1663 silly placeDep ROOT lightningcss-freebsd-x64@1.30.1 OK for: lightningcss@1.30.1 want: 1.30.1
1664 silly placeDep ROOT lightningcss-linux-arm-gnueabihf@1.30.1 OK for: lightningcss@1.30.1 want: 1.30.1
1665 silly placeDep ROOT lightningcss-linux-arm64-gnu@1.30.1 OK for: lightningcss@1.30.1 want: 1.30.1
1666 silly placeDep ROOT lightningcss-linux-arm64-musl@1.30.1 OK for: lightningcss@1.30.1 want: 1.30.1
1667 silly placeDep ROOT lightningcss-linux-x64-gnu@1.30.1 OK for: lightningcss@1.30.1 want: 1.30.1
1668 silly placeDep ROOT lightningcss-linux-x64-musl@1.30.1 OK for: lightningcss@1.30.1 want: 1.30.1
1669 silly placeDep ROOT lightningcss-win32-arm64-msvc@1.30.1 OK for: lightningcss@1.30.1 want: 1.30.1
1670 silly placeDep ROOT lightningcss-win32-x64-msvc@1.30.1 OK for: lightningcss@1.30.1 want: 1.30.1
1671 silly placeDep ROOT yallist@3.1.1 OK for: lru-cache@5.1.1 want: ^3.0.2
1672 silly fetch manifest react@^18.0.0 || ^19.0.0
1673 silly packumentCache full:https://registry.npmjs.org/react cache-miss
1674 http cache https://registry.npmjs.org/react 18ms (cache hit)
1675 silly packumentCache full:https://registry.npmjs.org/react set size:6504076 disposed:false
1676 silly fetch manifest react-dom@^18.0.0 || ^19.0.0
1677 silly packumentCache full:https://registry.npmjs.org/react-dom cache-miss
1678 http cache https://registry.npmjs.org/react-dom 23ms (cache hit)
1679 silly packumentCache full:https://registry.npmjs.org/react-dom set size:8617570 disposed:false
1680 silly placeDep ROOT framer-motion@12.34.3 OK for: motion@12.23.24 want: ^12.23.24
1681 silly fetch manifest motion-dom@^12.34.3
1682 silly packumentCache full:https://registry.npmjs.org/motion-dom cache-miss
1683 silly fetch manifest motion-utils@^12.29.2
1684 silly packumentCache full:https://registry.npmjs.org/motion-utils cache-miss
1685 http fetch GET 200 https://registry.npmjs.org/motion-utils 961ms (cache miss)
1686 silly packumentCache full:https://registry.npmjs.org/motion-utils set size:undefined disposed:false
1687 http fetch GET 200 https://registry.npmjs.org/motion-dom 1017ms (cache miss)
1688 silly packumentCache full:https://registry.npmjs.org/motion-dom set size:undefined disposed:false
1689 silly placeDep ROOT motion-dom@12.34.3 OK for: framer-motion@12.34.3 want: ^12.34.3
1690 silly placeDep ROOT motion-utils@12.29.2 OK for: framer-motion@12.34.3 want: ^12.29.2
1691 silly placeDep ROOT callsites@3.1.0 OK for: parent-module@1.0.1 want: ^3.0.0
1692 silly placeDep ROOT error-ex@1.3.4 OK for: parse-json@5.2.0 want: ^1.3.1
1693 silly placeDep ROOT json-parse-even-better-errors@2.3.1 OK for: parse-json@5.2.0 want: ^2.3.0
1694 silly placeDep ROOT lines-and-columns@1.2.4 OK for: parse-json@5.2.0 want: ^1.1.6
1695 silly fetch manifest is-arrayish@^0.2.1
1696 silly packumentCache full:https://registry.npmjs.org/is-arrayish cache-miss
1697 http fetch GET 200 https://registry.npmjs.org/is-arrayish 61ms (cache miss)
1698 silly packumentCache full:https://registry.npmjs.org/is-arrayish set size:undefined disposed:false
1699 silly placeDep ROOT is-arrayish@0.2.1 OK for: error-ex@1.3.4 want: ^0.2.1
1700 silly placeDep ROOT loose-envify@1.4.0 OK for: prop-types@15.8.1 want: ^1.4.0
1701 silly placeDep ROOT object-assign@4.1.1 OK for: prop-types@15.8.1 want: ^4.1.1
1702 silly placeDep node_modules/prop-types react-is@16.13.1 OK for: prop-types@15.8.1 want: ^16.13.1
1703 silly placeDep ROOT @react-dnd/invariant@4.0.2 OK for: react-dnd@16.0.1 want: ^4.0.1
1704 silly placeDep ROOT @react-dnd/shallowequal@4.0.2 OK for: react-dnd@16.0.1 want: ^4.0.1
1705 silly placeDep ROOT dnd-core@16.0.1 OK for: react-dnd@16.0.1 want: ^16.0.1
1706 silly placeDep ROOT fast-deep-equal@3.1.3 OK for: react-dnd@16.0.1 want: ^3.1.3
1707 silly fetch manifest @react-dnd/asap@^5.0.1
1708 silly packumentCache full:https://registry.npmjs.org/@react-dnd%2fasap cache-miss
1709 silly fetch manifest redux@^4.2.0
1710 silly packumentCache full:https://registry.npmjs.org/redux cache-miss
1711 http fetch GET 200 https://registry.npmjs.org/redux 51ms (cache miss)
1712 silly packumentCache full:https://registry.npmjs.org/redux set size:undefined disposed:false
1713 http fetch GET 200 https://registry.npmjs.org/@react-dnd%2fasap 1085ms (cache miss)
1714 silly packumentCache full:https://registry.npmjs.org/@react-dnd%2fasap set size:undefined disposed:false
1715 silly placeDep ROOT @react-dnd/asap@5.0.2 OK for: dnd-core@16.0.1 want: ^5.0.1
1716 silly placeDep ROOT redux@4.2.1 OK for: dnd-core@16.0.1 want: ^4.2.0
1717 silly placeDep ROOT scheduler@0.23.2 OK for: react-dom@18.3.1 want: ^0.23.2
1718 silly placeDep ROOT react-fast-compare@3.2.2 OK for: react-popper@2.3.0 want: ^3.0.1
1719 silly placeDep ROOT warning@4.0.3 OK for: react-popper@2.3.0 want: ^4.0.2
1720 silly fetch manifest react@^16.8.0 || ^17.0.0 || ^18.0.0 || ^19.0.0 || ^19.0.0-rc
1721 silly packumentCache full:https://registry.npmjs.org/react cache-miss
1722 http cache https://registry.npmjs.org/react 11ms (cache hit)
1723 silly packumentCache full:https://registry.npmjs.org/react set size:6504076 disposed:false
1724 silly placeDep ROOT react-remove-scroll-bar@2.3.8 OK for: react-remove-scroll@2.7.2 want: ^2.3.7
1725 silly placeDep ROOT react-style-singleton@2.2.3 OK for: react-remove-scroll@2.7.2 want: ^2.2.3
1726 silly placeDep ROOT use-callback-ref@1.3.3 OK for: react-remove-scroll@2.7.2 want: ^1.3.3
1727 silly placeDep ROOT use-sidecar@1.1.3 OK for: react-remove-scroll@2.7.2 want: ^1.1.3
1728 silly fetch manifest react-style-singleton@^2.2.2
1729 silly packumentCache full:https://registry.npmjs.org/react-style-singleton cache-miss
1730 silly fetch manifest get-nonce@^1.0.0
1731 silly packumentCache full:https://registry.npmjs.org/get-nonce cache-miss
1732 silly fetch manifest detect-node-es@^1.1.0
1733 silly packumentCache full:https://registry.npmjs.org/detect-node-es cache-miss
1734 http cache https://registry.npmjs.org/react-style-singleton 11ms (cache hit)
1735 silly packumentCache full:https://registry.npmjs.org/react-style-singleton set size:33682 disposed:false
1736 http fetch GET 200 https://registry.npmjs.org/detect-node-es 56ms (cache miss)
1737 silly packumentCache full:https://registry.npmjs.org/detect-node-es set size:undefined disposed:false
1738 http fetch GET 200 https://registry.npmjs.org/get-nonce 58ms (cache miss)
1739 silly packumentCache full:https://registry.npmjs.org/get-nonce set size:undefined disposed:false
1740 silly fetch manifest react@>=18
1741 silly packumentCache full:https://registry.npmjs.org/react cache-miss
1742 http cache https://registry.npmjs.org/react 9ms (cache hit)
1743 silly packumentCache full:https://registry.npmjs.org/react set size:6504076 disposed:false
1744 silly fetch manifest react-dom@>=18
1745 silly packumentCache full:https://registry.npmjs.org/react-dom cache-miss
1746 http cache https://registry.npmjs.org/react-dom 22ms (cache hit)
1747 silly packumentCache full:https://registry.npmjs.org/react-dom set size:8617570 disposed:false
1748 silly placeDep ROOT react-router@7.13.0 OK for: react-router-dom@7.13.0 want: 7.13.0
1749 silly fetch manifest cookie@^1.0.1
1750 silly packumentCache full:https://registry.npmjs.org/cookie cache-miss
1751 silly fetch manifest set-cookie-parser@^2.6.0
1752 silly packumentCache full:https://registry.npmjs.org/set-cookie-parser cache-miss
1753 http fetch GET 200 https://registry.npmjs.org/cookie 211ms (cache miss)
1754 silly packumentCache full:https://registry.npmjs.org/cookie set size:undefined disposed:false
1755 http fetch GET 200 https://registry.npmjs.org/set-cookie-parser 1146ms (cache miss)
1756 silly packumentCache full:https://registry.npmjs.org/set-cookie-parser set size:undefined disposed:false
1757 silly placeDep ROOT cookie@1.1.1 OK for: react-router@7.13.0 want: ^1.0.1
1758 silly placeDep ROOT set-cookie-parser@2.7.2 OK for: react-router@7.13.0 want: ^2.6.0
1759 silly placeDep ROOT classnames@2.5.1 OK for: react-slick@0.31.0 want: ^2.2.5
1760 silly placeDep ROOT json2mq@0.2.0 OK for: react-slick@0.31.0 want: ^0.2.0
1761 silly placeDep ROOT lodash.debounce@4.0.8 OK for: react-slick@0.31.0 want: ^4.0.8
1762 silly placeDep ROOT resize-observer-polyfill@1.5.1 OK for: react-slick@0.31.0 want: ^1.5.0
1763 silly fetch manifest string-convert@^0.2.0
1764 silly packumentCache full:https://registry.npmjs.org/string-convert cache-miss
1765 http fetch GET 200 https://registry.npmjs.org/string-convert 1141ms (cache miss)
1766 silly packumentCache full:https://registry.npmjs.org/string-convert set size:undefined disposed:false
1767 silly placeDep ROOT string-convert@0.2.1 OK for: json2mq@0.2.0 want: ^0.2.0
1768 silly placeDep ROOT get-nonce@1.0.1 OK for: react-style-singleton@2.2.3 want: ^1.0.0
1769 silly placeDep ROOT dom-helpers@5.2.1 OK for: react-transition-group@4.4.5 want: ^5.0.1
1770 silly fetch manifest react@^16.0.0 || ^17.0.0 || ^18.0.0 || ^19.0.0
1771 silly packumentCache full:https://registry.npmjs.org/react cache-miss
1772 http cache https://registry.npmjs.org/react 15ms (cache hit)
1773 silly packumentCache full:https://registry.npmjs.org/react set size:6504076 disposed:false
1774 silly fetch manifest react-dom@^16.0.0 || ^17.0.0 || ^18.0.0 || ^19.0.0
1775 silly packumentCache full:https://registry.npmjs.org/react-dom cache-miss
1776 http cache https://registry.npmjs.org/react-dom 19ms (cache hit)
1777 silly packumentCache full:https://registry.npmjs.org/react-dom set size:8617570 disposed:false
1778 silly placeDep ROOT eventemitter3@4.0.7 OK for: recharts@2.15.2 want: ^4.0.1
1779 silly placeDep ROOT lodash@4.17.23 OK for: recharts@2.15.2 want: ^4.17.21
1780 silly placeDep node_modules/recharts react-is@18.3.1 OK for: recharts@2.15.2 want: ^18.3.1
1781 silly placeDep ROOT react-smooth@4.0.4 OK for: recharts@2.15.2 want: ^4.0.4
1782 silly placeDep ROOT recharts-scale@0.4.5 OK for: recharts@2.15.2 want: ^0.4.4
1783 silly placeDep ROOT tiny-invariant@1.3.3 OK for: recharts@2.15.2 want: ^1.3.1
1784 silly placeDep ROOT victory-vendor@36.9.2 OK for: recharts@2.15.2 want: ^36.6.8
1785 silly fetch manifest fast-equals@^5.0.1
1786 silly packumentCache full:https://registry.npmjs.org/fast-equals cache-miss
1787 silly fetch manifest decimal.js-light@^2.4.1
1788 silly packumentCache full:https://registry.npmjs.org/decimal.js-light cache-miss
1789 silly fetch manifest d3-ease@^3.0.1
1790 silly packumentCache full:https://registry.npmjs.org/d3-ease cache-miss
1791 silly fetch manifest d3-time@^3.0.0
1792 silly packumentCache full:https://registry.npmjs.org/d3-time cache-miss
1793 silly fetch manifest d3-array@^3.1.6
1794 silly packumentCache full:https://registry.npmjs.org/d3-array cache-miss
1795 silly fetch manifest d3-scale@^4.0.2
1796 silly packumentCache full:https://registry.npmjs.org/d3-scale cache-miss
1797 silly fetch manifest d3-shape@^3.1.0
1798 silly packumentCache full:https://registry.npmjs.org/d3-shape cache-miss
1799 silly fetch manifest d3-timer@^3.0.1
1800 silly packumentCache full:https://registry.npmjs.org/d3-timer cache-miss
1801 silly fetch manifest @types/d3-ease@^3.0.0
1802 silly packumentCache full:https://registry.npmjs.org/@types%2fd3-ease cache-miss
1803 http fetch GET 200 https://registry.npmjs.org/d3-array 74ms (cache miss)
1804 silly packumentCache full:https://registry.npmjs.org/d3-array set size:undefined disposed:false
1805 silly fetch manifest @types/d3-time@^3.0.0
1806 silly packumentCache full:https://registry.npmjs.org/@types%2fd3-time cache-miss
1807 http fetch GET 200 https://registry.npmjs.org/d3-time 146ms (cache miss)
1808 silly packumentCache full:https://registry.npmjs.org/d3-time set size:undefined disposed:false
1809 silly fetch manifest d3-interpolate@^3.0.1
1810 silly packumentCache full:https://registry.npmjs.org/d3-interpolate cache-miss
1811 http fetch GET 200 https://registry.npmjs.org/d3-shape 147ms (cache miss)
1812 silly packumentCache full:https://registry.npmjs.org/d3-shape set size:undefined disposed:false
1813 silly fetch manifest @types/d3-array@^3.0.3
1814 silly packumentCache full:https://registry.npmjs.org/@types%2fd3-array cache-miss
1815 http fetch GET 200 https://registry.npmjs.org/d3-interpolate 103ms (cache miss)
1816 silly packumentCache full:https://registry.npmjs.org/d3-interpolate set size:undefined disposed:false
1817 silly fetch manifest @types/d3-scale@^4.0.2
1818 silly packumentCache full:https://registry.npmjs.org/@types%2fd3-scale cache-miss
1819 http fetch GET 200 https://registry.npmjs.org/@types%2fd3-scale 135ms (cache miss)
1820 silly packumentCache full:https://registry.npmjs.org/@types%2fd3-scale set size:undefined disposed:false
1821 silly fetch manifest @types/d3-shape@^3.1.0
1822 silly packumentCache full:https://registry.npmjs.org/@types%2fd3-shape cache-miss
1823 http fetch GET 200 https://registry.npmjs.org/d3-ease 462ms (cache miss)
1824 silly packumentCache full:https://registry.npmjs.org/d3-ease set size:undefined disposed:false
1825 silly fetch manifest @types/d3-timer@^3.0.0
1826 silly packumentCache full:https://registry.npmjs.org/@types%2fd3-timer cache-miss
1827 http fetch GET 200 https://registry.npmjs.org/d3-timer 473ms (cache miss)
1828 silly packumentCache full:https://registry.npmjs.org/d3-timer set size:undefined disposed:false
1829 silly fetch manifest @types/d3-interpolate@^3.0.1
1830 silly packumentCache full:https://registry.npmjs.org/@types%2fd3-interpolate cache-miss
1831 http fetch GET 200 https://registry.npmjs.org/@types%2fd3-shape 103ms (cache miss)
1832 silly packumentCache full:https://registry.npmjs.org/@types%2fd3-shape set size:undefined disposed:false
1833 http fetch GET 200 https://registry.npmjs.org/decimal.js-light 492ms (cache miss)
1834 silly packumentCache full:https://registry.npmjs.org/decimal.js-light set size:undefined disposed:false
1835 http fetch GET 200 https://registry.npmjs.org/fast-equals 512ms (cache miss)
1836 silly packumentCache full:https://registry.npmjs.org/fast-equals set size:undefined disposed:false
1837 http fetch GET 200 https://registry.npmjs.org/@types%2fd3-interpolate 71ms (cache miss)
1838 silly packumentCache full:https://registry.npmjs.org/@types%2fd3-interpolate set size:undefined disposed:false
1839 http fetch GET 200 https://registry.npmjs.org/@types%2fd3-time 478ms (cache miss)
1840 silly packumentCache full:https://registry.npmjs.org/@types%2fd3-time set size:undefined disposed:false
1841 http fetch GET 200 https://registry.npmjs.org/@types%2fd3-ease 761ms (cache miss)
1842 silly packumentCache full:https://registry.npmjs.org/@types%2fd3-ease set size:undefined disposed:false
1843 http fetch GET 200 https://registry.npmjs.org/d3-scale 952ms (cache miss)
1844 silly packumentCache full:https://registry.npmjs.org/d3-scale set size:undefined disposed:false
1845 http fetch GET 200 https://registry.npmjs.org/@types%2fd3-array 931ms (cache miss)
1846 silly packumentCache full:https://registry.npmjs.org/@types%2fd3-array set size:undefined disposed:false
1847 http fetch GET 200 https://registry.npmjs.org/@types%2fd3-timer 2038ms (cache miss)
1848 silly packumentCache full:https://registry.npmjs.org/@types%2fd3-timer set size:undefined disposed:false
1849 silly placeDep ROOT fast-equals@5.4.0 OK for: react-smooth@4.0.4 want: ^5.0.1
1850 silly placeDep ROOT decimal.js-light@2.5.1 OK for: recharts-scale@0.4.5 want: ^2.4.1
1851 silly placeDep ROOT is-core-module@2.16.1 OK for: resolve@1.22.11 want: ^2.16.1
1852 silly placeDep ROOT path-parse@1.0.7 OK for: resolve@1.22.11 want: ^1.0.7
1853 silly placeDep ROOT supports-preserve-symlinks-flag@1.0.0 OK for: resolve@1.22.11 want: ^1.0.0
1854 silly fetch manifest hasown@^2.0.2
1855 silly packumentCache full:https://registry.npmjs.org/hasown cache-miss
1856 http fetch GET 200 https://registry.npmjs.org/hasown 117ms (cache miss)
1857 silly packumentCache full:https://registry.npmjs.org/hasown set size:undefined disposed:false
1858 silly placeDep ROOT hasown@2.0.2 OK for: is-core-module@2.16.1 want: ^2.0.2
1859 silly fetch manifest function-bind@^1.1.2
1860 silly packumentCache full:https://registry.npmjs.org/function-bind cache-miss
1861 http fetch GET 200 https://registry.npmjs.org/function-bind 73ms (cache miss)
1862 silly packumentCache full:https://registry.npmjs.org/function-bind set size:undefined disposed:false
1863 silly placeDep ROOT function-bind@1.1.2 OK for: hasown@2.0.2 want: ^1.1.2
1864 silly placeDep ROOT @isaacs/fs-minipass@4.0.1 OK for: tar@7.5.9 want: ^4.0.0
1865 silly placeDep ROOT chownr@3.0.0 OK for: tar@7.5.9 want: ^3.0.0
1866 silly placeDep ROOT minipass@7.1.3 OK for: tar@7.5.9 want: ^7.1.2
1867 silly placeDep ROOT minizlib@3.1.0 OK for: tar@7.5.9 want: ^3.1.0
1868 silly placeDep node_modules/tar yallist@5.0.0 OK for: tar@7.5.9 want: ^5.0.0
1869 silly fetch manifest minipass@^7.0.4
1870 silly packumentCache full:https://registry.npmjs.org/minipass cache-miss
1871 http cache https://registry.npmjs.org/minipass 4ms (cache hit)
1872 silly packumentCache full:https://registry.npmjs.org/minipass set size:276925 disposed:false
1873 silly placeDep ROOT escalade@3.2.0 OK for: update-browserslist-db@1.2.3 want: ^3.2.0
1874 silly placeDep ROOT detect-node-es@1.1.0 OK for: use-sidecar@1.1.3 want: ^1.1.0
1875 silly placeDep ROOT @types/d3-array@3.2.2 OK for: victory-vendor@36.9.2 want: ^3.0.3
1876 silly placeDep ROOT @types/d3-ease@3.0.2 OK for: victory-vendor@36.9.2 want: ^3.0.0
1877 silly placeDep ROOT @types/d3-interpolate@3.0.4 OK for: victory-vendor@36.9.2 want: ^3.0.1
1878 silly placeDep ROOT @types/d3-scale@4.0.9 OK for: victory-vendor@36.9.2 want: ^4.0.2
1879 silly placeDep ROOT @types/d3-shape@3.1.8 OK for: victory-vendor@36.9.2 want: ^3.1.0
1880 silly placeDep ROOT @types/d3-time@3.0.4 OK for: victory-vendor@36.9.2 want: ^3.0.0
1881 silly placeDep ROOT @types/d3-timer@3.0.2 OK for: victory-vendor@36.9.2 want: ^3.0.0
1882 silly placeDep ROOT d3-array@3.2.4 OK for: victory-vendor@36.9.2 want: ^3.1.6
1883 silly placeDep ROOT d3-ease@3.0.1 OK for: victory-vendor@36.9.2 want: ^3.0.1
1884 silly placeDep ROOT d3-interpolate@3.0.1 OK for: victory-vendor@36.9.2 want: ^3.0.1
1885 silly placeDep ROOT d3-scale@4.0.2 OK for: victory-vendor@36.9.2 want: ^4.0.2
1886 silly placeDep ROOT d3-shape@3.2.0 OK for: victory-vendor@36.9.2 want: ^3.1.0
1887 silly placeDep ROOT d3-time@3.1.0 OK for: victory-vendor@36.9.2 want: ^3.0.0
1888 silly placeDep ROOT d3-timer@3.0.1 OK for: victory-vendor@36.9.2 want: ^3.0.1
1889 silly fetch manifest @types/d3-color@*
1890 silly packumentCache full:https://registry.npmjs.org/@types%2fd3-color cache-miss
1891 silly fetch manifest @types/d3-time@*
1892 silly packumentCache full:https://registry.npmjs.org/@types%2fd3-time cache-miss
1893 silly fetch manifest @types/d3-path@*
1894 silly packumentCache full:https://registry.npmjs.org/@types%2fd3-path cache-miss
1895 silly fetch manifest internmap@1 - 2
1896 silly packumentCache full:https://registry.npmjs.org/internmap cache-miss
1897 silly fetch manifest d3-color@1 - 3
1898 silly packumentCache full:https://registry.npmjs.org/d3-color cache-miss
1899 silly fetch manifest d3-format@1 - 3
1900 silly packumentCache full:https://registry.npmjs.org/d3-format cache-miss
1901 silly fetch manifest d3-time@2.1.1 - 3
1902 silly packumentCache full:https://registry.npmjs.org/d3-time cache-miss
1903 silly fetch manifest d3-time-format@2 - 4
1904 silly packumentCache full:https://registry.npmjs.org/d3-time-format cache-miss
1905 silly fetch manifest d3-path@^3.1.0
1906 silly packumentCache full:https://registry.npmjs.org/d3-path cache-miss
1907 http cache https://registry.npmjs.org/@types%2fd3-time 31ms (cache hit)
1908 silly packumentCache full:https://registry.npmjs.org/@types%2fd3-time set size:52652 disposed:false
1909 http cache https://registry.npmjs.org/d3-time 31ms (cache hit)
1910 silly packumentCache full:https://registry.npmjs.org/d3-time set size:150406 disposed:false
1911 http fetch GET 200 https://registry.npmjs.org/d3-path 198ms (cache miss)
1912 silly packumentCache full:https://registry.npmjs.org/d3-path set size:undefined disposed:false
1913 http fetch GET 200 https://registry.npmjs.org/internmap 200ms (cache miss)
1914 silly packumentCache full:https://registry.npmjs.org/internmap set size:undefined disposed:false
1915 http fetch GET 200 https://registry.npmjs.org/d3-color 200ms (cache miss)
1916 silly packumentCache full:https://registry.npmjs.org/d3-color set size:undefined disposed:false
1917 http fetch GET 200 https://registry.npmjs.org/@types%2fd3-color 517ms (cache miss)
1918 silly packumentCache full:https://registry.npmjs.org/@types%2fd3-color set size:undefined disposed:false
1919 http fetch GET 200 https://registry.npmjs.org/d3-format 572ms (cache miss)
1920 silly packumentCache full:https://registry.npmjs.org/d3-format set size:undefined disposed:false
1921 http fetch GET 200 https://registry.npmjs.org/d3-time-format 574ms (cache miss)
1922 silly packumentCache full:https://registry.npmjs.org/d3-time-format set size:undefined disposed:false
1923 http fetch GET 200 https://registry.npmjs.org/@types%2fd3-path 793ms (cache miss)
1924 silly packumentCache full:https://registry.npmjs.org/@types%2fd3-path set size:undefined disposed:false
1925 silly placeDep ROOT @types/d3-color@3.1.3 OK for: @types/d3-interpolate@3.0.4 want: *
1926 silly placeDep ROOT @types/d3-path@3.1.1 OK for: @types/d3-shape@3.1.8 want: *
1927 silly placeDep ROOT internmap@2.0.3 OK for: d3-array@3.2.4 want: 1 - 2
1928 silly placeDep ROOT d3-color@3.1.0 OK for: d3-interpolate@3.0.1 want: 1 - 3
1929 silly placeDep ROOT d3-format@3.1.2 OK for: d3-scale@4.0.2 want: 1 - 3
1930 silly placeDep ROOT d3-time-format@4.1.0 OK for: d3-scale@4.0.2 want: 2 - 4
1931 silly placeDep ROOT d3-path@3.1.0 OK for: d3-shape@3.2.0 want: ^3.1.0
1932 silly placeDep ROOT esbuild@0.25.12 OK for: vite@6.3.5 want: ^0.25.0
1933 silly placeDep ROOT fdir@6.5.0 OK for: vite@6.3.5 want: ^6.4.4
1934 silly placeDep ROOT fsevents@2.3.3 OK for: vite@6.3.5 want: ~2.3.3
1935 silly placeDep ROOT picomatch@4.0.3 OK for: vite@6.3.5 want: ^4.0.2
1936 silly placeDep ROOT postcss@8.5.6 OK for: vite@6.3.5 want: ^8.5.3
1937 silly placeDep ROOT rollup@4.58.0 OK for: vite@6.3.5 want: ^4.34.9
1938 silly placeDep ROOT tinyglobby@0.2.15 OK for: vite@6.3.5 want: ^0.2.13
1939 silly placeDep ROOT yaml@2.8.2 REPLACE for: vite@6.3.5 want: ^2.4.2
1940 silly fetch manifest @esbuild/aix-ppc64@0.25.12
1941 silly packumentCache full:https://registry.npmjs.org/@esbuild%2faix-ppc64 cache-miss
1942 silly fetch manifest @esbuild/linux-arm@0.25.12
1943 silly packumentCache full:https://registry.npmjs.org/@esbuild%2flinux-arm cache-miss
1944 silly fetch manifest @esbuild/linux-x64@0.25.12
1945 silly packumentCache full:https://registry.npmjs.org/@esbuild%2flinux-x64 cache-miss
1946 silly fetch manifest @esbuild/sunos-x64@0.25.12
1947 silly packumentCache full:https://registry.npmjs.org/@esbuild%2fsunos-x64 cache-miss
1948 silly fetch manifest @esbuild/win32-x64@0.25.12
1949 silly packumentCache full:https://registry.npmjs.org/@esbuild%2fwin32-x64 cache-miss
1950 silly fetch manifest @esbuild/darwin-x64@0.25.12
1951 silly packumentCache full:https://registry.npmjs.org/@esbuild%2fdarwin-x64 cache-miss
1952 silly fetch manifest @esbuild/linux-ia32@0.25.12
1953 silly packumentCache full:https://registry.npmjs.org/@esbuild%2flinux-ia32 cache-miss
1954 silly fetch manifest @esbuild/netbsd-x64@0.25.12
1955 silly packumentCache full:https://registry.npmjs.org/@esbuild%2fnetbsd-x64 cache-miss
1956 silly fetch manifest @esbuild/win32-ia32@0.25.12
1957 silly packumentCache full:https://registry.npmjs.org/@esbuild%2fwin32-ia32 cache-miss
1958 http fetch GET 200 https://registry.npmjs.org/@esbuild%2fwin32-ia32 564ms (cache miss)
1959 silly packumentCache full:https://registry.npmjs.org/@esbuild%2fwin32-ia32 set size:undefined disposed:false
1960 silly fetch manifest @esbuild/android-arm@0.25.12
1961 silly packumentCache full:https://registry.npmjs.org/@esbuild%2fandroid-arm cache-miss
1962 http fetch GET 200 https://registry.npmjs.org/@esbuild%2fwin32-x64 863ms (cache miss)
1963 silly packumentCache full:https://registry.npmjs.org/@esbuild%2fwin32-x64 set size:undefined disposed:false
1964 silly fetch manifest @esbuild/android-x64@0.25.12
1965 silly packumentCache full:https://registry.npmjs.org/@esbuild%2fandroid-x64 cache-miss
1966 http fetch GET 200 https://registry.npmjs.org/@esbuild%2fsunos-x64 869ms (cache miss)
1967 silly packumentCache full:https://registry.npmjs.org/@esbuild%2fsunos-x64 set size:undefined disposed:false
1968 silly fetch manifest @esbuild/freebsd-x64@0.25.12
1969 silly packumentCache full:https://registry.npmjs.org/@esbuild%2ffreebsd-x64 cache-miss
1970 http fetch GET 200 https://registry.npmjs.org/@esbuild%2flinux-arm 898ms (cache miss)
1971 silly packumentCache full:https://registry.npmjs.org/@esbuild%2flinux-arm set size:undefined disposed:false
1972 silly fetch manifest @esbuild/linux-arm64@0.25.12
1973 silly packumentCache full:https://registry.npmjs.org/@esbuild%2flinux-arm64 cache-miss
1974 http fetch GET 200 https://registry.npmjs.org/@esbuild%2flinux-x64 950ms (cache miss)
1975 silly packumentCache full:https://registry.npmjs.org/@esbuild%2flinux-x64 set size:undefined disposed:false
1976 silly fetch manifest @esbuild/linux-ppc64@0.25.12
1977 silly packumentCache full:https://registry.npmjs.org/@esbuild%2flinux-ppc64 cache-miss
1978 http fetch GET 200 https://registry.npmjs.org/@esbuild%2ffreebsd-x64 516ms (cache miss)
1979 silly packumentCache full:https://registry.npmjs.org/@esbuild%2ffreebsd-x64 set size:undefined disposed:false
1980 silly fetch manifest @esbuild/linux-s390x@0.25.12
1981 silly packumentCache full:https://registry.npmjs.org/@esbuild%2flinux-s390x cache-miss
1982 http fetch GET 200 https://registry.npmjs.org/@esbuild%2fnetbsd-x64 1717ms (cache miss)
1983 silly packumentCache full:https://registry.npmjs.org/@esbuild%2fnetbsd-x64 set size:undefined disposed:false
1984 silly fetch manifest @esbuild/openbsd-x64@0.25.12
1985 silly packumentCache full:https://registry.npmjs.org/@esbuild%2fopenbsd-x64 cache-miss
1986 http fetch GET 200 https://registry.npmjs.org/@esbuild%2fandroid-arm 1225ms (cache miss)
1987 silly packumentCache full:https://registry.npmjs.org/@esbuild%2fandroid-arm set size:undefined disposed:false
1988 silly fetch manifest @esbuild/win32-arm64@0.25.12
1989 silly packumentCache full:https://registry.npmjs.org/@esbuild%2fwin32-arm64 cache-miss
1990 http fetch GET 200 https://registry.npmjs.org/@esbuild%2flinux-ppc64 1004ms (cache miss)
1991 silly packumentCache full:https://registry.npmjs.org/@esbuild%2flinux-ppc64 set size:undefined disposed:false
1992 silly fetch manifest @esbuild/darwin-arm64@0.25.12
1993 silly packumentCache full:https://registry.npmjs.org/@esbuild%2fdarwin-arm64 cache-miss
1994 http fetch GET 200 https://registry.npmjs.org/@esbuild%2fdarwin-x64 1959ms (cache miss)
1995 silly packumentCache full:https://registry.npmjs.org/@esbuild%2fdarwin-x64 set size:undefined disposed:false
1996 silly fetch manifest @esbuild/netbsd-arm64@0.25.12
1997 silly packumentCache full:https://registry.npmjs.org/@esbuild%2fnetbsd-arm64 cache-miss
1998 http fetch GET 200 https://registry.npmjs.org/@esbuild%2flinux-ia32 1988ms (cache miss)
1999 silly packumentCache full:https://registry.npmjs.org/@esbuild%2flinux-ia32 set size:undefined disposed:false
2000 silly fetch manifest @esbuild/android-arm64@0.25.12
2001 silly packumentCache full:https://registry.npmjs.org/@esbuild%2fandroid-arm64 cache-miss
2002 http fetch GET 200 https://registry.npmjs.org/@esbuild%2fandroid-x64 1232ms (cache miss)
2003 silly packumentCache full:https://registry.npmjs.org/@esbuild%2fandroid-x64 set size:undefined disposed:false
2004 silly fetch manifest @esbuild/freebsd-arm64@0.25.12
2005 silly packumentCache full:https://registry.npmjs.org/@esbuild%2ffreebsd-arm64 cache-miss
2006 http fetch GET 200 https://registry.npmjs.org/@esbuild%2faix-ppc64 2563ms (cache miss)
2007 silly packumentCache full:https://registry.npmjs.org/@esbuild%2faix-ppc64 set size:undefined disposed:false
2008 silly fetch manifest @esbuild/linux-loong64@0.25.12
2009 silly packumentCache full:https://registry.npmjs.org/@esbuild%2flinux-loong64 cache-miss
2010 http fetch GET 200 https://registry.npmjs.org/@esbuild%2fwin32-arm64 827ms (cache miss)
2011 silly packumentCache full:https://registry.npmjs.org/@esbuild%2fwin32-arm64 set size:undefined disposed:false
2012 silly fetch manifest @esbuild/linux-riscv64@0.25.12
2013 silly packumentCache full:https://registry.npmjs.org/@esbuild%2flinux-riscv64 cache-miss
2014 http fetch GET 200 https://registry.npmjs.org/@esbuild%2flinux-arm64 1849ms (cache miss)
2015 silly packumentCache full:https://registry.npmjs.org/@esbuild%2flinux-arm64 set size:undefined disposed:false
2016 silly fetch manifest @esbuild/openbsd-arm64@0.25.12
2017 silly packumentCache full:https://registry.npmjs.org/@esbuild%2fopenbsd-arm64 cache-miss
2018 http fetch GET 200 https://registry.npmjs.org/@esbuild%2fnetbsd-arm64 790ms (cache miss)
2019 silly packumentCache full:https://registry.npmjs.org/@esbuild%2fnetbsd-arm64 set size:undefined disposed:false
2020 silly fetch manifest @esbuild/linux-mips64el@0.25.12
2021 silly packumentCache full:https://registry.npmjs.org/@esbuild%2flinux-mips64el cache-miss
2022 http fetch GET 200 https://registry.npmjs.org/@esbuild%2fandroid-arm64 845ms (cache miss)
2023 silly packumentCache full:https://registry.npmjs.org/@esbuild%2fandroid-arm64 set size:undefined disposed:false
2024 silly fetch manifest @esbuild/openharmony-arm64@0.25.12
2025 silly packumentCache full:https://registry.npmjs.org/@esbuild%2fopenharmony-arm64 cache-miss
2026 http fetch GET 200 https://registry.npmjs.org/@esbuild%2fdarwin-arm64 883ms (cache miss)
2027 silly packumentCache full:https://registry.npmjs.org/@esbuild%2fdarwin-arm64 set size:undefined disposed:false
2028 silly fetch manifest nanoid@^3.3.11
2029 silly packumentCache full:https://registry.npmjs.org/nanoid cache-miss
2030 http fetch GET 200 https://registry.npmjs.org/@esbuild%2fopenbsd-x64 1150ms (cache miss)
2031 silly packumentCache full:https://registry.npmjs.org/@esbuild%2fopenbsd-x64 set size:undefined disposed:false
2032 silly fetch manifest @types/estree@1.0.8
2033 silly packumentCache full:https://registry.npmjs.org/@types%2festree cache-miss
2034 http fetch GET 200 https://registry.npmjs.org/@esbuild%2flinux-s390x 1506ms (cache miss)
2035 silly packumentCache full:https://registry.npmjs.org/@esbuild%2flinux-s390x set size:undefined disposed:false
2036 silly fetch manifest @rollup/rollup-darwin-arm64@4.58.0
2037 silly packumentCache full:https://registry.npmjs.org/@rollup%2frollup-darwin-arm64 cache-miss
2038 http fetch GET 200 https://registry.npmjs.org/nanoid 79ms (cache miss)
2039 silly packumentCache full:https://registry.npmjs.org/nanoid set size:undefined disposed:false
2040 silly fetch manifest @rollup/rollup-android-arm64@4.58.0
2041 silly packumentCache full:https://registry.npmjs.org/@rollup%2frollup-android-arm64 cache-miss
2042 http fetch GET 200 https://registry.npmjs.org/@types%2festree 88ms (cache miss)
2043 silly packumentCache full:https://registry.npmjs.org/@types%2festree set size:undefined disposed:false
2044 silly fetch manifest @rollup/rollup-win32-arm64-msvc@4.58.0
2045 silly packumentCache full:https://registry.npmjs.org/@rollup%2frollup-win32-arm64-msvc cache-miss
2046 http fetch GET 200 https://registry.npmjs.org/@esbuild%2flinux-loong64 605ms (cache miss)
2047 silly packumentCache full:https://registry.npmjs.org/@esbuild%2flinux-loong64 set size:undefined disposed:false
2048 silly fetch manifest @rollup/rollup-freebsd-arm64@4.58.0
2049 silly packumentCache full:https://registry.npmjs.org/@rollup%2frollup-freebsd-arm64 cache-miss
2050 http fetch GET 200 https://registry.npmjs.org/@esbuild%2fopenbsd-arm64 446ms (cache miss)
2051 silly packumentCache full:https://registry.npmjs.org/@esbuild%2fopenbsd-arm64 set size:undefined disposed:false
2052 silly fetch manifest @rollup/rollup-linux-arm64-gnu@4.58.0
2053 silly packumentCache full:https://registry.npmjs.org/@rollup%2frollup-linux-arm64-gnu cache-miss
2054 http fetch GET 200 https://registry.npmjs.org/@rollup%2frollup-darwin-arm64 559ms (cache miss)
2055 silly packumentCache full:https://registry.npmjs.org/@rollup%2frollup-darwin-arm64 set size:undefined disposed:false
2056 silly fetch manifest @rollup/rollup-linux-arm64-musl@4.58.0
2057 silly packumentCache full:https://registry.npmjs.org/@rollup%2frollup-linux-arm64-musl cache-miss
2058 http fetch GET 200 https://registry.npmjs.org/@esbuild%2ffreebsd-arm64 1404ms (cache miss)
2059 silly packumentCache full:https://registry.npmjs.org/@esbuild%2ffreebsd-arm64 set size:undefined disposed:false
2060 silly fetch manifest @rollup/rollup-android-arm-eabi@4.58.0
2061 silly packumentCache full:https://registry.npmjs.org/@rollup%2frollup-android-arm-eabi cache-miss
2062 http fetch GET 200 https://registry.npmjs.org/@esbuild%2fopenharmony-arm64 765ms (cache miss)
2063 silly packumentCache full:https://registry.npmjs.org/@esbuild%2fopenharmony-arm64 set size:undefined disposed:false
2064 silly fetch manifest @rollup/rollup-linux-arm-gnueabihf@4.58.0
2065 silly packumentCache full:https://registry.npmjs.org/@rollup%2frollup-linux-arm-gnueabihf cache-miss
2066 http fetch GET 200 https://registry.npmjs.org/@rollup%2frollup-android-arm64 872ms (cache miss)
2067 silly packumentCache full:https://registry.npmjs.org/@rollup%2frollup-android-arm64 set size:undefined disposed:false
2068 silly fetch manifest @rollup/rollup-linux-arm-musleabihf@4.58.0
2069 silly packumentCache full:https://registry.npmjs.org/@rollup%2frollup-linux-arm-musleabihf cache-miss
2070 http fetch GET 200 https://registry.npmjs.org/@rollup%2frollup-linux-arm64-gnu 681ms (cache miss)
2071 silly packumentCache full:https://registry.npmjs.org/@rollup%2frollup-linux-arm64-gnu set size:undefined disposed:false
2072 silly fetch manifest @rollup/rollup-win32-ia32-msvc@4.58.0
2073 silly packumentCache full:https://registry.npmjs.org/@rollup%2frollup-win32-ia32-msvc cache-miss
2074 http fetch GET 200 https://registry.npmjs.org/@rollup%2frollup-linux-arm64-musl 485ms (cache miss)
2075 silly packumentCache full:https://registry.npmjs.org/@rollup%2frollup-linux-arm64-musl set size:undefined disposed:false
2076 silly fetch manifest @rollup/rollup-linux-loong64-gnu@4.58.0
2077 silly packumentCache full:https://registry.npmjs.org/@rollup%2frollup-linux-loong64-gnu cache-miss
2078 http fetch GET 200 https://registry.npmjs.org/@rollup%2frollup-win32-arm64-msvc 1215ms (cache miss)
2079 silly packumentCache full:https://registry.npmjs.org/@rollup%2frollup-win32-arm64-msvc set size:undefined disposed:false
2080 silly fetch manifest @rollup/rollup-linux-loong64-musl@4.58.0
2081 silly packumentCache full:https://registry.npmjs.org/@rollup%2frollup-linux-loong64-musl cache-miss
2082 http fetch GET 200 https://registry.npmjs.org/@rollup%2frollup-android-arm-eabi 772ms (cache miss)
2083 silly packumentCache full:https://registry.npmjs.org/@rollup%2frollup-android-arm-eabi set size:undefined disposed:false
2084 silly fetch manifest @rollup/rollup-linux-riscv64-gnu@4.58.0
2085 silly packumentCache full:https://registry.npmjs.org/@rollup%2frollup-linux-riscv64-gnu cache-miss
2086 http fetch GET 200 https://registry.npmjs.org/@esbuild%2flinux-riscv64 1750ms (cache miss)
2087 silly packumentCache full:https://registry.npmjs.org/@esbuild%2flinux-riscv64 set size:undefined disposed:false
2088 silly fetch manifest @rollup/rollup-linux-riscv64-musl@4.58.0
2089 silly packumentCache full:https://registry.npmjs.org/@rollup%2frollup-linux-riscv64-musl cache-miss
2090 http fetch GET 200 https://registry.npmjs.org/@rollup%2frollup-linux-arm-gnueabihf 913ms (cache miss)
2091 silly packumentCache full:https://registry.npmjs.org/@rollup%2frollup-linux-arm-gnueabihf set size:undefined disposed:false
2092 silly fetch manifest @rollup/rollup-linux-ppc64-gnu@4.58.0
2093 silly packumentCache full:https://registry.npmjs.org/@rollup%2frollup-linux-ppc64-gnu cache-miss
2094 http fetch GET 200 https://registry.npmjs.org/@rollup%2frollup-linux-arm-musleabihf 853ms (cache miss)
2095 silly packumentCache full:https://registry.npmjs.org/@rollup%2frollup-linux-arm-musleabihf set size:undefined disposed:false
2096 silly fetch manifest @rollup/rollup-linux-ppc64-musl@4.58.0
2097 silly packumentCache full:https://registry.npmjs.org/@rollup%2frollup-linux-ppc64-musl cache-miss
2098 http fetch GET 200 https://registry.npmjs.org/@rollup%2frollup-freebsd-arm64 1488ms (cache miss)
2099 silly packumentCache full:https://registry.npmjs.org/@rollup%2frollup-freebsd-arm64 set size:undefined disposed:false
2100 silly fetch manifest @rollup/rollup-linux-s390x-gnu@4.58.0
2101 silly packumentCache full:https://registry.npmjs.org/@rollup%2frollup-linux-s390x-gnu cache-miss
2102 http fetch GET 200 https://registry.npmjs.org/@rollup%2frollup-win32-ia32-msvc 989ms (cache miss)
2103 silly packumentCache full:https://registry.npmjs.org/@rollup%2frollup-win32-ia32-msvc set size:undefined disposed:false
2104 silly fetch manifest @rollup/rollup-darwin-x64@4.58.0
2105 silly packumentCache full:https://registry.npmjs.org/@rollup%2frollup-darwin-x64 cache-miss
2106 http fetch GET 200 https://registry.npmjs.org/@rollup%2frollup-linux-riscv64-gnu 596ms (cache miss)
2107 silly packumentCache full:https://registry.npmjs.org/@rollup%2frollup-linux-riscv64-gnu set size:undefined disposed:false
2108 silly fetch manifest @rollup/rollup-win32-x64-gnu@4.58.0
2109 silly packumentCache full:https://registry.npmjs.org/@rollup%2frollup-win32-x64-gnu cache-miss
2110 http fetch GET 200 https://registry.npmjs.org/@rollup%2frollup-linux-loong64-musl 743ms (cache miss)
2111 silly packumentCache full:https://registry.npmjs.org/@rollup%2frollup-linux-loong64-musl set size:undefined disposed:false
2112 silly fetch manifest @rollup/rollup-win32-x64-msvc@4.58.0
2113 silly packumentCache full:https://registry.npmjs.org/@rollup%2frollup-win32-x64-msvc cache-miss
2114 http fetch GET 200 https://registry.npmjs.org/@rollup%2frollup-linux-ppc64-gnu 486ms (cache miss)
2115 silly packumentCache full:https://registry.npmjs.org/@rollup%2frollup-linux-ppc64-gnu set size:undefined disposed:false
2116 silly fetch manifest @rollup/rollup-freebsd-x64@4.58.0
2117 silly packumentCache full:https://registry.npmjs.org/@rollup%2frollup-freebsd-x64 cache-miss
2118 http fetch GET 200 https://registry.npmjs.org/@rollup%2frollup-linux-loong64-gnu 1082ms (cache miss)
2119 silly packumentCache full:https://registry.npmjs.org/@rollup%2frollup-linux-loong64-gnu set size:undefined disposed:false
2120 silly fetch manifest @rollup/rollup-linux-x64-gnu@4.58.0
2121 silly packumentCache full:https://registry.npmjs.org/@rollup%2frollup-linux-x64-gnu cache-miss
2122 http fetch GET 200 https://registry.npmjs.org/@rollup%2frollup-linux-ppc64-musl 435ms (cache miss)
2123 silly packumentCache full:https://registry.npmjs.org/@rollup%2frollup-linux-ppc64-musl set size:undefined disposed:false
2124 silly fetch manifest @rollup/rollup-linux-x64-musl@4.58.0
2125 silly packumentCache full:https://registry.npmjs.org/@rollup%2frollup-linux-x64-musl cache-miss
2126 http fetch GET 200 https://registry.npmjs.org/@esbuild%2flinux-mips64el 2612ms (cache miss)
2127 silly packumentCache full:https://registry.npmjs.org/@esbuild%2flinux-mips64el set size:undefined disposed:false
2128 silly fetch manifest @rollup/rollup-openbsd-x64@4.58.0
2129 silly packumentCache full:https://registry.npmjs.org/@rollup%2frollup-openbsd-x64 cache-miss
2130 http fetch GET 200 https://registry.npmjs.org/@rollup%2frollup-linux-riscv64-musl 1084ms (cache miss)
2131 silly packumentCache full:https://registry.npmjs.org/@rollup%2frollup-linux-riscv64-musl set size:undefined disposed:false
2132 silly fetch manifest @rollup/rollup-openharmony-arm64@4.58.0
2133 silly packumentCache full:https://registry.npmjs.org/@rollup%2frollup-openharmony-arm64 cache-miss
2134 http fetch GET 200 https://registry.npmjs.org/@rollup%2frollup-linux-s390x-gnu 899ms (cache miss)
2135 silly packumentCache full:https://registry.npmjs.org/@rollup%2frollup-linux-s390x-gnu set size:undefined disposed:false
2136 http fetch GET 200 https://registry.npmjs.org/@rollup%2frollup-win32-x64-gnu 790ms (cache miss)
2137 silly packumentCache full:https://registry.npmjs.org/@rollup%2frollup-win32-x64-gnu set size:undefined disposed:false
2138 http fetch GET 200 https://registry.npmjs.org/@rollup%2frollup-openbsd-x64 411ms (cache miss)
2139 silly packumentCache full:https://registry.npmjs.org/@rollup%2frollup-openbsd-x64 set size:undefined disposed:false
2140 http fetch GET 200 https://registry.npmjs.org/@rollup%2frollup-freebsd-x64 852ms (cache miss)
2141 silly packumentCache full:https://registry.npmjs.org/@rollup%2frollup-freebsd-x64 set size:undefined disposed:false
2142 http fetch GET 200 https://registry.npmjs.org/@rollup%2frollup-openharmony-arm64 455ms (cache miss)
2143 silly packumentCache full:https://registry.npmjs.org/@rollup%2frollup-openharmony-arm64 set size:undefined disposed:false
2144 http fetch GET 200 https://registry.npmjs.org/@rollup%2frollup-linux-x64-musl 824ms (cache miss)
2145 silly packumentCache full:https://registry.npmjs.org/@rollup%2frollup-linux-x64-musl set size:undefined disposed:false
2146 http fetch GET 200 https://registry.npmjs.org/@rollup%2frollup-linux-x64-gnu 930ms (cache miss)
2147 silly packumentCache full:https://registry.npmjs.org/@rollup%2frollup-linux-x64-gnu set size:undefined disposed:false
2148 http fetch GET 200 https://registry.npmjs.org/@rollup%2frollup-win32-x64-msvc 1178ms (cache miss)
2149 silly packumentCache full:https://registry.npmjs.org/@rollup%2frollup-win32-x64-msvc set size:undefined disposed:false
2150 http fetch GET 200 https://registry.npmjs.org/@rollup%2frollup-darwin-x64 1307ms (cache miss)
2151 silly packumentCache full:https://registry.npmjs.org/@rollup%2frollup-darwin-x64 set size:undefined disposed:false
2152 silly placeDep node_modules/cosmiconfig yaml@1.10.2 OK for: cosmiconfig@7.1.0 want: ^1.10.0
2153 silly placeDep ROOT @esbuild/aix-ppc64@0.25.12 OK for: esbuild@0.25.12 want: 0.25.12
2154 silly placeDep ROOT @esbuild/android-arm@0.25.12 OK for: esbuild@0.25.12 want: 0.25.12
2155 silly placeDep ROOT @esbuild/android-arm64@0.25.12 OK for: esbuild@0.25.12 want: 0.25.12
2156 silly placeDep ROOT @esbuild/android-x64@0.25.12 OK for: esbuild@0.25.12 want: 0.25.12
2157 silly placeDep ROOT @esbuild/darwin-arm64@0.25.12 OK for: esbuild@0.25.12 want: 0.25.12
2158 silly placeDep ROOT @esbuild/darwin-x64@0.25.12 OK for: esbuild@0.25.12 want: 0.25.12
2159 silly placeDep ROOT @esbuild/freebsd-arm64@0.25.12 OK for: esbuild@0.25.12 want: 0.25.12
2160 silly placeDep ROOT @esbuild/freebsd-x64@0.25.12 OK for: esbuild@0.25.12 want: 0.25.12
2161 silly placeDep ROOT @esbuild/linux-arm@0.25.12 OK for: esbuild@0.25.12 want: 0.25.12
2162 silly placeDep ROOT @esbuild/linux-arm64@0.25.12 OK for: esbuild@0.25.12 want: 0.25.12
2163 silly placeDep ROOT @esbuild/linux-ia32@0.25.12 OK for: esbuild@0.25.12 want: 0.25.12
2164 silly placeDep ROOT @esbuild/linux-loong64@0.25.12 OK for: esbuild@0.25.12 want: 0.25.12
2165 silly placeDep ROOT @esbuild/linux-mips64el@0.25.12 OK for: esbuild@0.25.12 want: 0.25.12
2166 silly placeDep ROOT @esbuild/linux-ppc64@0.25.12 OK for: esbuild@0.25.12 want: 0.25.12
2167 silly placeDep ROOT @esbuild/linux-riscv64@0.25.12 OK for: esbuild@0.25.12 want: 0.25.12
2168 silly placeDep ROOT @esbuild/linux-s390x@0.25.12 OK for: esbuild@0.25.12 want: 0.25.12
2169 silly placeDep ROOT @esbuild/linux-x64@0.25.12 OK for: esbuild@0.25.12 want: 0.25.12
2170 silly placeDep ROOT @esbuild/netbsd-arm64@0.25.12 OK for: esbuild@0.25.12 want: 0.25.12
2171 silly placeDep ROOT @esbuild/netbsd-x64@0.25.12 OK for: esbuild@0.25.12 want: 0.25.12
2172 silly placeDep ROOT @esbuild/openbsd-arm64@0.25.12 OK for: esbuild@0.25.12 want: 0.25.12
2173 silly placeDep ROOT @esbuild/openbsd-x64@0.25.12 OK for: esbuild@0.25.12 want: 0.25.12
2174 silly placeDep ROOT @esbuild/openharmony-arm64@0.25.12 OK for: esbuild@0.25.12 want: 0.25.12
2175 silly placeDep ROOT @esbuild/sunos-x64@0.25.12 OK for: esbuild@0.25.12 want: 0.25.12
2176 silly placeDep ROOT @esbuild/win32-arm64@0.25.12 OK for: esbuild@0.25.12 want: 0.25.12
2177 silly placeDep ROOT @esbuild/win32-ia32@0.25.12 OK for: esbuild@0.25.12 want: 0.25.12
2178 silly placeDep ROOT @esbuild/win32-x64@0.25.12 OK for: esbuild@0.25.12 want: 0.25.12
2179 silly placeDep ROOT nanoid@3.3.11 OK for: postcss@8.5.6 want: ^3.3.11
2180 silly placeDep ROOT @rollup/rollup-android-arm-eabi@4.58.0 OK for: rollup@4.58.0 want: 4.58.0
2181 silly placeDep ROOT @rollup/rollup-android-arm64@4.58.0 OK for: rollup@4.58.0 want: 4.58.0
2182 silly placeDep ROOT @rollup/rollup-darwin-arm64@4.58.0 OK for: rollup@4.58.0 want: 4.58.0
2183 silly placeDep ROOT @rollup/rollup-darwin-x64@4.58.0 OK for: rollup@4.58.0 want: 4.58.0
2184 silly placeDep ROOT @rollup/rollup-freebsd-arm64@4.58.0 OK for: rollup@4.58.0 want: 4.58.0
2185 silly placeDep ROOT @rollup/rollup-freebsd-x64@4.58.0 OK for: rollup@4.58.0 want: 4.58.0
2186 silly placeDep ROOT @rollup/rollup-linux-arm-gnueabihf@4.58.0 OK for: rollup@4.58.0 want: 4.58.0
2187 silly placeDep ROOT @rollup/rollup-linux-arm-musleabihf@4.58.0 OK for: rollup@4.58.0 want: 4.58.0
2188 silly placeDep ROOT @rollup/rollup-linux-arm64-gnu@4.58.0 OK for: rollup@4.58.0 want: 4.58.0
2189 silly placeDep ROOT @rollup/rollup-linux-arm64-musl@4.58.0 OK for: rollup@4.58.0 want: 4.58.0
2190 silly placeDep ROOT @rollup/rollup-linux-loong64-gnu@4.58.0 OK for: rollup@4.58.0 want: 4.58.0
2191 silly placeDep ROOT @rollup/rollup-linux-loong64-musl@4.58.0 OK for: rollup@4.58.0 want: 4.58.0
2192 silly placeDep ROOT @rollup/rollup-linux-ppc64-gnu@4.58.0 OK for: rollup@4.58.0 want: 4.58.0
2193 silly placeDep ROOT @rollup/rollup-linux-ppc64-musl@4.58.0 OK for: rollup@4.58.0 want: 4.58.0
2194 silly placeDep ROOT @rollup/rollup-linux-riscv64-gnu@4.58.0 OK for: rollup@4.58.0 want: 4.58.0
2195 silly placeDep ROOT @rollup/rollup-linux-riscv64-musl@4.58.0 OK for: rollup@4.58.0 want: 4.58.0
2196 silly placeDep ROOT @rollup/rollup-linux-s390x-gnu@4.58.0 OK for: rollup@4.58.0 want: 4.58.0
2197 silly placeDep ROOT @rollup/rollup-linux-x64-gnu@4.58.0 OK for: rollup@4.58.0 want: 4.58.0
2198 silly placeDep ROOT @rollup/rollup-linux-x64-musl@4.58.0 OK for: rollup@4.58.0 want: 4.58.0
2199 silly placeDep ROOT @rollup/rollup-openbsd-x64@4.58.0 OK for: rollup@4.58.0 want: 4.58.0
2200 silly placeDep ROOT @rollup/rollup-openharmony-arm64@4.58.0 OK for: rollup@4.58.0 want: 4.58.0
2201 silly placeDep ROOT @rollup/rollup-win32-arm64-msvc@4.58.0 OK for: rollup@4.58.0 want: 4.58.0
2202 silly placeDep ROOT @rollup/rollup-win32-ia32-msvc@4.58.0 OK for: rollup@4.58.0 want: 4.58.0
2203 silly placeDep ROOT @rollup/rollup-win32-x64-gnu@4.58.0 OK for: rollup@4.58.0 want: 4.58.0
2204 silly placeDep ROOT @rollup/rollup-win32-x64-msvc@4.58.0 OK for: rollup@4.58.0 want: 4.58.0
2205 silly placeDep ROOT @types/estree@1.0.8 OK for: rollup@4.58.0 want: 1.0.8
2206 silly reify moves {}
2207 http cache @types/estree@https://registry.npmjs.org/@types/estree/-/estree-1.0.8.tgz 0ms (cache hit)
2208 http cache nanoid@https://registry.npmjs.org/nanoid/-/nanoid-3.3.11.tgz 0ms (cache hit)
2209 http cache @rollup/rollup-darwin-arm64@https://registry.npmjs.org/@rollup/rollup-darwin-arm64/-/rollup-darwin-arm64-4.58.0.tgz 0ms (cache hit)
2210 http cache yaml@https://registry.npmjs.org/yaml/-/yaml-2.8.2.tgz 0ms (cache hit)
2211 http cache rollup@https://registry.npmjs.org/rollup/-/rollup-4.58.0.tgz 0ms (cache hit)
2212 http cache tinyglobby@https://registry.npmjs.org/tinyglobby/-/tinyglobby-0.2.15.tgz 0ms (cache hit)
2213 http cache postcss@https://registry.npmjs.org/postcss/-/postcss-8.5.6.tgz 0ms (cache hit)
2214 http cache @esbuild/darwin-arm64@https://registry.npmjs.org/@esbuild/darwin-arm64/-/darwin-arm64-0.25.12.tgz 0ms (cache hit)
2215 http cache picomatch@https://registry.npmjs.org/picomatch/-/picomatch-4.0.3.tgz 0ms (cache hit)
2216 http cache fsevents@https://registry.npmjs.org/fsevents/-/fsevents-2.3.3.tgz 0ms (cache hit)
2217 http cache fdir@https://registry.npmjs.org/fdir/-/fdir-6.5.0.tgz 0ms (cache hit)
2218 http cache esbuild@https://registry.npmjs.org/esbuild/-/esbuild-0.25.12.tgz 0ms (cache hit)
2219 http cache d3-path@https://registry.npmjs.org/d3-path/-/d3-path-3.1.0.tgz 0ms (cache hit)
2220 http cache d3-color@https://registry.npmjs.org/d3-color/-/d3-color-3.1.0.tgz 0ms (cache hit)
2221 http cache d3-time-format@https://registry.npmjs.org/d3-time-format/-/d3-time-format-4.1.0.tgz 0ms (cache hit)
2222 http cache d3-format@https://registry.npmjs.org/d3-format/-/d3-format-3.1.2.tgz 0ms (cache hit)
2223 http cache internmap@https://registry.npmjs.org/internmap/-/internmap-2.0.3.tgz 0ms (cache hit)
2224 http cache d3-timer@https://registry.npmjs.org/d3-timer/-/d3-timer-3.0.1.tgz 0ms (cache hit)
2225 http cache @types/d3-color@https://registry.npmjs.org/@types/d3-color/-/d3-color-3.1.3.tgz 0ms (cache hit)
2226 http cache d3-time@https://registry.npmjs.org/d3-time/-/d3-time-3.1.0.tgz 0ms (cache hit)
2227 http cache d3-shape@https://registry.npmjs.org/d3-shape/-/d3-shape-3.2.0.tgz 0ms (cache hit)
2228 http cache d3-scale@https://registry.npmjs.org/d3-scale/-/d3-scale-4.0.2.tgz 0ms (cache hit)
2229 http cache @types/d3-path@https://registry.npmjs.org/@types/d3-path/-/d3-path-3.1.1.tgz 0ms (cache hit)
2230 http cache d3-interpolate@https://registry.npmjs.org/d3-interpolate/-/d3-interpolate-3.0.1.tgz 0ms (cache hit)
2231 http cache d3-ease@https://registry.npmjs.org/d3-ease/-/d3-ease-3.0.1.tgz 0ms (cache hit)
2232 http cache @types/d3-shape@https://registry.npmjs.org/@types/d3-shape/-/d3-shape-3.1.8.tgz 0ms (cache hit)
2233 http cache @types/d3-time@https://registry.npmjs.org/@types/d3-time/-/d3-time-3.0.4.tgz 0ms (cache hit)
2234 http cache d3-array@https://registry.npmjs.org/d3-array/-/d3-array-3.2.4.tgz 0ms (cache hit)
2235 http cache @types/d3-timer@https://registry.npmjs.org/@types/d3-timer/-/d3-timer-3.0.2.tgz 0ms (cache hit)
2236 http cache @types/d3-scale@https://registry.npmjs.org/@types/d3-scale/-/d3-scale-4.0.9.tgz 0ms (cache hit)
2237 http cache @types/d3-interpolate@https://registry.npmjs.org/@types/d3-interpolate/-/d3-interpolate-3.0.4.tgz 0ms (cache hit)
2238 http cache @types/d3-ease@https://registry.npmjs.org/@types/d3-ease/-/d3-ease-3.0.2.tgz 0ms (cache hit)
2239 http cache detect-node-es@https://registry.npmjs.org/detect-node-es/-/detect-node-es-1.1.0.tgz 0ms (cache hit)
2240 http cache @types/d3-array@https://registry.npmjs.org/@types/d3-array/-/d3-array-3.2.2.tgz 0ms (cache hit)
2241 http cache minizlib@https://registry.npmjs.org/minizlib/-/minizlib-3.1.0.tgz 0ms (cache hit)
2242 http cache minipass@https://registry.npmjs.org/minipass/-/minipass-7.1.3.tgz 0ms (cache hit)
2243 http cache escalade@https://registry.npmjs.org/escalade/-/escalade-3.2.0.tgz 0ms (cache hit)
2244 http cache function-bind@https://registry.npmjs.org/function-bind/-/function-bind-1.1.2.tgz 0ms (cache hit)
2245 http cache hasown@https://registry.npmjs.org/hasown/-/hasown-2.0.2.tgz 0ms (cache hit)
2246 http cache chownr@https://registry.npmjs.org/chownr/-/chownr-3.0.0.tgz 0ms (cache hit)
2247 http cache path-parse@https://registry.npmjs.org/path-parse/-/path-parse-1.0.7.tgz 0ms (cache hit)
2248 http cache is-core-module@https://registry.npmjs.org/is-core-module/-/is-core-module-2.16.1.tgz 0ms (cache hit)
2249 http cache @isaacs/fs-minipass@https://registry.npmjs.org/@isaacs/fs-minipass/-/fs-minipass-4.0.1.tgz 0ms (cache hit)
2250 http cache fast-equals@https://registry.npmjs.org/fast-equals/-/fast-equals-5.4.0.tgz 0ms (cache hit)
2251 http cache supports-preserve-symlinks-flag@https://registry.npmjs.org/supports-preserve-symlinks-flag/-/supports-preserve-symlinks-flag-1.0.0.tgz 0ms (cache hit)
2252 http cache victory-vendor@https://registry.npmjs.org/victory-vendor/-/victory-vendor-36.9.2.tgz 0ms (cache hit)
2253 http cache tiny-invariant@https://registry.npmjs.org/tiny-invariant/-/tiny-invariant-1.3.3.tgz 0ms (cache hit)
2254 http cache recharts-scale@https://registry.npmjs.org/recharts-scale/-/recharts-scale-0.4.5.tgz 0ms (cache hit)
2255 http cache decimal.js-light@https://registry.npmjs.org/decimal.js-light/-/decimal.js-light-2.5.1.tgz 0ms (cache hit)
2256 http cache react-smooth@https://registry.npmjs.org/react-smooth/-/react-smooth-4.0.4.tgz 0ms (cache hit)
2257 http cache lodash@https://registry.npmjs.org/lodash/-/lodash-4.17.23.tgz 0ms (cache hit)
2258 http cache eventemitter3@https://registry.npmjs.org/eventemitter3/-/eventemitter3-4.0.7.tgz 0ms (cache hit)
2259 http cache dom-helpers@https://registry.npmjs.org/dom-helpers/-/dom-helpers-5.2.1.tgz 0ms (cache hit)
2260 http cache string-convert@https://registry.npmjs.org/string-convert/-/string-convert-0.2.1.tgz 0ms (cache hit)
2261 http cache get-nonce@https://registry.npmjs.org/get-nonce/-/get-nonce-1.0.1.tgz 0ms (cache hit)
2262 http cache resize-observer-polyfill@https://registry.npmjs.org/resize-observer-polyfill/-/resize-observer-polyfill-1.5.1.tgz 0ms (cache hit)
2263 http cache lodash.debounce@https://registry.npmjs.org/lodash.debounce/-/lodash.debounce-4.0.8.tgz 0ms (cache hit)
2264 http cache classnames@https://registry.npmjs.org/classnames/-/classnames-2.5.1.tgz 0ms (cache hit)
2265 http cache set-cookie-parser@https://registry.npmjs.org/set-cookie-parser/-/set-cookie-parser-2.7.2.tgz 0ms (cache hit)
2266 http cache json2mq@https://registry.npmjs.org/json2mq/-/json2mq-0.2.0.tgz 0ms (cache hit)
2267 http cache react-router@https://registry.npmjs.org/react-router/-/react-router-7.13.0.tgz 0ms (cache hit)
2268 http cache cookie@https://registry.npmjs.org/cookie/-/cookie-1.1.1.tgz 0ms (cache hit)
2269 http cache use-sidecar@https://registry.npmjs.org/use-sidecar/-/use-sidecar-1.1.3.tgz 0ms (cache hit)
2270 http cache warning@https://registry.npmjs.org/warning/-/warning-4.0.3.tgz 0ms (cache hit)
2271 http cache use-callback-ref@https://registry.npmjs.org/use-callback-ref/-/use-callback-ref-1.3.3.tgz 0ms (cache hit)
2272 http cache react-remove-scroll-bar@https://registry.npmjs.org/react-remove-scroll-bar/-/react-remove-scroll-bar-2.3.8.tgz 0ms (cache hit)
2273 http cache react-fast-compare@https://registry.npmjs.org/react-fast-compare/-/react-fast-compare-3.2.2.tgz 0ms (cache hit)
2274 http cache redux@https://registry.npmjs.org/redux/-/redux-4.2.1.tgz 0ms (cache hit)
2275 http cache scheduler@https://registry.npmjs.org/scheduler/-/scheduler-0.23.2.tgz 0ms (cache hit)
2276 http cache react-style-singleton@https://registry.npmjs.org/react-style-singleton/-/react-style-singleton-2.2.3.tgz 0ms (cache hit)
2277 http cache @react-dnd/asap@https://registry.npmjs.org/@react-dnd/asap/-/asap-5.0.2.tgz 0ms (cache hit)
2278 http cache dnd-core@https://registry.npmjs.org/dnd-core/-/dnd-core-16.0.1.tgz 0ms (cache hit)
2279 http cache fast-deep-equal@https://registry.npmjs.org/fast-deep-equal/-/fast-deep-equal-3.1.3.tgz 0ms (cache hit)
2280 http cache @react-dnd/shallowequal@https://registry.npmjs.org/@react-dnd/shallowequal/-/shallowequal-4.0.2.tgz 0ms (cache hit)
2281 http cache object-assign@https://registry.npmjs.org/object-assign/-/object-assign-4.1.1.tgz 0ms (cache hit)
2282 http cache is-arrayish@https://registry.npmjs.org/is-arrayish/-/is-arrayish-0.2.1.tgz 0ms (cache hit)
2283 http cache loose-envify@https://registry.npmjs.org/loose-envify/-/loose-envify-1.4.0.tgz 0ms (cache hit)
2284 http cache json-parse-even-better-errors@https://registry.npmjs.org/json-parse-even-better-errors/-/json-parse-even-better-errors-2.3.1.tgz 0ms (cache hit)
2285 http cache callsites@https://registry.npmjs.org/callsites/-/callsites-3.1.0.tgz 0ms (cache hit)
2286 http cache @react-dnd/invariant@https://registry.npmjs.org/@react-dnd/invariant/-/invariant-4.0.2.tgz 0ms (cache hit)
2287 http cache motion-utils@https://registry.npmjs.org/motion-utils/-/motion-utils-12.29.2.tgz 0ms (cache hit)
2288 http cache lines-and-columns@https://registry.npmjs.org/lines-and-columns/-/lines-and-columns-1.2.4.tgz 0ms (cache hit)
2289 http cache motion-dom@https://registry.npmjs.org/motion-dom/-/motion-dom-12.34.3.tgz 0ms (cache hit)
2290 http cache framer-motion@https://registry.npmjs.org/framer-motion/-/framer-motion-12.34.3.tgz 0ms (cache hit)
2291 http cache lightningcss-darwin-arm64@https://registry.npmjs.org/lightningcss-darwin-arm64/-/lightningcss-darwin-arm64-1.30.1.tgz 0ms (cache hit)
2292 http cache error-ex@https://registry.npmjs.org/error-ex/-/error-ex-1.3.4.tgz 0ms (cache hit)
2293 http cache parent-module@https://registry.npmjs.org/parent-module/-/parent-module-1.0.1.tgz 0ms (cache hit)
2294 http cache yallist@https://registry.npmjs.org/yallist/-/yallist-3.1.1.tgz 0ms (cache hit)
2295 http cache graceful-fs@https://registry.npmjs.org/graceful-fs/-/graceful-fs-4.2.11.tgz 0ms (cache hit)
2296 http cache embla-carousel-reactive-utils@https://registry.npmjs.org/embla-carousel-reactive-utils/-/embla-carousel-reactive-utils-8.6.0.tgz 0ms (cache hit)
2297 http cache tapable@https://registry.npmjs.org/tapable/-/tapable-2.3.0.tgz 0ms (cache hit)
2298 http cache embla-carousel@https://registry.npmjs.org/embla-carousel/-/embla-carousel-8.6.0.tgz 0ms (cache hit)
2299 http cache ms@https://registry.npmjs.org/ms/-/ms-2.1.3.tgz 0ms (cache hit)
2300 http cache path-type@https://registry.npmjs.org/path-type/-/path-type-4.0.0.tgz 0ms (cache hit)
2301 http cache parse-json@https://registry.npmjs.org/parse-json/-/parse-json-5.2.0.tgz 0ms (cache hit)
2302 http cache @types/parse-json@https://registry.npmjs.org/@types/parse-json/-/parse-json-4.0.2.tgz 0ms (cache hit)
2303 http cache resolve-from@https://registry.npmjs.org/resolve-from/-/resolve-from-4.0.0.tgz 0ms (cache hit)
2304 http cache update-browserslist-db@https://registry.npmjs.org/update-browserslist-db/-/update-browserslist-db-1.2.3.tgz 0ms (cache hit)
2305 http cache electron-to-chromium@https://registry.npmjs.org/electron-to-chromium/-/electron-to-chromium-1.5.302.tgz 0ms (cache hit)
2306 http cache node-releases@https://registry.npmjs.org/node-releases/-/node-releases-2.0.27.tgz 0ms (cache hit)
2307 http cache caniuse-lite@https://registry.npmjs.org/caniuse-lite/-/caniuse-lite-1.0.30001770.tgz 0ms (cache hit)
2308 http cache resolve@https://registry.npmjs.org/resolve/-/resolve-1.22.11.tgz 0ms (cache hit)
2309 http cache @types/babel__traverse@https://registry.npmjs.org/@types/babel__traverse/-/babel__traverse-7.28.0.tgz 0ms (cache hit)
2310 http cache import-fresh@https://registry.npmjs.org/import-fresh/-/import-fresh-3.3.1.tgz 0ms (cache hit)
2311 http cache cosmiconfig@https://registry.npmjs.org/cosmiconfig/-/cosmiconfig-7.1.0.tgz 0ms (cache hit)
2312 http cache @types/babel__template@https://registry.npmjs.org/@types/babel__template/-/babel__template-7.4.4.tgz 0ms (cache hit)
2313 http cache baseline-browser-mapping@https://registry.npmjs.org/baseline-browser-mapping/-/baseline-browser-mapping-2.10.0.tgz 0ms (cache hit)
2314 http cache @types/babel__generator@https://registry.npmjs.org/@types/babel__generator/-/babel__generator-7.27.0.tgz 0ms (cache hit)
2315 http cache @babel/helper-plugin-utils@https://registry.npmjs.org/@babel/helper-plugin-utils/-/helper-plugin-utils-7.28.6.tgz 0ms (cache hit)
2316 http cache browserslist@https://registry.npmjs.org/browserslist/-/browserslist-4.28.1.tgz 0ms (cache hit)
2317 http cache lru-cache@https://registry.npmjs.org/lru-cache/-/lru-cache-5.1.1.tgz 0ms (cache hit)
2318 http cache @babel/helper-validator-option@https://registry.npmjs.org/@babel/helper-validator-option/-/helper-validator-option-7.27.1.tgz 0ms (cache hit)
2319 http cache @babel/compat-data@https://registry.npmjs.org/@babel/compat-data/-/compat-data-7.29.0.tgz 0ms (cache hit)
2320 http cache semver@https://registry.npmjs.org/semver/-/semver-6.3.1.tgz 0ms (cache hit)
2321 http cache gensync@https://registry.npmjs.org/gensync/-/gensync-1.0.0-beta.2.tgz 0ms (cache hit)
2322 http cache @babel/helpers@https://registry.npmjs.org/@babel/helpers/-/helpers-7.28.6.tgz 0ms (cache hit)
2323 http cache @babel/helper-module-transforms@https://registry.npmjs.org/@babel/helper-module-transforms/-/helper-module-transforms-7.28.6.tgz 0ms (cache hit)
2324 http cache @types/babel__core@https://registry.npmjs.org/@types/babel__core/-/babel__core-7.20.5.tgz 0ms (cache hit)
2325 http cache react-refresh@https://registry.npmjs.org/react-refresh/-/react-refresh-0.17.0.tgz 0ms (cache hit)
2326 http cache @babel/helper-compilation-targets@https://registry.npmjs.org/@babel/helper-compilation-targets/-/helper-compilation-targets-7.28.6.tgz 0ms (cache hit)
2327 http cache @rolldown/pluginutils@https://registry.npmjs.org/@rolldown/pluginutils/-/pluginutils-1.0.0-beta.27.tgz 0ms (cache hit)
2328 http cache @babel/plugin-transform-react-jsx-source@https://registry.npmjs.org/@babel/plugin-transform-react-jsx-source/-/plugin-transform-react-jsx-source-7.27.1.tgz 0ms (cache hit)
2329 http cache @babel/plugin-transform-react-jsx-self@https://registry.npmjs.org/@babel/plugin-transform-react-jsx-self/-/plugin-transform-react-jsx-self-7.27.1.tgz 0ms (cache hit)
2330 http cache undici-types@https://registry.npmjs.org/undici-types/-/undici-types-7.18.2.tgz 0ms (cache hit)
2331 http cache @types/node@https://registry.npmjs.org/@types/node/-/node-25.3.0.tgz 0ms (cache hit)
2332 http cache @babel/core@https://registry.npmjs.org/@babel/core/-/core-7.29.0.tgz 0ms (cache hit)
2333 http cache json5@https://registry.npmjs.org/json5/-/json5-2.2.3.tgz 0ms (cache hit)
2334 http cache detect-libc@https://registry.npmjs.org/detect-libc/-/detect-libc-2.1.2.tgz 0ms (cache hit)
2335 http cache tar@https://registry.npmjs.org/tar/-/tar-7.5.9.tgz 0ms (cache hit)
2336 http cache source-map-js@https://registry.npmjs.org/source-map-js/-/source-map-js-1.2.1.tgz 0ms (cache hit)
2337 http cache @tailwindcss/oxide-darwin-arm64@https://registry.npmjs.org/@tailwindcss/oxide-darwin-arm64/-/oxide-darwin-arm64-4.1.12.tgz 0ms (cache hit)
2338 http cache magic-string@https://registry.npmjs.org/magic-string/-/magic-string-0.30.21.tgz 0ms (cache hit)
2339 http cache lightningcss@https://registry.npmjs.org/lightningcss/-/lightningcss-1.30.1.tgz 0ms (cache hit)
2340 http cache jiti@https://registry.npmjs.org/jiti/-/jiti-2.6.1.tgz 0ms (cache hit)
2341 http cache enhanced-resolve@https://registry.npmjs.org/enhanced-resolve/-/enhanced-resolve-5.19.0.tgz 0ms (cache hit)
2342 http cache @tailwindcss/oxide@https://registry.npmjs.org/@tailwindcss/oxide/-/oxide-4.1.12.tgz 0ms (cache hit)
2343 http cache @jridgewell/remapping@https://registry.npmjs.org/@jridgewell/remapping/-/remapping-2.3.5.tgz 0ms (cache hit)
2344 http cache iceberg-js@https://registry.npmjs.org/iceberg-js/-/iceberg-js-0.8.1.tgz 0ms (cache hit)
2345 http cache @tailwindcss/node@https://registry.npmjs.org/@tailwindcss/node/-/node-4.1.12.tgz 0ms (cache hit)
2346 http cache @types/ws@https://registry.npmjs.org/@types/ws/-/ws-8.18.1.tgz 0ms (cache hit)
2347 http cache ws@https://registry.npmjs.org/ws/-/ws-8.19.0.tgz 0ms (cache hit)
2348 http cache @types/phoenix@https://registry.npmjs.org/@types/phoenix/-/phoenix-1.6.7.tgz 0ms (cache hit)
2349 http cache tslib@https://registry.npmjs.org/tslib/-/tslib-2.8.1.tgz 0ms (cache hit)
2350 http cache @supabase/storage-js@https://registry.npmjs.org/@supabase/storage-js/-/storage-js-2.97.0.tgz 0ms (cache hit)
2351 http cache @supabase/realtime-js@https://registry.npmjs.org/@supabase/realtime-js/-/realtime-js-2.97.0.tgz 0ms (cache hit)
2352 http cache @supabase/functions-js@https://registry.npmjs.org/@supabase/functions-js/-/functions-js-2.97.0.tgz 0ms (cache hit)
2353 http cache @radix-ui/number@https://registry.npmjs.org/@radix-ui/number/-/number-1.1.0.tgz 0ms (cache hit)
2354 http cache @supabase/auth-js@https://registry.npmjs.org/@supabase/auth-js/-/auth-js-2.97.0.tgz 0ms (cache hit)
2355 http cache @supabase/postgrest-js@https://registry.npmjs.org/@supabase/postgrest-js/-/postgrest-js-2.97.0.tgz 0ms (cache hit)
2356 http cache @floating-ui/dom@https://registry.npmjs.org/@floating-ui/dom/-/dom-1.7.5.tgz 0ms (cache hit)
2357 http cache @floating-ui/core@https://registry.npmjs.org/@floating-ui/core/-/core-1.7.4.tgz 0ms (cache hit)
2358 http cache @radix-ui/rect@https://registry.npmjs.org/@radix-ui/rect/-/rect-1.1.0.tgz 0ms (cache hit)
2359 http cache @radix-ui/react-use-rect@https://registry.npmjs.org/@radix-ui/react-use-rect/-/react-use-rect-1.1.0.tgz 0ms (cache hit)
2360 http cache @radix-ui/react-arrow@https://registry.npmjs.org/@radix-ui/react-arrow/-/react-arrow-1.1.2.tgz 0ms (cache hit)
2361 http cache @floating-ui/react-dom@https://registry.npmjs.org/@floating-ui/react-dom/-/react-dom-2.1.7.tgz 0ms (cache hit)
2362 http cache @radix-ui/react-roving-focus@https://registry.npmjs.org/@radix-ui/react-roving-focus/-/react-roving-focus-1.1.2.tgz 0ms (cache hit)
2363 http cache @floating-ui/utils@https://registry.npmjs.org/@floating-ui/utils/-/utils-0.2.10.tgz 0ms (cache hit)
2364 http cache @radix-ui/react-visually-hidden@https://registry.npmjs.org/@radix-ui/react-visually-hidden/-/react-visually-hidden-1.1.2.tgz 0ms (cache hit)
2365 http cache react-remove-scroll@https://registry.npmjs.org/react-remove-scroll/-/react-remove-scroll-2.7.2.tgz 0ms (cache hit)
2366 http cache aria-hidden@https://registry.npmjs.org/aria-hidden/-/aria-hidden-1.2.6.tgz 0ms (cache hit)
2367 http cache @radix-ui/react-portal@https://registry.npmjs.org/@radix-ui/react-portal/-/react-portal-1.1.4.tgz 0ms (cache hit)
2368 http cache @radix-ui/react-focus-scope@https://registry.npmjs.org/@radix-ui/react-focus-scope/-/react-focus-scope-1.1.2.tgz 0ms (cache hit)
2369 http cache @radix-ui/react-use-escape-keydown@https://registry.npmjs.org/@radix-ui/react-use-escape-keydown/-/react-use-escape-keydown-1.1.0.tgz 0ms (cache hit)
2370 http cache @radix-ui/react-focus-guards@https://registry.npmjs.org/@radix-ui/react-focus-guards/-/react-focus-guards-1.1.1.tgz 0ms (cache hit)
2371 http cache @radix-ui/react-menu@https://registry.npmjs.org/@radix-ui/react-menu/-/react-menu-2.1.6.tgz 0ms (cache hit)
2372 http cache @radix-ui/react-use-size@https://registry.npmjs.org/@radix-ui/react-use-size/-/react-use-size-1.1.0.tgz 0ms (cache hit)
2373 http cache @radix-ui/react-dismissable-layer@https://registry.npmjs.org/@radix-ui/react-dismissable-layer/-/react-dismissable-layer-1.1.5.tgz 0ms (cache hit)
2374 http cache @radix-ui/react-use-previous@https://registry.npmjs.org/@radix-ui/react-use-previous/-/react-use-previous-1.1.0.tgz 0ms (cache hit)
2375 http cache @radix-ui/react-presence@https://registry.npmjs.org/@radix-ui/react-presence/-/react-presence-1.1.2.tgz 0ms (cache hit)
2376 http cache @radix-ui/react-use-layout-effect@https://registry.npmjs.org/@radix-ui/react-use-layout-effect/-/react-use-layout-effect-1.1.0.tgz 0ms (cache hit)
2377 http cache @radix-ui/react-use-controllable-state@https://registry.npmjs.org/@radix-ui/react-use-controllable-state/-/react-use-controllable-state-1.1.0.tgz 0ms (cache hit)
2378 http cache @radix-ui/react-use-callback-ref@https://registry.npmjs.org/@radix-ui/react-use-callback-ref/-/react-use-callback-ref-1.1.0.tgz 0ms (cache hit)
2379 http cache @radix-ui/react-primitive@https://registry.npmjs.org/@radix-ui/react-primitive/-/react-primitive-2.0.2.tgz 0ms (cache hit)
2380 http cache @radix-ui/react-popper@https://registry.npmjs.org/@radix-ui/react-popper/-/react-popper-1.2.2.tgz 0ms (cache hit)
2381 http cache @radix-ui/react-id@https://registry.npmjs.org/@radix-ui/react-id/-/react-id-1.1.0.tgz 0ms (cache hit)
2382 http cache @radix-ui/react-direction@https://registry.npmjs.org/@radix-ui/react-direction/-/react-direction-1.1.0.tgz 0ms (cache hit)
2383 http cache @radix-ui/react-context@https://registry.npmjs.org/@radix-ui/react-context/-/react-context-1.1.1.tgz 0ms (cache hit)
2384 http cache @radix-ui/react-collection@https://registry.npmjs.org/@radix-ui/react-collection/-/react-collection-1.1.2.tgz 0ms (cache hit)
2385 http cache @radix-ui/primitive@https://registry.npmjs.org/@radix-ui/primitive/-/primitive-1.1.1.tgz 0ms (cache hit)
2386 http cache @types/prop-types@https://registry.npmjs.org/@types/prop-types/-/prop-types-15.7.15.tgz 0ms (cache hit)
2387 http cache @mui/styled-engine@https://registry.npmjs.org/@mui/styled-engine/-/styled-engine-7.3.8.tgz 0ms (cache hit)
2388 http cache @radix-ui/react-compose-refs@https://registry.npmjs.org/@radix-ui/react-compose-refs/-/react-compose-refs-1.1.1.tgz 0ms (cache hit)
2389 http cache @mui/private-theming@https://registry.npmjs.org/@mui/private-theming/-/private-theming-7.3.8.tgz 0ms (cache hit)
2390 http cache react-transition-group@https://registry.npmjs.org/react-transition-group/-/react-transition-group-4.4.5.tgz 0ms (cache hit)
2391 http cache react-is@https://registry.npmjs.org/react-is/-/react-is-19.2.4.tgz 0ms (cache hit)
2392 http cache prop-types@https://registry.npmjs.org/prop-types/-/prop-types-15.8.1.tgz 0ms (cache hit)
2393 http cache @types/react@https://registry.npmjs.org/@types/react/-/react-19.2.14.tgz 0ms (cache hit)
2394 http cache @mui/types@https://registry.npmjs.org/@mui/types/-/types-7.4.11.tgz 1ms (cache hit)
2395 http cache @types/react-transition-group@https://registry.npmjs.org/@types/react-transition-group/-/react-transition-group-4.4.12.tgz 0ms (cache hit)
2396 http cache @mui/utils@https://registry.npmjs.org/@mui/utils/-/utils-7.3.8.tgz 0ms (cache hit)
2397 http cache @jridgewell/sourcemap-codec@https://registry.npmjs.org/@jridgewell/sourcemap-codec/-/sourcemap-codec-1.5.5.tgz 0ms (cache hit)
2398 http cache @mui/system@https://registry.npmjs.org/@mui/system/-/system-7.3.8.tgz 0ms (cache hit)
2399 http cache @emotion/is-prop-valid@https://registry.npmjs.org/@emotion/is-prop-valid/-/is-prop-valid-1.4.0.tgz 0ms (cache hit)
2400 http cache csstype@https://registry.npmjs.org/csstype/-/csstype-3.2.3.tgz 0ms (cache hit)
2401 http cache @jridgewell/resolve-uri@https://registry.npmjs.org/@jridgewell/resolve-uri/-/resolve-uri-3.1.2.tgz 0ms (cache hit)
2402 http cache @emotion/sheet@https://registry.npmjs.org/@emotion/sheet/-/sheet-1.4.0.tgz 0ms (cache hit)
2403 http cache @babel/helper-string-parser@https://registry.npmjs.org/@babel/helper-string-parser/-/helper-string-parser-7.27.1.tgz 0ms (cache hit)
2404 http cache @jridgewell/trace-mapping@https://registry.npmjs.org/@jridgewell/trace-mapping/-/trace-mapping-0.3.31.tgz 0ms (cache hit)
2405 http cache @jridgewell/gen-mapping@https://registry.npmjs.org/@jridgewell/gen-mapping/-/gen-mapping-0.3.13.tgz 0ms (cache hit)
2406 http cache jsesc@https://registry.npmjs.org/jsesc/-/jsesc-3.1.0.tgz 0ms (cache hit)
2407 http cache picocolors@https://registry.npmjs.org/picocolors/-/picocolors-1.1.1.tgz 0ms (cache hit)
2408 http cache @babel/helper-validator-identifier@https://registry.npmjs.org/@babel/helper-validator-identifier/-/helper-validator-identifier-7.28.5.tgz 0ms (cache hit)
2409 http cache debug@https://registry.npmjs.org/debug/-/debug-4.4.3.tgz 0ms (cache hit)
2410 http cache @babel/template@https://registry.npmjs.org/@babel/template/-/template-7.28.6.tgz 0ms (cache hit)
2411 http cache js-tokens@https://registry.npmjs.org/js-tokens/-/js-tokens-4.0.0.tgz 0ms (cache hit)
2412 http cache @babel/parser@https://registry.npmjs.org/@babel/parser/-/parser-7.29.0.tgz 0ms (cache hit)
2413 http cache @babel/helper-globals@https://registry.npmjs.org/@babel/helper-globals/-/helper-globals-7.28.0.tgz 0ms (cache hit)
2414 http cache @babel/code-frame@https://registry.npmjs.org/@babel/code-frame/-/code-frame-7.29.0.tgz 0ms (cache hit)
2415 http cache @babel/generator@https://registry.npmjs.org/@babel/generator/-/generator-7.29.1.tgz 0ms (cache hit)
2416 http cache @mui/core-downloads-tracker@https://registry.npmjs.org/@mui/core-downloads-tracker/-/core-downloads-tracker-7.3.8.tgz 0ms (cache hit)
2417 http cache @babel/types@https://registry.npmjs.org/@babel/types/-/types-7.29.0.tgz 0ms (cache hit)
2418 http cache @babel/traverse@https://registry.npmjs.org/@babel/traverse/-/traverse-7.29.0.tgz 0ms (cache hit)
2419 http cache stylis@https://registry.npmjs.org/stylis/-/stylis-4.2.0.tgz 0ms (cache hit)
2420 http cache @emotion/unitless@https://registry.npmjs.org/@emotion/unitless/-/unitless-0.10.0.tgz 0ms (cache hit)
2421 http cache find-root@https://registry.npmjs.org/find-root/-/find-root-1.1.0.tgz 0ms (cache hit)
2422 http cache source-map@https://registry.npmjs.org/source-map/-/source-map-0.5.7.tgz 0ms (cache hit)
2423 http cache escape-string-regexp@https://registry.npmjs.org/escape-string-regexp/-/escape-string-regexp-4.0.0.tgz 0ms (cache hit)
2424 http cache @emotion/hash@https://registry.npmjs.org/@emotion/hash/-/hash-0.9.2.tgz 0ms (cache hit)
2425 http cache convert-source-map@https://registry.npmjs.org/convert-source-map/-/convert-source-map-1.9.0.tgz 0ms (cache hit)
2426 http cache babel-plugin-macros@https://registry.npmjs.org/babel-plugin-macros/-/babel-plugin-macros-3.1.0.tgz 0ms (cache hit)
2427 http cache hoist-non-react-statics@https://registry.npmjs.org/hoist-non-react-statics/-/hoist-non-react-statics-3.3.2.tgz 0ms (cache hit)
2428 http cache @babel/helper-module-imports@https://registry.npmjs.org/@babel/helper-module-imports/-/helper-module-imports-7.28.6.tgz 0ms (cache hit)
2429 http cache @emotion/utils@https://registry.npmjs.org/@emotion/utils/-/utils-1.4.2.tgz 0ms (cache hit)
2430 http cache @emotion/weak-memoize@https://registry.npmjs.org/@emotion/weak-memoize/-/weak-memoize-0.4.0.tgz 0ms (cache hit)
2431 http cache @emotion/serialize@https://registry.npmjs.org/@emotion/serialize/-/serialize-1.3.3.tgz 0ms (cache hit)
2432 http cache @emotion/cache@https://registry.npmjs.org/@emotion/cache/-/cache-11.14.0.tgz 0ms (cache hit)
2433 http cache @emotion/memoize@https://registry.npmjs.org/@emotion/memoize/-/memoize-0.9.0.tgz 0ms (cache hit)
2434 http cache @emotion/babel-plugin@https://registry.npmjs.org/@emotion/babel-plugin/-/babel-plugin-11.13.5.tgz 0ms (cache hit)
2435 http cache @emotion/use-insertion-effect-with-fallbacks@https://registry.npmjs.org/@emotion/use-insertion-effect-with-fallbacks/-/use-insertion-effect-with-fallbacks-1.2.0.tgz 0ms (cache hit)
2436 http cache tw-animate-css@https://registry.npmjs.org/tw-animate-css/-/tw-animate-css-1.3.8.tgz 0ms (cache hit)
2437 http cache tailwind-merge@https://registry.npmjs.org/tailwind-merge/-/tailwind-merge-3.2.0.tgz 0ms (cache hit)
2438 http cache tailwindcss@https://registry.npmjs.org/tailwindcss/-/tailwindcss-4.1.12.tgz 0ms (cache hit)
2439 http cache sonner@https://registry.npmjs.org/sonner/-/sonner-2.0.3.tgz 0ms (cache hit)
2440 http cache recharts@https://registry.npmjs.org/recharts/-/recharts-2.15.2.tgz 0ms (cache hit)
2441 http cache react-slick@https://registry.npmjs.org/react-slick/-/react-slick-0.31.0.tgz 0ms (cache hit)
2442 http cache vaul@https://registry.npmjs.org/vaul/-/vaul-1.1.2.tgz 0ms (cache hit)
2443 http cache react-resizable-panels@https://registry.npmjs.org/react-resizable-panels/-/react-resizable-panels-2.1.7.tgz 0ms (cache hit)
2444 http cache @babel/runtime@https://registry.npmjs.org/@babel/runtime/-/runtime-7.28.6.tgz 0ms (cache hit)
2445 http cache react-responsive-masonry@https://registry.npmjs.org/react-responsive-masonry/-/react-responsive-masonry-2.7.1.tgz 0ms (cache hit)
2446 http cache react-popper@https://registry.npmjs.org/react-popper/-/react-popper-2.3.0.tgz 0ms (cache hit)
2447 http cache react-router-dom@https://registry.npmjs.org/react-router-dom/-/react-router-dom-7.13.0.tgz 0ms (cache hit)
2448 http cache react-hook-form@https://registry.npmjs.org/react-hook-form/-/react-hook-form-7.55.0.tgz 0ms (cache hit)
2449 http cache react-dnd@https://registry.npmjs.org/react-dnd/-/react-dnd-16.0.1.tgz 0ms (cache hit)
2450 http cache react-day-picker@https://registry.npmjs.org/react-day-picker/-/react-day-picker-8.10.1.tgz 0ms (cache hit)
2451 http cache next-themes@https://registry.npmjs.org/next-themes/-/next-themes-0.4.6.tgz 0ms (cache hit)
2452 http cache lucide-react@https://registry.npmjs.org/lucide-react/-/lucide-react-0.487.0.tgz 0ms (cache hit)
2453 http cache react-dnd-html5-backend@https://registry.npmjs.org/react-dnd-html5-backend/-/react-dnd-html5-backend-16.0.1.tgz 0ms (cache hit)
2454 http cache motion@https://registry.npmjs.org/motion/-/motion-12.23.24.tgz 0ms (cache hit)
2455 http cache input-otp@https://registry.npmjs.org/input-otp/-/input-otp-1.4.2.tgz 0ms (cache hit)
2456 http cache embla-carousel-react@https://registry.npmjs.org/embla-carousel-react/-/embla-carousel-react-8.6.0.tgz 0ms (cache hit)
2457 http cache clsx@https://registry.npmjs.org/clsx/-/clsx-2.1.1.tgz 0ms (cache hit)
2458 http cache cmdk@https://registry.npmjs.org/cmdk/-/cmdk-1.1.1.tgz 0ms (cache hit)
2459 http cache date-fns@https://registry.npmjs.org/date-fns/-/date-fns-3.6.0.tgz 0ms (cache hit)
2460 http cache @vitejs/plugin-react@https://registry.npmjs.org/@vitejs/plugin-react/-/plugin-react-4.7.0.tgz 0ms (cache hit)
2461 http cache class-variance-authority@https://registry.npmjs.org/class-variance-authority/-/class-variance-authority-0.7.1.tgz 0ms (cache hit)
2462 http cache vite@https://registry.npmjs.org/vite/-/vite-6.3.5.tgz 0ms (cache hit)
2463 http cache @supabase/supabase-js@https://registry.npmjs.org/@supabase/supabase-js/-/supabase-js-2.97.0.tgz 0ms (cache hit)
2464 http cache @radix-ui/react-tooltip@https://registry.npmjs.org/@radix-ui/react-tooltip/-/react-tooltip-1.1.8.tgz 0ms (cache hit)
2465 http cache @radix-ui/react-toggle@https://registry.npmjs.org/@radix-ui/react-toggle/-/react-toggle-1.1.2.tgz 0ms (cache hit)
2466 http cache @tailwindcss/vite@https://registry.npmjs.org/@tailwindcss/vite/-/vite-4.1.12.tgz 0ms (cache hit)
2467 http cache @radix-ui/react-tabs@https://registry.npmjs.org/@radix-ui/react-tabs/-/react-tabs-1.1.3.tgz 0ms (cache hit)
2468 http cache @radix-ui/react-switch@https://registry.npmjs.org/@radix-ui/react-switch/-/react-switch-1.1.3.tgz 0ms (cache hit)
2469 http cache @radix-ui/react-slot@https://registry.npmjs.org/@radix-ui/react-slot/-/react-slot-1.1.2.tgz 0ms (cache hit)
2470 http cache @radix-ui/react-separator@https://registry.npmjs.org/@radix-ui/react-separator/-/react-separator-1.1.2.tgz 0ms (cache hit)
2471 http cache @radix-ui/react-toggle-group@https://registry.npmjs.org/@radix-ui/react-toggle-group/-/react-toggle-group-1.1.2.tgz 0ms (cache hit)
2472 http cache @radix-ui/react-slider@https://registry.npmjs.org/@radix-ui/react-slider/-/react-slider-1.2.3.tgz 0ms (cache hit)
2473 http cache @radix-ui/react-select@https://registry.npmjs.org/@radix-ui/react-select/-/react-select-2.1.6.tgz 0ms (cache hit)
2474 http cache @radix-ui/react-scroll-area@https://registry.npmjs.org/@radix-ui/react-scroll-area/-/react-scroll-area-1.2.3.tgz 0ms (cache hit)
2475 http cache @radix-ui/react-progress@https://registry.npmjs.org/@radix-ui/react-progress/-/react-progress-1.1.2.tgz 0ms (cache hit)
2476 http cache @radix-ui/react-navigation-menu@https://registry.npmjs.org/@radix-ui/react-navigation-menu/-/react-navigation-menu-1.2.5.tgz 0ms (cache hit)
2477 http cache @radix-ui/react-menubar@https://registry.npmjs.org/@radix-ui/react-menubar/-/react-menubar-1.1.6.tgz 0ms (cache hit)
2478 http cache @radix-ui/react-radio-group@https://registry.npmjs.org/@radix-ui/react-radio-group/-/react-radio-group-1.2.3.tgz 0ms (cache hit)
2479 http cache @radix-ui/react-hover-card@https://registry.npmjs.org/@radix-ui/react-hover-card/-/react-hover-card-1.1.6.tgz 0ms (cache hit)
2480 http cache @radix-ui/react-label@https://registry.npmjs.org/@radix-ui/react-label/-/react-label-2.1.2.tgz 0ms (cache hit)
2481 http cache @radix-ui/react-dialog@https://registry.npmjs.org/@radix-ui/react-dialog/-/react-dialog-1.1.6.tgz 0ms (cache hit)
2482 http cache @radix-ui/react-popover@https://registry.npmjs.org/@radix-ui/react-popover/-/react-popover-1.1.6.tgz 0ms (cache hit)
2483 http cache @radix-ui/react-context-menu@https://registry.npmjs.org/@radix-ui/react-context-menu/-/react-context-menu-2.2.6.tgz 0ms (cache hit)
2484 http cache @radix-ui/react-checkbox@https://registry.npmjs.org/@radix-ui/react-checkbox/-/react-checkbox-1.1.4.tgz 0ms (cache hit)
2485 http cache @radix-ui/react-avatar@https://registry.npmjs.org/@radix-ui/react-avatar/-/react-avatar-1.1.3.tgz 0ms (cache hit)
2486 http cache @radix-ui/react-dropdown-menu@https://registry.npmjs.org/@radix-ui/react-dropdown-menu/-/react-dropdown-menu-2.1.6.tgz 0ms (cache hit)
2487 http cache @radix-ui/react-aspect-ratio@https://registry.npmjs.org/@radix-ui/react-aspect-ratio/-/react-aspect-ratio-1.1.2.tgz 0ms (cache hit)
2488 http cache @radix-ui/react-alert-dialog@https://registry.npmjs.org/@radix-ui/react-alert-dialog/-/react-alert-dialog-1.1.6.tgz 0ms (cache hit)
2489 http cache @radix-ui/react-accordion@https://registry.npmjs.org/@radix-ui/react-accordion/-/react-accordion-1.2.3.tgz 0ms (cache hit)
2490 http cache react-dom@https://registry.npmjs.org/react-dom/-/react-dom-18.3.1.tgz 0ms (cache hit)
2491 http cache @mui/icons-material@https://registry.npmjs.org/@mui/icons-material/-/icons-material-7.3.5.tgz 0ms (cache hit)
2492 http cache @popperjs/core@https://registry.npmjs.org/@popperjs/core/-/core-2.11.8.tgz 0ms (cache hit)
2493 http cache @emotion/styled@https://registry.npmjs.org/@emotion/styled/-/styled-11.14.1.tgz 0ms (cache hit)
2494 http cache @radix-ui/react-collapsible@https://registry.npmjs.org/@radix-ui/react-collapsible/-/react-collapsible-1.1.3.tgz 0ms (cache hit)
2495 http cache react@https://registry.npmjs.org/react/-/react-18.3.1.tgz 0ms (cache hit)
2496 http cache @emotion/react@https://registry.npmjs.org/@emotion/react/-/react-11.14.0.tgz 0ms (cache hit)
2497 http cache convert-source-map@https://registry.npmjs.org/convert-source-map/-/convert-source-map-2.0.0.tgz 0ms (cache hit)
2498 http cache yaml@https://registry.npmjs.org/yaml/-/yaml-1.10.2.tgz 0ms (cache hit)
2499 http cache yallist@https://registry.npmjs.org/yallist/-/yallist-5.0.0.tgz 0ms (cache hit)
2500 http cache react-is@https://registry.npmjs.org/react-is/-/react-is-16.13.1.tgz 0ms (cache hit)
2501 http cache @mui/material@https://registry.npmjs.org/@mui/material/-/material-7.3.5.tgz 0ms (cache hit)
2502 silly tarball no local data for @types/estree@https://registry.npmjs.org/@types/estree/-/estree-1.0.8.tgz. Extracting by manifest.
2503 silly tarball no local data for nanoid@https://registry.npmjs.org/nanoid/-/nanoid-3.3.11.tgz. Extracting by manifest.
2504 silly tarball no local data for @rollup/rollup-darwin-arm64@https://registry.npmjs.org/@rollup/rollup-darwin-arm64/-/rollup-darwin-arm64-4.58.0.tgz. Extracting by manifest.
2505 silly tarball no local data for yaml@https://registry.npmjs.org/yaml/-/yaml-2.8.2.tgz. Extracting by manifest.
2506 silly tarball no local data for rollup@https://registry.npmjs.org/rollup/-/rollup-4.58.0.tgz. Extracting by manifest.
2507 silly tarball no local data for tinyglobby@https://registry.npmjs.org/tinyglobby/-/tinyglobby-0.2.15.tgz. Extracting by manifest.
2508 silly tarball no local data for postcss@https://registry.npmjs.org/postcss/-/postcss-8.5.6.tgz. Extracting by manifest.
2509 silly tarball no local data for @esbuild/darwin-arm64@https://registry.npmjs.org/@esbuild/darwin-arm64/-/darwin-arm64-0.25.12.tgz. Extracting by manifest.
2510 silly tarball no local data for picomatch@https://registry.npmjs.org/picomatch/-/picomatch-4.0.3.tgz. Extracting by manifest.
2511 silly tarball no local data for fsevents@https://registry.npmjs.org/fsevents/-/fsevents-2.3.3.tgz. Extracting by manifest.
2512 silly tarball no local data for fdir@https://registry.npmjs.org/fdir/-/fdir-6.5.0.tgz. Extracting by manifest.
2513 silly tarball no local data for esbuild@https://registry.npmjs.org/esbuild/-/esbuild-0.25.12.tgz. Extracting by manifest.
2514 silly tarball no local data for d3-path@https://registry.npmjs.org/d3-path/-/d3-path-3.1.0.tgz. Extracting by manifest.
2515 silly tarball no local data for d3-color@https://registry.npmjs.org/d3-color/-/d3-color-3.1.0.tgz. Extracting by manifest.
2516 silly tarball no local data for d3-time-format@https://registry.npmjs.org/d3-time-format/-/d3-time-format-4.1.0.tgz. Extracting by manifest.
2517 http cache react-is@https://registry.npmjs.org/react-is/-/react-is-16.13.1.tgz 0ms (cache hit)
2518 silly tarball no local data for d3-format@https://registry.npmjs.org/d3-format/-/d3-format-3.1.2.tgz. Extracting by manifest.
2519 silly tarball no local data for internmap@https://registry.npmjs.org/internmap/-/internmap-2.0.3.tgz. Extracting by manifest.
2520 silly tarball no local data for d3-timer@https://registry.npmjs.org/d3-timer/-/d3-timer-3.0.1.tgz. Extracting by manifest.
2521 silly tarball no local data for @types/d3-color@https://registry.npmjs.org/@types/d3-color/-/d3-color-3.1.3.tgz. Extracting by manifest.
2522 silly tarball no local data for d3-time@https://registry.npmjs.org/d3-time/-/d3-time-3.1.0.tgz. Extracting by manifest.
2523 silly tarball no local data for d3-shape@https://registry.npmjs.org/d3-shape/-/d3-shape-3.2.0.tgz. Extracting by manifest.
2524 silly tarball no local data for d3-scale@https://registry.npmjs.org/d3-scale/-/d3-scale-4.0.2.tgz. Extracting by manifest.
2525 silly tarball no local data for @types/d3-path@https://registry.npmjs.org/@types/d3-path/-/d3-path-3.1.1.tgz. Extracting by manifest.
2526 silly tarball no local data for d3-interpolate@https://registry.npmjs.org/d3-interpolate/-/d3-interpolate-3.0.1.tgz. Extracting by manifest.
2527 silly tarball no local data for d3-ease@https://registry.npmjs.org/d3-ease/-/d3-ease-3.0.1.tgz. Extracting by manifest.
2528 silly tarball no local data for @types/d3-shape@https://registry.npmjs.org/@types/d3-shape/-/d3-shape-3.1.8.tgz. Extracting by manifest.
2529 silly tarball no local data for @types/d3-time@https://registry.npmjs.org/@types/d3-time/-/d3-time-3.0.4.tgz. Extracting by manifest.
2530 silly tarball no local data for d3-array@https://registry.npmjs.org/d3-array/-/d3-array-3.2.4.tgz. Extracting by manifest.
2531 silly tarball no local data for @types/d3-timer@https://registry.npmjs.org/@types/d3-timer/-/d3-timer-3.0.2.tgz. Extracting by manifest.
2532 silly tarball no local data for @types/d3-scale@https://registry.npmjs.org/@types/d3-scale/-/d3-scale-4.0.9.tgz. Extracting by manifest.
2533 silly tarball no local data for @types/d3-interpolate@https://registry.npmjs.org/@types/d3-interpolate/-/d3-interpolate-3.0.4.tgz. Extracting by manifest.
2534 silly tarball no local data for @types/d3-ease@https://registry.npmjs.org/@types/d3-ease/-/d3-ease-3.0.2.tgz. Extracting by manifest.
2535 silly tarball no local data for detect-node-es@https://registry.npmjs.org/detect-node-es/-/detect-node-es-1.1.0.tgz. Extracting by manifest.
2536 silly tarball no local data for @types/d3-array@https://registry.npmjs.org/@types/d3-array/-/d3-array-3.2.2.tgz. Extracting by manifest.
2537 silly tarball no local data for minizlib@https://registry.npmjs.org/minizlib/-/minizlib-3.1.0.tgz. Extracting by manifest.
2538 silly tarball no local data for minipass@https://registry.npmjs.org/minipass/-/minipass-7.1.3.tgz. Extracting by manifest.
2539 silly tarball no local data for escalade@https://registry.npmjs.org/escalade/-/escalade-3.2.0.tgz. Extracting by manifest.
2540 silly tarball no local data for function-bind@https://registry.npmjs.org/function-bind/-/function-bind-1.1.2.tgz. Extracting by manifest.
2541 silly tarball no local data for hasown@https://registry.npmjs.org/hasown/-/hasown-2.0.2.tgz. Extracting by manifest.
2542 silly tarball no local data for chownr@https://registry.npmjs.org/chownr/-/chownr-3.0.0.tgz. Extracting by manifest.
2543 silly tarball no local data for path-parse@https://registry.npmjs.org/path-parse/-/path-parse-1.0.7.tgz. Extracting by manifest.
2544 silly tarball no local data for is-core-module@https://registry.npmjs.org/is-core-module/-/is-core-module-2.16.1.tgz. Extracting by manifest.
2545 silly tarball no local data for @isaacs/fs-minipass@https://registry.npmjs.org/@isaacs/fs-minipass/-/fs-minipass-4.0.1.tgz. Extracting by manifest.
2546 silly tarball no local data for fast-equals@https://registry.npmjs.org/fast-equals/-/fast-equals-5.4.0.tgz. Extracting by manifest.
2547 silly tarball no local data for supports-preserve-symlinks-flag@https://registry.npmjs.org/supports-preserve-symlinks-flag/-/supports-preserve-symlinks-flag-1.0.0.tgz. Extracting by manifest.
2548 silly tarball no local data for victory-vendor@https://registry.npmjs.org/victory-vendor/-/victory-vendor-36.9.2.tgz. Extracting by manifest.
2549 silly tarball no local data for tiny-invariant@https://registry.npmjs.org/tiny-invariant/-/tiny-invariant-1.3.3.tgz. Extracting by manifest.
2550 silly tarball no local data for recharts-scale@https://registry.npmjs.org/recharts-scale/-/recharts-scale-0.4.5.tgz. Extracting by manifest.
2551 silly tarball no local data for decimal.js-light@https://registry.npmjs.org/decimal.js-light/-/decimal.js-light-2.5.1.tgz. Extracting by manifest.
2552 silly tarball no local data for react-smooth@https://registry.npmjs.org/react-smooth/-/react-smooth-4.0.4.tgz. Extracting by manifest.
2553 silly tarball no local data for lodash@https://registry.npmjs.org/lodash/-/lodash-4.17.23.tgz. Extracting by manifest.
2554 silly tarball no local data for eventemitter3@https://registry.npmjs.org/eventemitter3/-/eventemitter3-4.0.7.tgz. Extracting by manifest.
2555 silly tarball no local data for dom-helpers@https://registry.npmjs.org/dom-helpers/-/dom-helpers-5.2.1.tgz. Extracting by manifest.
2556 silly tarball no local data for string-convert@https://registry.npmjs.org/string-convert/-/string-convert-0.2.1.tgz. Extracting by manifest.
2557 silly tarball no local data for get-nonce@https://registry.npmjs.org/get-nonce/-/get-nonce-1.0.1.tgz. Extracting by manifest.
2558 silly tarball no local data for resize-observer-polyfill@https://registry.npmjs.org/resize-observer-polyfill/-/resize-observer-polyfill-1.5.1.tgz. Extracting by manifest.
2559 silly tarball no local data for lodash.debounce@https://registry.npmjs.org/lodash.debounce/-/lodash.debounce-4.0.8.tgz. Extracting by manifest.
2560 silly tarball no local data for classnames@https://registry.npmjs.org/classnames/-/classnames-2.5.1.tgz. Extracting by manifest.
2561 silly tarball no local data for set-cookie-parser@https://registry.npmjs.org/set-cookie-parser/-/set-cookie-parser-2.7.2.tgz. Extracting by manifest.
2562 silly tarball no local data for json2mq@https://registry.npmjs.org/json2mq/-/json2mq-0.2.0.tgz. Extracting by manifest.
2563 silly tarball no local data for react-router@https://registry.npmjs.org/react-router/-/react-router-7.13.0.tgz. Extracting by manifest.
2564 silly tarball no local data for cookie@https://registry.npmjs.org/cookie/-/cookie-1.1.1.tgz. Extracting by manifest.
2565 silly tarball no local data for use-sidecar@https://registry.npmjs.org/use-sidecar/-/use-sidecar-1.1.3.tgz. Extracting by manifest.
2566 silly tarball no local data for warning@https://registry.npmjs.org/warning/-/warning-4.0.3.tgz. Extracting by manifest.
2567 silly tarball no local data for use-callback-ref@https://registry.npmjs.org/use-callback-ref/-/use-callback-ref-1.3.3.tgz. Extracting by manifest.
2568 silly tarball no local data for react-remove-scroll-bar@https://registry.npmjs.org/react-remove-scroll-bar/-/react-remove-scroll-bar-2.3.8.tgz. Extracting by manifest.
2569 silly tarball no local data for react-fast-compare@https://registry.npmjs.org/react-fast-compare/-/react-fast-compare-3.2.2.tgz. Extracting by manifest.
2570 silly tarball no local data for redux@https://registry.npmjs.org/redux/-/redux-4.2.1.tgz. Extracting by manifest.
2571 silly tarball no local data for scheduler@https://registry.npmjs.org/scheduler/-/scheduler-0.23.2.tgz. Extracting by manifest.
2572 silly tarball no local data for react-style-singleton@https://registry.npmjs.org/react-style-singleton/-/react-style-singleton-2.2.3.tgz. Extracting by manifest.
2573 silly tarball no local data for @react-dnd/asap@https://registry.npmjs.org/@react-dnd/asap/-/asap-5.0.2.tgz. Extracting by manifest.
2574 silly tarball no local data for dnd-core@https://registry.npmjs.org/dnd-core/-/dnd-core-16.0.1.tgz. Extracting by manifest.
2575 http cache react-is@https://registry.npmjs.org/react-is/-/react-is-18.3.1.tgz 0ms (cache hit)
2576 silly tarball no local data for fast-deep-equal@https://registry.npmjs.org/fast-deep-equal/-/fast-deep-equal-3.1.3.tgz. Extracting by manifest.
2577 silly tarball no local data for @react-dnd/shallowequal@https://registry.npmjs.org/@react-dnd/shallowequal/-/shallowequal-4.0.2.tgz. Extracting by manifest.
2578 silly tarball no local data for object-assign@https://registry.npmjs.org/object-assign/-/object-assign-4.1.1.tgz. Extracting by manifest.
2579 silly tarball no local data for is-arrayish@https://registry.npmjs.org/is-arrayish/-/is-arrayish-0.2.1.tgz. Extracting by manifest.
2580 silly tarball no local data for loose-envify@https://registry.npmjs.org/loose-envify/-/loose-envify-1.4.0.tgz. Extracting by manifest.
2581 silly tarball no local data for json-parse-even-better-errors@https://registry.npmjs.org/json-parse-even-better-errors/-/json-parse-even-better-errors-2.3.1.tgz. Extracting by manifest.
2582 silly tarball no local data for callsites@https://registry.npmjs.org/callsites/-/callsites-3.1.0.tgz. Extracting by manifest.
2583 silly tarball no local data for @react-dnd/invariant@https://registry.npmjs.org/@react-dnd/invariant/-/invariant-4.0.2.tgz. Extracting by manifest.
2584 silly tarball no local data for motion-utils@https://registry.npmjs.org/motion-utils/-/motion-utils-12.29.2.tgz. Extracting by manifest.
2585 silly tarball no local data for lines-and-columns@https://registry.npmjs.org/lines-and-columns/-/lines-and-columns-1.2.4.tgz. Extracting by manifest.
2586 silly tarball no local data for motion-dom@https://registry.npmjs.org/motion-dom/-/motion-dom-12.34.3.tgz. Extracting by manifest.
2587 silly tarball no local data for framer-motion@https://registry.npmjs.org/framer-motion/-/framer-motion-12.34.3.tgz. Extracting by manifest.
2588 silly tarball no local data for lightningcss-darwin-arm64@https://registry.npmjs.org/lightningcss-darwin-arm64/-/lightningcss-darwin-arm64-1.30.1.tgz. Extracting by manifest.
2589 silly tarball no local data for error-ex@https://registry.npmjs.org/error-ex/-/error-ex-1.3.4.tgz. Extracting by manifest.
2590 silly tarball no local data for parent-module@https://registry.npmjs.org/parent-module/-/parent-module-1.0.1.tgz. Extracting by manifest.
2591 silly tarball no local data for yallist@https://registry.npmjs.org/yallist/-/yallist-3.1.1.tgz. Extracting by manifest.
2592 silly tarball no local data for graceful-fs@https://registry.npmjs.org/graceful-fs/-/graceful-fs-4.2.11.tgz. Extracting by manifest.
2593 silly tarball no local data for embla-carousel-reactive-utils@https://registry.npmjs.org/embla-carousel-reactive-utils/-/embla-carousel-reactive-utils-8.6.0.tgz. Extracting by manifest.
2594 silly tarball no local data for tapable@https://registry.npmjs.org/tapable/-/tapable-2.3.0.tgz. Extracting by manifest.
2595 silly tarball no local data for embla-carousel@https://registry.npmjs.org/embla-carousel/-/embla-carousel-8.6.0.tgz. Extracting by manifest.
2596 silly tarball no local data for ms@https://registry.npmjs.org/ms/-/ms-2.1.3.tgz. Extracting by manifest.
2597 silly tarball no local data for path-type@https://registry.npmjs.org/path-type/-/path-type-4.0.0.tgz. Extracting by manifest.
2598 silly tarball no local data for parse-json@https://registry.npmjs.org/parse-json/-/parse-json-5.2.0.tgz. Extracting by manifest.
2599 silly tarball no local data for @types/parse-json@https://registry.npmjs.org/@types/parse-json/-/parse-json-4.0.2.tgz. Extracting by manifest.
2600 silly tarball no local data for resolve-from@https://registry.npmjs.org/resolve-from/-/resolve-from-4.0.0.tgz. Extracting by manifest.
2601 silly tarball no local data for update-browserslist-db@https://registry.npmjs.org/update-browserslist-db/-/update-browserslist-db-1.2.3.tgz. Extracting by manifest.
2602 silly tarball no local data for electron-to-chromium@https://registry.npmjs.org/electron-to-chromium/-/electron-to-chromium-1.5.302.tgz. Extracting by manifest.
2603 silly tarball no local data for node-releases@https://registry.npmjs.org/node-releases/-/node-releases-2.0.27.tgz. Extracting by manifest.
2604 silly tarball no local data for caniuse-lite@https://registry.npmjs.org/caniuse-lite/-/caniuse-lite-1.0.30001770.tgz. Extracting by manifest.
2605 silly tarball no local data for resolve@https://registry.npmjs.org/resolve/-/resolve-1.22.11.tgz. Extracting by manifest.
2606 silly tarball no local data for @types/babel__traverse@https://registry.npmjs.org/@types/babel__traverse/-/babel__traverse-7.28.0.tgz. Extracting by manifest.
2607 silly tarball no local data for import-fresh@https://registry.npmjs.org/import-fresh/-/import-fresh-3.3.1.tgz. Extracting by manifest.
2608 silly tarball no local data for cosmiconfig@https://registry.npmjs.org/cosmiconfig/-/cosmiconfig-7.1.0.tgz. Extracting by manifest.
2609 silly tarball no local data for @types/babel__template@https://registry.npmjs.org/@types/babel__template/-/babel__template-7.4.4.tgz. Extracting by manifest.
2610 silly tarball no local data for baseline-browser-mapping@https://registry.npmjs.org/baseline-browser-mapping/-/baseline-browser-mapping-2.10.0.tgz. Extracting by manifest.
2611 silly tarball no local data for @types/babel__generator@https://registry.npmjs.org/@types/babel__generator/-/babel__generator-7.27.0.tgz. Extracting by manifest.
2612 silly tarball no local data for @babel/helper-plugin-utils@https://registry.npmjs.org/@babel/helper-plugin-utils/-/helper-plugin-utils-7.28.6.tgz. Extracting by manifest.
2613 silly tarball no local data for browserslist@https://registry.npmjs.org/browserslist/-/browserslist-4.28.1.tgz. Extracting by manifest.
2614 silly tarball no local data for lru-cache@https://registry.npmjs.org/lru-cache/-/lru-cache-5.1.1.tgz. Extracting by manifest.
2615 silly tarball no local data for @babel/helper-validator-option@https://registry.npmjs.org/@babel/helper-validator-option/-/helper-validator-option-7.27.1.tgz. Extracting by manifest.
2616 silly tarball no local data for @babel/compat-data@https://registry.npmjs.org/@babel/compat-data/-/compat-data-7.29.0.tgz. Extracting by manifest.
2617 silly tarball no local data for semver@https://registry.npmjs.org/semver/-/semver-6.3.1.tgz. Extracting by manifest.
2618 silly tarball no local data for gensync@https://registry.npmjs.org/gensync/-/gensync-1.0.0-beta.2.tgz. Extracting by manifest.
2619 silly tarball no local data for @babel/helpers@https://registry.npmjs.org/@babel/helpers/-/helpers-7.28.6.tgz. Extracting by manifest.
2620 silly tarball no local data for @babel/helper-module-transforms@https://registry.npmjs.org/@babel/helper-module-transforms/-/helper-module-transforms-7.28.6.tgz. Extracting by manifest.
2621 silly tarball no local data for @types/babel__core@https://registry.npmjs.org/@types/babel__core/-/babel__core-7.20.5.tgz. Extracting by manifest.
2622 silly tarball no local data for react-refresh@https://registry.npmjs.org/react-refresh/-/react-refresh-0.17.0.tgz. Extracting by manifest.
2623 silly tarball no local data for @babel/helper-compilation-targets@https://registry.npmjs.org/@babel/helper-compilation-targets/-/helper-compilation-targets-7.28.6.tgz. Extracting by manifest.
2624 silly tarball no local data for @rolldown/pluginutils@https://registry.npmjs.org/@rolldown/pluginutils/-/pluginutils-1.0.0-beta.27.tgz. Extracting by manifest.
2625 silly tarball no local data for @babel/plugin-transform-react-jsx-source@https://registry.npmjs.org/@babel/plugin-transform-react-jsx-source/-/plugin-transform-react-jsx-source-7.27.1.tgz. Extracting by manifest.
2626 silly tarball no local data for @babel/plugin-transform-react-jsx-self@https://registry.npmjs.org/@babel/plugin-transform-react-jsx-self/-/plugin-transform-react-jsx-self-7.27.1.tgz. Extracting by manifest.
2627 silly tarball no local data for undici-types@https://registry.npmjs.org/undici-types/-/undici-types-7.18.2.tgz. Extracting by manifest.
2628 silly tarball no local data for @types/node@https://registry.npmjs.org/@types/node/-/node-25.3.0.tgz. Extracting by manifest.
2629 silly tarball no local data for @babel/core@https://registry.npmjs.org/@babel/core/-/core-7.29.0.tgz. Extracting by manifest.
2630 silly tarball no local data for json5@https://registry.npmjs.org/json5/-/json5-2.2.3.tgz. Extracting by manifest.
2631 silly tarball no local data for detect-libc@https://registry.npmjs.org/detect-libc/-/detect-libc-2.1.2.tgz. Extracting by manifest.
2632 silly tarball no local data for tar@https://registry.npmjs.org/tar/-/tar-7.5.9.tgz. Extracting by manifest.
2633 silly tarball no local data for source-map-js@https://registry.npmjs.org/source-map-js/-/source-map-js-1.2.1.tgz. Extracting by manifest.
2634 silly tarball no local data for @tailwindcss/oxide-darwin-arm64@https://registry.npmjs.org/@tailwindcss/oxide-darwin-arm64/-/oxide-darwin-arm64-4.1.12.tgz. Extracting by manifest.
2635 silly tarball no local data for magic-string@https://registry.npmjs.org/magic-string/-/magic-string-0.30.21.tgz. Extracting by manifest.
2636 silly tarball no local data for lightningcss@https://registry.npmjs.org/lightningcss/-/lightningcss-1.30.1.tgz. Extracting by manifest.
2637 silly tarball no local data for jiti@https://registry.npmjs.org/jiti/-/jiti-2.6.1.tgz. Extracting by manifest.
2638 silly tarball no local data for enhanced-resolve@https://registry.npmjs.org/enhanced-resolve/-/enhanced-resolve-5.19.0.tgz. Extracting by manifest.
2639 silly tarball no local data for @tailwindcss/oxide@https://registry.npmjs.org/@tailwindcss/oxide/-/oxide-4.1.12.tgz. Extracting by manifest.
2640 silly tarball no local data for @jridgewell/remapping@https://registry.npmjs.org/@jridgewell/remapping/-/remapping-2.3.5.tgz. Extracting by manifest.
2641 silly tarball no local data for iceberg-js@https://registry.npmjs.org/iceberg-js/-/iceberg-js-0.8.1.tgz. Extracting by manifest.
2642 silly tarball no local data for @tailwindcss/node@https://registry.npmjs.org/@tailwindcss/node/-/node-4.1.12.tgz. Extracting by manifest.
2643 silly tarball no local data for @types/ws@https://registry.npmjs.org/@types/ws/-/ws-8.18.1.tgz. Extracting by manifest.
2644 silly tarball no local data for ws@https://registry.npmjs.org/ws/-/ws-8.19.0.tgz. Extracting by manifest.
2645 silly tarball no local data for @types/phoenix@https://registry.npmjs.org/@types/phoenix/-/phoenix-1.6.7.tgz. Extracting by manifest.
2646 silly tarball no local data for tslib@https://registry.npmjs.org/tslib/-/tslib-2.8.1.tgz. Extracting by manifest.
2647 silly tarball no local data for @supabase/storage-js@https://registry.npmjs.org/@supabase/storage-js/-/storage-js-2.97.0.tgz. Extracting by manifest.
2648 silly tarball no local data for @supabase/realtime-js@https://registry.npmjs.org/@supabase/realtime-js/-/realtime-js-2.97.0.tgz. Extracting by manifest.
2649 silly tarball no local data for @supabase/functions-js@https://registry.npmjs.org/@supabase/functions-js/-/functions-js-2.97.0.tgz. Extracting by manifest.
2650 silly tarball no local data for @radix-ui/number@https://registry.npmjs.org/@radix-ui/number/-/number-1.1.0.tgz. Extracting by manifest.
2651 silly tarball no local data for @supabase/auth-js@https://registry.npmjs.org/@supabase/auth-js/-/auth-js-2.97.0.tgz. Extracting by manifest.
2652 silly tarball no local data for @supabase/postgrest-js@https://registry.npmjs.org/@supabase/postgrest-js/-/postgrest-js-2.97.0.tgz. Extracting by manifest.
2653 silly tarball no local data for @floating-ui/dom@https://registry.npmjs.org/@floating-ui/dom/-/dom-1.7.5.tgz. Extracting by manifest.
2654 silly tarball no local data for @floating-ui/core@https://registry.npmjs.org/@floating-ui/core/-/core-1.7.4.tgz. Extracting by manifest.
2655 silly tarball no local data for @radix-ui/rect@https://registry.npmjs.org/@radix-ui/rect/-/rect-1.1.0.tgz. Extracting by manifest.
2656 silly tarball no local data for @radix-ui/react-use-rect@https://registry.npmjs.org/@radix-ui/react-use-rect/-/react-use-rect-1.1.0.tgz. Extracting by manifest.
2657 silly tarball no local data for @radix-ui/react-arrow@https://registry.npmjs.org/@radix-ui/react-arrow/-/react-arrow-1.1.2.tgz. Extracting by manifest.
2658 silly tarball no local data for @floating-ui/react-dom@https://registry.npmjs.org/@floating-ui/react-dom/-/react-dom-2.1.7.tgz. Extracting by manifest.
2659 silly tarball no local data for @radix-ui/react-roving-focus@https://registry.npmjs.org/@radix-ui/react-roving-focus/-/react-roving-focus-1.1.2.tgz. Extracting by manifest.
2660 silly tarball no local data for @floating-ui/utils@https://registry.npmjs.org/@floating-ui/utils/-/utils-0.2.10.tgz. Extracting by manifest.
2661 silly tarball no local data for @radix-ui/react-visually-hidden@https://registry.npmjs.org/@radix-ui/react-visually-hidden/-/react-visually-hidden-1.1.2.tgz. Extracting by manifest.
2662 silly tarball no local data for react-remove-scroll@https://registry.npmjs.org/react-remove-scroll/-/react-remove-scroll-2.7.2.tgz. Extracting by manifest.
2663 silly tarball no local data for aria-hidden@https://registry.npmjs.org/aria-hidden/-/aria-hidden-1.2.6.tgz. Extracting by manifest.
2664 silly tarball no local data for @radix-ui/react-portal@https://registry.npmjs.org/@radix-ui/react-portal/-/react-portal-1.1.4.tgz. Extracting by manifest.
2665 silly tarball no local data for @radix-ui/react-focus-scope@https://registry.npmjs.org/@radix-ui/react-focus-scope/-/react-focus-scope-1.1.2.tgz. Extracting by manifest.
2666 silly tarball no local data for @radix-ui/react-use-escape-keydown@https://registry.npmjs.org/@radix-ui/react-use-escape-keydown/-/react-use-escape-keydown-1.1.0.tgz. Extracting by manifest.
2667 silly tarball no local data for @radix-ui/react-focus-guards@https://registry.npmjs.org/@radix-ui/react-focus-guards/-/react-focus-guards-1.1.1.tgz. Extracting by manifest.
2668 silly tarball no local data for @radix-ui/react-menu@https://registry.npmjs.org/@radix-ui/react-menu/-/react-menu-2.1.6.tgz. Extracting by manifest.
2669 silly tarball no local data for @radix-ui/react-use-size@https://registry.npmjs.org/@radix-ui/react-use-size/-/react-use-size-1.1.0.tgz. Extracting by manifest.
2670 silly tarball no local data for @radix-ui/react-dismissable-layer@https://registry.npmjs.org/@radix-ui/react-dismissable-layer/-/react-dismissable-layer-1.1.5.tgz. Extracting by manifest.
2671 silly tarball no local data for @radix-ui/react-use-previous@https://registry.npmjs.org/@radix-ui/react-use-previous/-/react-use-previous-1.1.0.tgz. Extracting by manifest.
2672 silly tarball no local data for @radix-ui/react-presence@https://registry.npmjs.org/@radix-ui/react-presence/-/react-presence-1.1.2.tgz. Extracting by manifest.
2673 silly tarball no local data for @radix-ui/react-use-layout-effect@https://registry.npmjs.org/@radix-ui/react-use-layout-effect/-/react-use-layout-effect-1.1.0.tgz. Extracting by manifest.
2674 silly tarball no local data for @radix-ui/react-use-controllable-state@https://registry.npmjs.org/@radix-ui/react-use-controllable-state/-/react-use-controllable-state-1.1.0.tgz. Extracting by manifest.
2675 silly tarball no local data for @radix-ui/react-use-callback-ref@https://registry.npmjs.org/@radix-ui/react-use-callback-ref/-/react-use-callback-ref-1.1.0.tgz. Extracting by manifest.
2676 silly tarball no local data for @radix-ui/react-primitive@https://registry.npmjs.org/@radix-ui/react-primitive/-/react-primitive-2.0.2.tgz. Extracting by manifest.
2677 silly tarball no local data for @radix-ui/react-popper@https://registry.npmjs.org/@radix-ui/react-popper/-/react-popper-1.2.2.tgz. Extracting by manifest.
2678 silly tarball no local data for @radix-ui/react-id@https://registry.npmjs.org/@radix-ui/react-id/-/react-id-1.1.0.tgz. Extracting by manifest.
2679 silly tarball no local data for @radix-ui/react-direction@https://registry.npmjs.org/@radix-ui/react-direction/-/react-direction-1.1.0.tgz. Extracting by manifest.
2680 silly tarball no local data for @radix-ui/react-context@https://registry.npmjs.org/@radix-ui/react-context/-/react-context-1.1.1.tgz. Extracting by manifest.
2681 silly tarball no local data for @radix-ui/react-collection@https://registry.npmjs.org/@radix-ui/react-collection/-/react-collection-1.1.2.tgz. Extracting by manifest.
2682 silly tarball no local data for @radix-ui/primitive@https://registry.npmjs.org/@radix-ui/primitive/-/primitive-1.1.1.tgz. Extracting by manifest.
2683 silly tarball no local data for @types/prop-types@https://registry.npmjs.org/@types/prop-types/-/prop-types-15.7.15.tgz. Extracting by manifest.
2684 silly tarball no local data for @mui/styled-engine@https://registry.npmjs.org/@mui/styled-engine/-/styled-engine-7.3.8.tgz. Extracting by manifest.
2685 silly tarball no local data for @radix-ui/react-compose-refs@https://registry.npmjs.org/@radix-ui/react-compose-refs/-/react-compose-refs-1.1.1.tgz. Extracting by manifest.
2686 silly tarball no local data for @mui/private-theming@https://registry.npmjs.org/@mui/private-theming/-/private-theming-7.3.8.tgz. Extracting by manifest.
2687 silly tarball no local data for react-transition-group@https://registry.npmjs.org/react-transition-group/-/react-transition-group-4.4.5.tgz. Extracting by manifest.
2688 silly tarball no local data for react-is@https://registry.npmjs.org/react-is/-/react-is-19.2.4.tgz. Extracting by manifest.
2689 silly tarball no local data for prop-types@https://registry.npmjs.org/prop-types/-/prop-types-15.8.1.tgz. Extracting by manifest.
2690 silly tarball no local data for @types/react@https://registry.npmjs.org/@types/react/-/react-19.2.14.tgz. Extracting by manifest.
2691 silly tarball no local data for @mui/types@https://registry.npmjs.org/@mui/types/-/types-7.4.11.tgz. Extracting by manifest.
2692 silly tarball no local data for @types/react-transition-group@https://registry.npmjs.org/@types/react-transition-group/-/react-transition-group-4.4.12.tgz. Extracting by manifest.
2693 silly tarball no local data for @mui/utils@https://registry.npmjs.org/@mui/utils/-/utils-7.3.8.tgz. Extracting by manifest.
2694 silly tarball no local data for @jridgewell/sourcemap-codec@https://registry.npmjs.org/@jridgewell/sourcemap-codec/-/sourcemap-codec-1.5.5.tgz. Extracting by manifest.
2695 silly tarball no local data for @mui/system@https://registry.npmjs.org/@mui/system/-/system-7.3.8.tgz. Extracting by manifest.
2696 silly tarball no local data for @emotion/is-prop-valid@https://registry.npmjs.org/@emotion/is-prop-valid/-/is-prop-valid-1.4.0.tgz. Extracting by manifest.
2697 silly tarball no local data for csstype@https://registry.npmjs.org/csstype/-/csstype-3.2.3.tgz. Extracting by manifest.
2698 silly tarball no local data for @jridgewell/resolve-uri@https://registry.npmjs.org/@jridgewell/resolve-uri/-/resolve-uri-3.1.2.tgz. Extracting by manifest.
2699 silly tarball no local data for @emotion/sheet@https://registry.npmjs.org/@emotion/sheet/-/sheet-1.4.0.tgz. Extracting by manifest.
2700 silly tarball no local data for @babel/helper-string-parser@https://registry.npmjs.org/@babel/helper-string-parser/-/helper-string-parser-7.27.1.tgz. Extracting by manifest.
2701 silly tarball no local data for @jridgewell/trace-mapping@https://registry.npmjs.org/@jridgewell/trace-mapping/-/trace-mapping-0.3.31.tgz. Extracting by manifest.
2702 silly tarball no local data for @jridgewell/gen-mapping@https://registry.npmjs.org/@jridgewell/gen-mapping/-/gen-mapping-0.3.13.tgz. Extracting by manifest.
2703 silly tarball no local data for jsesc@https://registry.npmjs.org/jsesc/-/jsesc-3.1.0.tgz. Extracting by manifest.
2704 silly tarball no local data for picocolors@https://registry.npmjs.org/picocolors/-/picocolors-1.1.1.tgz. Extracting by manifest.
2705 silly tarball no local data for @babel/helper-validator-identifier@https://registry.npmjs.org/@babel/helper-validator-identifier/-/helper-validator-identifier-7.28.5.tgz. Extracting by manifest.
2706 silly tarball no local data for debug@https://registry.npmjs.org/debug/-/debug-4.4.3.tgz. Extracting by manifest.
2707 silly tarball no local data for @babel/template@https://registry.npmjs.org/@babel/template/-/template-7.28.6.tgz. Extracting by manifest.
2708 silly tarball no local data for js-tokens@https://registry.npmjs.org/js-tokens/-/js-tokens-4.0.0.tgz. Extracting by manifest.
2709 silly tarball no local data for @babel/parser@https://registry.npmjs.org/@babel/parser/-/parser-7.29.0.tgz. Extracting by manifest.
2710 silly tarball no local data for @babel/helper-globals@https://registry.npmjs.org/@babel/helper-globals/-/helper-globals-7.28.0.tgz. Extracting by manifest.
2711 silly tarball no local data for @babel/code-frame@https://registry.npmjs.org/@babel/code-frame/-/code-frame-7.29.0.tgz. Extracting by manifest.
2712 silly tarball no local data for @babel/generator@https://registry.npmjs.org/@babel/generator/-/generator-7.29.1.tgz. Extracting by manifest.
2713 silly tarball no local data for @mui/core-downloads-tracker@https://registry.npmjs.org/@mui/core-downloads-tracker/-/core-downloads-tracker-7.3.8.tgz. Extracting by manifest.
2714 silly tarball no local data for @babel/types@https://registry.npmjs.org/@babel/types/-/types-7.29.0.tgz. Extracting by manifest.
2715 silly tarball no local data for @babel/traverse@https://registry.npmjs.org/@babel/traverse/-/traverse-7.29.0.tgz. Extracting by manifest.
2716 silly tarball no local data for stylis@https://registry.npmjs.org/stylis/-/stylis-4.2.0.tgz. Extracting by manifest.
2717 silly tarball no local data for @emotion/unitless@https://registry.npmjs.org/@emotion/unitless/-/unitless-0.10.0.tgz. Extracting by manifest.
2718 silly tarball no local data for find-root@https://registry.npmjs.org/find-root/-/find-root-1.1.0.tgz. Extracting by manifest.
2719 silly tarball no local data for source-map@https://registry.npmjs.org/source-map/-/source-map-0.5.7.tgz. Extracting by manifest.
2720 silly tarball no local data for escape-string-regexp@https://registry.npmjs.org/escape-string-regexp/-/escape-string-regexp-4.0.0.tgz. Extracting by manifest.
2721 silly tarball no local data for @emotion/hash@https://registry.npmjs.org/@emotion/hash/-/hash-0.9.2.tgz. Extracting by manifest.
2722 silly tarball no local data for convert-source-map@https://registry.npmjs.org/convert-source-map/-/convert-source-map-1.9.0.tgz. Extracting by manifest.
2723 silly tarball no local data for babel-plugin-macros@https://registry.npmjs.org/babel-plugin-macros/-/babel-plugin-macros-3.1.0.tgz. Extracting by manifest.
2724 silly tarball no local data for hoist-non-react-statics@https://registry.npmjs.org/hoist-non-react-statics/-/hoist-non-react-statics-3.3.2.tgz. Extracting by manifest.
2725 silly tarball no local data for @babel/helper-module-imports@https://registry.npmjs.org/@babel/helper-module-imports/-/helper-module-imports-7.28.6.tgz. Extracting by manifest.
2726 silly tarball no local data for @emotion/utils@https://registry.npmjs.org/@emotion/utils/-/utils-1.4.2.tgz. Extracting by manifest.
2727 silly tarball no local data for @emotion/weak-memoize@https://registry.npmjs.org/@emotion/weak-memoize/-/weak-memoize-0.4.0.tgz. Extracting by manifest.
2728 silly tarball no local data for @emotion/serialize@https://registry.npmjs.org/@emotion/serialize/-/serialize-1.3.3.tgz. Extracting by manifest.
2729 silly tarball no local data for @emotion/cache@https://registry.npmjs.org/@emotion/cache/-/cache-11.14.0.tgz. Extracting by manifest.
2730 silly tarball no local data for @emotion/memoize@https://registry.npmjs.org/@emotion/memoize/-/memoize-0.9.0.tgz. Extracting by manifest.
2731 silly tarball no local data for @emotion/babel-plugin@https://registry.npmjs.org/@emotion/babel-plugin/-/babel-plugin-11.13.5.tgz. Extracting by manifest.
2732 silly tarball no local data for @emotion/use-insertion-effect-with-fallbacks@https://registry.npmjs.org/@emotion/use-insertion-effect-with-fallbacks/-/use-insertion-effect-with-fallbacks-1.2.0.tgz. Extracting by manifest.
2733 silly tarball no local data for tw-animate-css@https://registry.npmjs.org/tw-animate-css/-/tw-animate-css-1.3.8.tgz. Extracting by manifest.
2734 silly tarball no local data for tailwind-merge@https://registry.npmjs.org/tailwind-merge/-/tailwind-merge-3.2.0.tgz. Extracting by manifest.
2735 silly tarball no local data for tailwindcss@https://registry.npmjs.org/tailwindcss/-/tailwindcss-4.1.12.tgz. Extracting by manifest.
2736 silly tarball no local data for sonner@https://registry.npmjs.org/sonner/-/sonner-2.0.3.tgz. Extracting by manifest.
2737 silly tarball no local data for recharts@https://registry.npmjs.org/recharts/-/recharts-2.15.2.tgz. Extracting by manifest.
2738 silly tarball no local data for react-slick@https://registry.npmjs.org/react-slick/-/react-slick-0.31.0.tgz. Extracting by manifest.
2739 silly tarball no local data for vaul@https://registry.npmjs.org/vaul/-/vaul-1.1.2.tgz. Extracting by manifest.
2740 silly tarball no local data for react-resizable-panels@https://registry.npmjs.org/react-resizable-panels/-/react-resizable-panels-2.1.7.tgz. Extracting by manifest.
2741 silly tarball no local data for @babel/runtime@https://registry.npmjs.org/@babel/runtime/-/runtime-7.28.6.tgz. Extracting by manifest.
2742 silly tarball no local data for react-responsive-masonry@https://registry.npmjs.org/react-responsive-masonry/-/react-responsive-masonry-2.7.1.tgz. Extracting by manifest.
2743 silly tarball no local data for react-popper@https://registry.npmjs.org/react-popper/-/react-popper-2.3.0.tgz. Extracting by manifest.
2744 silly tarball no local data for react-router-dom@https://registry.npmjs.org/react-router-dom/-/react-router-dom-7.13.0.tgz. Extracting by manifest.
2745 silly tarball no local data for react-hook-form@https://registry.npmjs.org/react-hook-form/-/react-hook-form-7.55.0.tgz. Extracting by manifest.
2746 silly tarball no local data for react-dnd@https://registry.npmjs.org/react-dnd/-/react-dnd-16.0.1.tgz. Extracting by manifest.
2747 silly tarball no local data for react-day-picker@https://registry.npmjs.org/react-day-picker/-/react-day-picker-8.10.1.tgz. Extracting by manifest.
2748 silly tarball no local data for next-themes@https://registry.npmjs.org/next-themes/-/next-themes-0.4.6.tgz. Extracting by manifest.
2749 silly tarball no local data for lucide-react@https://registry.npmjs.org/lucide-react/-/lucide-react-0.487.0.tgz. Extracting by manifest.
2750 silly tarball no local data for react-dnd-html5-backend@https://registry.npmjs.org/react-dnd-html5-backend/-/react-dnd-html5-backend-16.0.1.tgz. Extracting by manifest.
2751 silly tarball no local data for motion@https://registry.npmjs.org/motion/-/motion-12.23.24.tgz. Extracting by manifest.
2752 silly tarball no local data for input-otp@https://registry.npmjs.org/input-otp/-/input-otp-1.4.2.tgz. Extracting by manifest.
2753 silly tarball no local data for embla-carousel-react@https://registry.npmjs.org/embla-carousel-react/-/embla-carousel-react-8.6.0.tgz. Extracting by manifest.
2754 silly tarball no local data for clsx@https://registry.npmjs.org/clsx/-/clsx-2.1.1.tgz. Extracting by manifest.
2755 silly tarball no local data for cmdk@https://registry.npmjs.org/cmdk/-/cmdk-1.1.1.tgz. Extracting by manifest.
2756 silly tarball no local data for date-fns@https://registry.npmjs.org/date-fns/-/date-fns-3.6.0.tgz. Extracting by manifest.
2757 silly tarball no local data for @vitejs/plugin-react@https://registry.npmjs.org/@vitejs/plugin-react/-/plugin-react-4.7.0.tgz. Extracting by manifest.
2758 silly tarball no local data for class-variance-authority@https://registry.npmjs.org/class-variance-authority/-/class-variance-authority-0.7.1.tgz. Extracting by manifest.
2759 silly tarball no local data for vite@https://registry.npmjs.org/vite/-/vite-6.3.5.tgz. Extracting by manifest.
2760 silly tarball no local data for @supabase/supabase-js@https://registry.npmjs.org/@supabase/supabase-js/-/supabase-js-2.97.0.tgz. Extracting by manifest.
2761 silly tarball no local data for @radix-ui/react-tooltip@https://registry.npmjs.org/@radix-ui/react-tooltip/-/react-tooltip-1.1.8.tgz. Extracting by manifest.
2762 silly tarball no local data for @radix-ui/react-toggle@https://registry.npmjs.org/@radix-ui/react-toggle/-/react-toggle-1.1.2.tgz. Extracting by manifest.
2763 silly tarball no local data for @tailwindcss/vite@https://registry.npmjs.org/@tailwindcss/vite/-/vite-4.1.12.tgz. Extracting by manifest.
2764 silly tarball no local data for @radix-ui/react-tabs@https://registry.npmjs.org/@radix-ui/react-tabs/-/react-tabs-1.1.3.tgz. Extracting by manifest.
2765 silly tarball no local data for @radix-ui/react-switch@https://registry.npmjs.org/@radix-ui/react-switch/-/react-switch-1.1.3.tgz. Extracting by manifest.
2766 silly tarball no local data for @radix-ui/react-slot@https://registry.npmjs.org/@radix-ui/react-slot/-/react-slot-1.1.2.tgz. Extracting by manifest.
2767 silly tarball no local data for @radix-ui/react-separator@https://registry.npmjs.org/@radix-ui/react-separator/-/react-separator-1.1.2.tgz. Extracting by manifest.
2768 silly tarball no local data for @radix-ui/react-toggle-group@https://registry.npmjs.org/@radix-ui/react-toggle-group/-/react-toggle-group-1.1.2.tgz. Extracting by manifest.
2769 silly tarball no local data for @radix-ui/react-slider@https://registry.npmjs.org/@radix-ui/react-slider/-/react-slider-1.2.3.tgz. Extracting by manifest.
2770 silly tarball no local data for @radix-ui/react-select@https://registry.npmjs.org/@radix-ui/react-select/-/react-select-2.1.6.tgz. Extracting by manifest.
2771 silly tarball no local data for @radix-ui/react-scroll-area@https://registry.npmjs.org/@radix-ui/react-scroll-area/-/react-scroll-area-1.2.3.tgz. Extracting by manifest.
2772 silly tarball no local data for @radix-ui/react-progress@https://registry.npmjs.org/@radix-ui/react-progress/-/react-progress-1.1.2.tgz. Extracting by manifest.
2773 silly tarball no local data for @radix-ui/react-navigation-menu@https://registry.npmjs.org/@radix-ui/react-navigation-menu/-/react-navigation-menu-1.2.5.tgz. Extracting by manifest.
2774 silly tarball no local data for @radix-ui/react-menubar@https://registry.npmjs.org/@radix-ui/react-menubar/-/react-menubar-1.1.6.tgz. Extracting by manifest.
2775 silly tarball no local data for @radix-ui/react-radio-group@https://registry.npmjs.org/@radix-ui/react-radio-group/-/react-radio-group-1.2.3.tgz. Extracting by manifest.
2776 silly tarball no local data for @radix-ui/react-hover-card@https://registry.npmjs.org/@radix-ui/react-hover-card/-/react-hover-card-1.1.6.tgz. Extracting by manifest.
2777 silly tarball no local data for @radix-ui/react-label@https://registry.npmjs.org/@radix-ui/react-label/-/react-label-2.1.2.tgz. Extracting by manifest.
2778 silly tarball no local data for @radix-ui/react-dialog@https://registry.npmjs.org/@radix-ui/react-dialog/-/react-dialog-1.1.6.tgz. Extracting by manifest.
2779 silly tarball no local data for @radix-ui/react-popover@https://registry.npmjs.org/@radix-ui/react-popover/-/react-popover-1.1.6.tgz. Extracting by manifest.
2780 silly tarball no local data for @radix-ui/react-context-menu@https://registry.npmjs.org/@radix-ui/react-context-menu/-/react-context-menu-2.2.6.tgz. Extracting by manifest.
2781 silly tarball no local data for @radix-ui/react-checkbox@https://registry.npmjs.org/@radix-ui/react-checkbox/-/react-checkbox-1.1.4.tgz. Extracting by manifest.
2782 silly tarball no local data for @radix-ui/react-avatar@https://registry.npmjs.org/@radix-ui/react-avatar/-/react-avatar-1.1.3.tgz. Extracting by manifest.
2783 silly tarball no local data for @radix-ui/react-dropdown-menu@https://registry.npmjs.org/@radix-ui/react-dropdown-menu/-/react-dropdown-menu-2.1.6.tgz. Extracting by manifest.
2784 silly tarball no local data for @radix-ui/react-aspect-ratio@https://registry.npmjs.org/@radix-ui/react-aspect-ratio/-/react-aspect-ratio-1.1.2.tgz. Extracting by manifest.
2785 silly tarball no local data for @radix-ui/react-alert-dialog@https://registry.npmjs.org/@radix-ui/react-alert-dialog/-/react-alert-dialog-1.1.6.tgz. Extracting by manifest.
2786 silly tarball no local data for @radix-ui/react-accordion@https://registry.npmjs.org/@radix-ui/react-accordion/-/react-accordion-1.2.3.tgz. Extracting by manifest.
2787 silly tarball no local data for react-dom@https://registry.npmjs.org/react-dom/-/react-dom-18.3.1.tgz. Extracting by manifest.
2788 silly tarball no local data for @mui/icons-material@https://registry.npmjs.org/@mui/icons-material/-/icons-material-7.3.5.tgz. Extracting by manifest.
2789 silly tarball no local data for @popperjs/core@https://registry.npmjs.org/@popperjs/core/-/core-2.11.8.tgz. Extracting by manifest.
2790 silly tarball no local data for @emotion/styled@https://registry.npmjs.org/@emotion/styled/-/styled-11.14.1.tgz. Extracting by manifest.
2791 silly tarball no local data for @radix-ui/react-collapsible@https://registry.npmjs.org/@radix-ui/react-collapsible/-/react-collapsible-1.1.3.tgz. Extracting by manifest.
2792 silly tarball no local data for react@https://registry.npmjs.org/react/-/react-18.3.1.tgz. Extracting by manifest.
2793 silly tarball no local data for @emotion/react@https://registry.npmjs.org/@emotion/react/-/react-11.14.0.tgz. Extracting by manifest.
2794 silly tarball no local data for convert-source-map@https://registry.npmjs.org/convert-source-map/-/convert-source-map-2.0.0.tgz. Extracting by manifest.
2795 silly tarball no local data for yaml@https://registry.npmjs.org/yaml/-/yaml-1.10.2.tgz. Extracting by manifest.
2796 silly tarball no local data for yallist@https://registry.npmjs.org/yallist/-/yallist-5.0.0.tgz. Extracting by manifest.
2797 silly tarball no local data for react-is@https://registry.npmjs.org/react-is/-/react-is-16.13.1.tgz. Extracting by manifest.
2798 silly tarball no local data for @mui/material@https://registry.npmjs.org/@mui/material/-/material-7.3.5.tgz. Extracting by manifest.
2799 silly tarball no local data for react-is@https://registry.npmjs.org/react-is/-/react-is-16.13.1.tgz. Extracting by manifest.
2800 silly tarball no local data for react-is@https://registry.npmjs.org/react-is/-/react-is-18.3.1.tgz. Extracting by manifest.
2801 http fetch GET 200 https://registry.npmjs.org/nanoid/-/nanoid-3.3.11.tgz 157ms (cache miss)
2802 http fetch GET 200 https://registry.npmjs.org/tinyglobby/-/tinyglobby-0.2.15.tgz 157ms (cache miss)
2803 http fetch GET 200 https://registry.npmjs.org/picomatch/-/picomatch-4.0.3.tgz 157ms (cache miss)
2804 http fetch GET 200 https://registry.npmjs.org/postcss/-/postcss-8.5.6.tgz 174ms (cache miss)
2805 http fetch GET 200 https://registry.npmjs.org/d3-timer/-/d3-timer-3.0.1.tgz 191ms (cache miss)
2806 http fetch GET 200 https://registry.npmjs.org/d3-format/-/d3-format-3.1.2.tgz 193ms (cache miss)
2807 http fetch GET 200 https://registry.npmjs.org/internmap/-/internmap-2.0.3.tgz 196ms (cache miss)
2808 http fetch GET 200 https://registry.npmjs.org/d3-time/-/d3-time-3.1.0.tgz 270ms (cache miss)
2809 http fetch GET 200 https://registry.npmjs.org/d3-scale/-/d3-scale-4.0.2.tgz 277ms (cache miss)
2810 http fetch GET 200 https://registry.npmjs.org/d3-shape/-/d3-shape-3.2.0.tgz 291ms (cache miss)
2811 http fetch GET 200 https://registry.npmjs.org/yaml/-/yaml-2.8.2.tgz 310ms (cache miss)
2812 http fetch GET 200 https://registry.npmjs.org/d3-interpolate/-/d3-interpolate-3.0.1.tgz 330ms (cache miss)
2813 http fetch GET 200 https://registry.npmjs.org/d3-path/-/d3-path-3.1.0.tgz 418ms (cache miss)
2814 http fetch GET 200 https://registry.npmjs.org/d3-color/-/d3-color-3.1.0.tgz 422ms (cache miss)
2815 http fetch GET 200 https://registry.npmjs.org/fdir/-/fdir-6.5.0.tgz 466ms (cache miss)
2816 http fetch GET 200 https://registry.npmjs.org/esbuild/-/esbuild-0.25.12.tgz 472ms (cache miss)
2817 http fetch GET 200 https://registry.npmjs.org/d3-time-format/-/d3-time-format-4.1.0.tgz 497ms (cache miss)
2818 http fetch GET 200 https://registry.npmjs.org/fsevents/-/fsevents-2.3.3.tgz 498ms (cache miss)
2819 http fetch GET 200 https://registry.npmjs.org/d3-array/-/d3-array-3.2.4.tgz 509ms (cache miss)
2820 http fetch GET 200 https://registry.npmjs.org/@types/d3-interpolate/-/d3-interpolate-3.0.4.tgz 517ms (cache miss)
2821 http fetch GET 200 https://registry.npmjs.org/detect-node-es/-/detect-node-es-1.1.0.tgz 544ms (cache miss)
2822 http fetch GET 200 https://registry.npmjs.org/minizlib/-/minizlib-3.1.0.tgz 576ms (cache miss)
2823 http fetch GET 200 https://registry.npmjs.org/@types/d3-color/-/d3-color-3.1.3.tgz 583ms (cache miss)
2824 http fetch GET 200 https://registry.npmjs.org/d3-ease/-/d3-ease-3.0.1.tgz 611ms (cache miss)
2825 http fetch GET 200 https://registry.npmjs.org/escalade/-/escalade-3.2.0.tgz 615ms (cache miss)
2826 http fetch GET 200 https://registry.npmjs.org/rollup/-/rollup-4.58.0.tgz 631ms (cache miss)
2827 http fetch GET 200 https://registry.npmjs.org/minipass/-/minipass-7.1.3.tgz 634ms (cache miss)
2828 http fetch GET 200 https://registry.npmjs.org/function-bind/-/function-bind-1.1.2.tgz 663ms (cache miss)
2829 http fetch GET 200 https://registry.npmjs.org/hasown/-/hasown-2.0.2.tgz 664ms (cache miss)
2830 http fetch GET 200 https://registry.npmjs.org/chownr/-/chownr-3.0.0.tgz 665ms (cache miss)
2831 http fetch GET 200 https://registry.npmjs.org/path-parse/-/path-parse-1.0.7.tgz 672ms (cache miss)
2832 http fetch GET 200 https://registry.npmjs.org/is-core-module/-/is-core-module-2.16.1.tgz 686ms (cache miss)
2833 http fetch GET 200 https://registry.npmjs.org/@types/d3-path/-/d3-path-3.1.1.tgz 699ms (cache miss)
2834 http fetch GET 200 https://registry.npmjs.org/@types/d3-time/-/d3-time-3.0.4.tgz 699ms (cache miss)
2835 http fetch GET 200 https://registry.npmjs.org/supports-preserve-symlinks-flag/-/supports-preserve-symlinks-flag-1.0.0.tgz 747ms (cache miss)
2836 http fetch GET 200 https://registry.npmjs.org/tiny-invariant/-/tiny-invariant-1.3.3.tgz 749ms (cache miss)
2837 http fetch GET 200 https://registry.npmjs.org/fast-equals/-/fast-equals-5.4.0.tgz 753ms (cache miss)
2838 http fetch GET 200 https://registry.npmjs.org/@isaacs/fs-minipass/-/fs-minipass-4.0.1.tgz 783ms (cache miss)
2839 http fetch GET 200 https://registry.npmjs.org/eventemitter3/-/eventemitter3-4.0.7.tgz 805ms (cache miss)
2840 http fetch GET 200 https://registry.npmjs.org/@types/d3-shape/-/d3-shape-3.1.8.tgz 820ms (cache miss)
2841 http fetch GET 200 https://registry.npmjs.org/string-convert/-/string-convert-0.2.1.tgz 843ms (cache miss)
2842 http fetch GET 200 https://registry.npmjs.org/react-smooth/-/react-smooth-4.0.4.tgz 845ms (cache miss)
2843 http fetch GET 200 https://registry.npmjs.org/decimal.js-light/-/decimal.js-light-2.5.1.tgz 847ms (cache miss)
2844 http fetch GET 200 https://registry.npmjs.org/@types/d3-timer/-/d3-timer-3.0.2.tgz 871ms (cache miss)
2845 http fetch GET 200 https://registry.npmjs.org/get-nonce/-/get-nonce-1.0.1.tgz 868ms (cache miss)
2846 http fetch GET 200 https://registry.npmjs.org/recharts-scale/-/recharts-scale-0.4.5.tgz 874ms (cache miss)
2847 http fetch GET 200 https://registry.npmjs.org/lodash.debounce/-/lodash.debounce-4.0.8.tgz 901ms (cache miss)
2848 http fetch GET 200 https://registry.npmjs.org/set-cookie-parser/-/set-cookie-parser-2.7.2.tgz 901ms (cache miss)
2849 http fetch GET 200 https://registry.npmjs.org/classnames/-/classnames-2.5.1.tgz 902ms (cache miss)
2850 http fetch GET 200 https://registry.npmjs.org/@types/d3-ease/-/d3-ease-3.0.2.tgz 939ms (cache miss)
2851 http fetch GET 200 https://registry.npmjs.org/resize-observer-polyfill/-/resize-observer-polyfill-1.5.1.tgz 990ms (cache miss)
2852 http fetch GET 200 https://registry.npmjs.org/@types/d3-array/-/d3-array-3.2.2.tgz 995ms (cache miss)
2853 http fetch GET 200 https://registry.npmjs.org/cookie/-/cookie-1.1.1.tgz 989ms (cache miss)
2854 http fetch GET 200 https://registry.npmjs.org/react-remove-scroll-bar/-/react-remove-scroll-bar-2.3.8.tgz 991ms (cache miss)
2855 http fetch GET 200 https://registry.npmjs.org/react-fast-compare/-/react-fast-compare-3.2.2.tgz 990ms (cache miss)
2856 http fetch GET 200 https://registry.npmjs.org/warning/-/warning-4.0.3.tgz 992ms (cache miss)
2857 http fetch GET 200 https://registry.npmjs.org/json2mq/-/json2mq-0.2.0.tgz 994ms (cache miss)
2858 http fetch GET 200 https://registry.npmjs.org/use-sidecar/-/use-sidecar-1.1.3.tgz 1057ms (cache miss)
2859 http fetch GET 200 https://registry.npmjs.org/use-callback-ref/-/use-callback-ref-1.3.3.tgz 1061ms (cache miss)
2860 http fetch GET 200 https://registry.npmjs.org/victory-vendor/-/victory-vendor-36.9.2.tgz 1073ms (cache miss)
2861 http fetch GET 200 https://registry.npmjs.org/dom-helpers/-/dom-helpers-5.2.1.tgz 1073ms (cache miss)
2862 http fetch GET 200 https://registry.npmjs.org/fast-deep-equal/-/fast-deep-equal-3.1.3.tgz 1089ms (cache miss)
2863 http fetch GET 200 https://registry.npmjs.org/object-assign/-/object-assign-4.1.1.tgz 1090ms (cache miss)
2864 http fetch GET 200 https://registry.npmjs.org/is-arrayish/-/is-arrayish-0.2.1.tgz 1091ms (cache miss)
2865 http fetch GET 200 https://registry.npmjs.org/scheduler/-/scheduler-0.23.2.tgz 1102ms (cache miss)
2866 http fetch GET 200 https://registry.npmjs.org/react-style-singleton/-/react-style-singleton-2.2.3.tgz 1117ms (cache miss)
2867 http fetch GET 200 https://registry.npmjs.org/redux/-/redux-4.2.1.tgz 1159ms (cache miss)
2868 http fetch GET 200 https://registry.npmjs.org/callsites/-/callsites-3.1.0.tgz 1166ms (cache miss)
2869 http fetch GET 200 https://registry.npmjs.org/json-parse-even-better-errors/-/json-parse-even-better-errors-2.3.1.tgz 1167ms (cache miss)
2870 http fetch GET 200 https://registry.npmjs.org/lines-and-columns/-/lines-and-columns-1.2.4.tgz 1167ms (cache miss)
2871 http fetch GET 200 https://registry.npmjs.org/@types/estree/-/estree-1.0.8.tgz 1242ms (cache miss)
2872 http fetch GET 200 https://registry.npmjs.org/dnd-core/-/dnd-core-16.0.1.tgz 1240ms (cache miss)
2873 http fetch GET 200 https://registry.npmjs.org/motion-utils/-/motion-utils-12.29.2.tgz 1268ms (cache miss)
2874 http fetch GET 200 https://registry.npmjs.org/@rollup/rollup-darwin-arm64/-/rollup-darwin-arm64-4.58.0.tgz 1289ms (cache miss)
2875 http fetch GET 200 https://registry.npmjs.org/parent-module/-/parent-module-1.0.1.tgz 1272ms (cache miss)
2876 http fetch GET 200 https://registry.npmjs.org/error-ex/-/error-ex-1.3.4.tgz 1274ms (cache miss)
2877 http fetch GET 200 https://registry.npmjs.org/yallist/-/yallist-3.1.1.tgz 1273ms (cache miss)
2878 http fetch GET 200 https://registry.npmjs.org/lodash/-/lodash-4.17.23.tgz 1286ms (cache miss)
2879 http fetch GET 200 https://registry.npmjs.org/react-router/-/react-router-7.13.0.tgz 1292ms (cache miss)
2880 http fetch GET 200 https://registry.npmjs.org/loose-envify/-/loose-envify-1.4.0.tgz 1300ms (cache miss)
2881 http fetch GET 200 https://registry.npmjs.org/graceful-fs/-/graceful-fs-4.2.11.tgz 1329ms (cache miss)
2882 http fetch GET 200 https://registry.npmjs.org/embla-carousel-reactive-utils/-/embla-carousel-reactive-utils-8.6.0.tgz 1341ms (cache miss)
2883 http fetch GET 200 https://registry.npmjs.org/parse-json/-/parse-json-5.2.0.tgz 1350ms (cache miss)
2884 http fetch GET 200 https://registry.npmjs.org/ms/-/ms-2.1.3.tgz 1350ms (cache miss)
2885 http fetch GET 200 https://registry.npmjs.org/tapable/-/tapable-2.3.0.tgz 1356ms (cache miss)
2886 http fetch GET 200 https://registry.npmjs.org/path-type/-/path-type-4.0.0.tgz 1373ms (cache miss)
2887 http fetch GET 200 https://registry.npmjs.org/update-browserslist-db/-/update-browserslist-db-1.2.3.tgz 1405ms (cache miss)
2888 http fetch GET 200 https://registry.npmjs.org/@types/parse-json/-/parse-json-4.0.2.tgz 1407ms (cache miss)
2889 http fetch GET 200 https://registry.npmjs.org/resolve-from/-/resolve-from-4.0.0.tgz 1408ms (cache miss)
2890 http fetch GET 200 https://registry.npmjs.org/electron-to-chromium/-/electron-to-chromium-1.5.302.tgz 1412ms (cache miss)
2891 http fetch GET 200 https://registry.npmjs.org/node-releases/-/node-releases-2.0.27.tgz 1431ms (cache miss)
2892 http fetch GET 200 https://registry.npmjs.org/import-fresh/-/import-fresh-3.3.1.tgz 1455ms (cache miss)
2893 http fetch GET 200 https://registry.npmjs.org/embla-carousel/-/embla-carousel-8.6.0.tgz 1518ms (cache miss)
2894 http fetch GET 200 https://registry.npmjs.org/browserslist/-/browserslist-4.28.1.tgz 1521ms (cache miss)
2895 http fetch GET 200 https://registry.npmjs.org/cosmiconfig/-/cosmiconfig-7.1.0.tgz 1525ms (cache miss)
2896 http fetch GET 200 https://registry.npmjs.org/@react-dnd/asap/-/asap-5.0.2.tgz 1542ms (cache miss)
2897 http fetch GET 200 https://registry.npmjs.org/resolve/-/resolve-1.22.11.tgz 1542ms (cache miss)
2898 http fetch GET 200 https://registry.npmjs.org/lru-cache/-/lru-cache-5.1.1.tgz 1575ms (cache miss)
2899 http fetch GET 200 https://registry.npmjs.org/@babel/compat-data/-/compat-data-7.29.0.tgz 1576ms (cache miss)
2900 http fetch GET 200 https://registry.npmjs.org/baseline-browser-mapping/-/baseline-browser-mapping-2.10.0.tgz 1577ms (cache miss)
2901 http fetch GET 200 https://registry.npmjs.org/semver/-/semver-6.3.1.tgz 1589ms (cache miss)
2902 http fetch GET 200 https://registry.npmjs.org/gensync/-/gensync-1.0.0-beta.2.tgz 1636ms (cache miss)
2903 http fetch GET 200 https://registry.npmjs.org/@types/d3-scale/-/d3-scale-4.0.9.tgz 1653ms (cache miss)
2904 http fetch GET 200 https://registry.npmjs.org/react-refresh/-/react-refresh-0.17.0.tgz 1649ms (cache miss)
2905 http fetch GET 200 https://registry.npmjs.org/@react-dnd/shallowequal/-/shallowequal-4.0.2.tgz 1749ms (cache miss)
2906 http fetch GET 200 https://registry.npmjs.org/@rolldown/pluginutils/-/pluginutils-1.0.0-beta.27.tgz 1741ms (cache miss)
2907 http fetch GET 200 https://registry.npmjs.org/@react-dnd/invariant/-/invariant-4.0.2.tgz 1825ms (cache miss)
2908 http fetch GET 200 https://registry.npmjs.org/@babel/plugin-transform-react-jsx-self/-/plugin-transform-react-jsx-self-7.27.1.tgz 1817ms (cache miss)
2909 http fetch GET 200 https://registry.npmjs.org/undici-types/-/undici-types-7.18.2.tgz 1822ms (cache miss)
2910 http fetch GET 200 https://registry.npmjs.org/framer-motion/-/framer-motion-12.34.3.tgz 1889ms (cache miss)
2911 http fetch GET 200 https://registry.npmjs.org/json5/-/json5-2.2.3.tgz 1902ms (cache miss)
2912 http fetch GET 200 https://registry.npmjs.org/motion-dom/-/motion-dom-12.34.3.tgz 1932ms (cache miss)
2913 http fetch GET 200 https://registry.npmjs.org/@types/babel__traverse/-/babel__traverse-7.28.0.tgz 1929ms (cache miss)
2914 http fetch GET 200 https://registry.npmjs.org/@esbuild/darwin-arm64/-/darwin-arm64-0.25.12.tgz 1990ms (cache miss)
2915 http fetch GET 200 https://registry.npmjs.org/detect-libc/-/detect-libc-2.1.2.tgz 1968ms (cache miss)
2916 http fetch GET 200 https://registry.npmjs.org/source-map-js/-/source-map-js-1.2.1.tgz 2017ms (cache miss)
2917 http fetch GET 200 https://registry.npmjs.org/caniuse-lite/-/caniuse-lite-1.0.30001770.tgz 2050ms (cache miss)
2918 http fetch GET 200 https://registry.npmjs.org/@babel/core/-/core-7.29.0.tgz 2064ms (cache miss)
2919 http fetch GET 200 https://registry.npmjs.org/magic-string/-/magic-string-0.30.21.tgz 2086ms (cache miss)
2920 http fetch GET 200 https://registry.npmjs.org/lightningcss/-/lightningcss-1.30.1.tgz 2107ms (cache miss)
2921 http fetch GET 200 https://registry.npmjs.org/@babel/plugin-transform-react-jsx-source/-/plugin-transform-react-jsx-source-7.27.1.tgz 2116ms (cache miss)
2922 http fetch GET 200 https://registry.npmjs.org/@types/node/-/node-25.3.0.tgz 2122ms (cache miss)
2923 http fetch GET 200 https://registry.npmjs.org/@babel/helper-compilation-targets/-/helper-compilation-targets-7.28.6.tgz 2157ms (cache miss)
2924 http fetch GET 200 https://registry.npmjs.org/@babel/helper-module-transforms/-/helper-module-transforms-7.28.6.tgz 2179ms (cache miss)
2925 http fetch GET 200 https://registry.npmjs.org/tar/-/tar-7.5.9.tgz 2180ms (cache miss)
2926 http fetch GET 200 https://registry.npmjs.org/enhanced-resolve/-/enhanced-resolve-5.19.0.tgz 2196ms (cache miss)
2927 http fetch GET 200 https://registry.npmjs.org/iceberg-js/-/iceberg-js-0.8.1.tgz 2204ms (cache miss)
2928 http fetch GET 200 https://registry.npmjs.org/jiti/-/jiti-2.6.1.tgz 2221ms (cache miss)
2929 http fetch GET 200 https://registry.npmjs.org/@types/ws/-/ws-8.18.1.tgz 2235ms (cache miss)
2930 http fetch GET 200 https://registry.npmjs.org/ws/-/ws-8.19.0.tgz 2239ms (cache miss)
2931 http fetch GET 200 https://registry.npmjs.org/@jridgewell/remapping/-/remapping-2.3.5.tgz 2260ms (cache miss)
2932 http fetch GET 200 https://registry.npmjs.org/tslib/-/tslib-2.8.1.tgz 2274ms (cache miss)
2933 http fetch GET 200 https://registry.npmjs.org/lightningcss-darwin-arm64/-/lightningcss-darwin-arm64-1.30.1.tgz 2306ms (cache miss)
2934 http fetch GET 200 https://registry.npmjs.org/@types/babel__generator/-/babel__generator-7.27.0.tgz 2391ms (cache miss)
2935 http fetch GET 200 https://registry.npmjs.org/@types/babel__template/-/babel__template-7.4.4.tgz 2501ms (cache miss)
2936 http fetch GET 200 https://registry.npmjs.org/@babel/helper-plugin-utils/-/helper-plugin-utils-7.28.6.tgz 2570ms (cache miss)
2937 http fetch GET 200 https://registry.npmjs.org/@babel/helper-validator-option/-/helper-validator-option-7.27.1.tgz 2589ms (cache miss)
2938 http fetch GET 200 https://registry.npmjs.org/@radix-ui/rect/-/rect-1.1.0.tgz 2644ms (cache miss)
2939 http fetch GET 200 https://registry.npmjs.org/@types/phoenix/-/phoenix-1.6.7.tgz 2656ms (cache miss)
2940 http fetch GET 200 https://registry.npmjs.org/@types/babel__core/-/babel__core-7.20.5.tgz 2833ms (cache miss)
2941 http fetch GET 200 https://registry.npmjs.org/@babel/helpers/-/helpers-7.28.6.tgz 2876ms (cache miss)
2942 http fetch GET 200 https://registry.npmjs.org/@tailwindcss/node/-/node-4.1.12.tgz 3036ms (cache miss)
2943 http fetch GET 200 https://registry.npmjs.org/@radix-ui/react-use-rect/-/react-use-rect-1.1.0.tgz 3050ms (cache miss)
2944 http fetch GET 200 https://registry.npmjs.org/@supabase/storage-js/-/storage-js-2.97.0.tgz 3357ms (cache miss)
2945 http fetch GET 200 https://registry.npmjs.org/@radix-ui/react-arrow/-/react-arrow-1.1.2.tgz 3372ms (cache miss)
2946 http fetch GET 200 https://registry.npmjs.org/@floating-ui/utils/-/utils-0.2.10.tgz 3386ms (cache miss)
2947 http fetch GET 200 https://registry.npmjs.org/react-remove-scroll/-/react-remove-scroll-2.7.2.tgz 3409ms (cache miss)
2948 http fetch GET 200 https://registry.npmjs.org/aria-hidden/-/aria-hidden-1.2.6.tgz 3418ms (cache miss)
2949 http fetch GET 200 https://registry.npmjs.org/@floating-ui/core/-/core-1.7.4.tgz 3446ms (cache miss)
2950 http fetch GET 200 https://registry.npmjs.org/@radix-ui/number/-/number-1.1.0.tgz 3519ms (cache miss)
2951 http fetch GET 200 https://registry.npmjs.org/@tailwindcss/oxide/-/oxide-4.1.12.tgz 3568ms (cache miss)
2952 http fetch GET 200 https://registry.npmjs.org/@supabase/realtime-js/-/realtime-js-2.97.0.tgz 3671ms (cache miss)
2953 http fetch GET 200 https://registry.npmjs.org/@tailwindcss/oxide-darwin-arm64/-/oxide-darwin-arm64-4.1.12.tgz 3720ms (cache miss)
2954 http fetch GET 200 https://registry.npmjs.org/@radix-ui/react-use-escape-keydown/-/react-use-escape-keydown-1.1.0.tgz 3833ms (cache miss)
2955 http fetch GET 200 https://registry.npmjs.org/@radix-ui/react-visually-hidden/-/react-visually-hidden-1.1.2.tgz 3835ms (cache miss)
2956 http fetch GET 200 https://registry.npmjs.org/@supabase/postgrest-js/-/postgrest-js-2.97.0.tgz 3843ms (cache miss)
2957 http fetch GET 200 https://registry.npmjs.org/@radix-ui/react-use-controllable-state/-/react-use-controllable-state-1.1.0.tgz 3902ms (cache miss)
2958 http fetch GET 200 https://registry.npmjs.org/@radix-ui/react-use-size/-/react-use-size-1.1.0.tgz 3943ms (cache miss)
2959 http fetch GET 200 https://registry.npmjs.org/@floating-ui/dom/-/dom-1.7.5.tgz 3947ms (cache miss)
2960 http fetch GET 200 https://registry.npmjs.org/@radix-ui/react-use-callback-ref/-/react-use-callback-ref-1.1.0.tgz 3966ms (cache miss)
2961 http fetch GET 200 https://registry.npmjs.org/@floating-ui/react-dom/-/react-dom-2.1.7.tgz 3998ms (cache miss)
2962 http fetch GET 200 https://registry.npmjs.org/@supabase/auth-js/-/auth-js-2.97.0.tgz 4089ms (cache miss)
2963 http fetch GET 200 https://registry.npmjs.org/@radix-ui/react-portal/-/react-portal-1.1.4.tgz 4179ms (cache miss)
2964 http fetch GET 200 https://registry.npmjs.org/@radix-ui/react-focus-guards/-/react-focus-guards-1.1.1.tgz 4218ms (cache miss)
2965 http fetch GET 200 https://registry.npmjs.org/@radix-ui/react-use-layout-effect/-/react-use-layout-effect-1.1.0.tgz 4239ms (cache miss)
2966 http fetch GET 200 https://registry.npmjs.org/@radix-ui/react-presence/-/react-presence-1.1.2.tgz 4282ms (cache miss)
2967 http fetch GET 200 https://registry.npmjs.org/@radix-ui/react-roving-focus/-/react-roving-focus-1.1.2.tgz 4311ms (cache miss)
2968 http fetch GET 200 https://registry.npmjs.org/@radix-ui/react-id/-/react-id-1.1.0.tgz 4370ms (cache miss)
2969 http fetch GET 200 https://registry.npmjs.org/@radix-ui/react-primitive/-/react-primitive-2.0.2.tgz 4379ms (cache miss)
2970 http fetch GET 200 https://registry.npmjs.org/@radix-ui/react-direction/-/react-direction-1.1.0.tgz 4413ms (cache miss)
2971 http fetch GET 200 https://registry.npmjs.org/react-is/-/react-is-19.2.4.tgz 4470ms (cache miss)
2972 http fetch GET 200 https://registry.npmjs.org/prop-types/-/prop-types-15.8.1.tgz 4550ms (cache miss)
2973 http fetch GET 200 https://registry.npmjs.org/react-transition-group/-/react-transition-group-4.4.5.tgz 4579ms (cache miss)
2974 http fetch GET 200 https://registry.npmjs.org/@radix-ui/react-menu/-/react-menu-2.1.6.tgz 4667ms (cache miss)
2975 http fetch GET 200 https://registry.npmjs.org/@types/prop-types/-/prop-types-15.7.15.tgz 4681ms (cache miss)
2976 http fetch GET 200 https://registry.npmjs.org/@radix-ui/react-focus-scope/-/react-focus-scope-1.1.2.tgz 4709ms (cache miss)
2977 http fetch GET 200 https://registry.npmjs.org/@mui/styled-engine/-/styled-engine-7.3.8.tgz 4793ms (cache miss)
2978 http fetch GET 200 https://registry.npmjs.org/@radix-ui/react-context/-/react-context-1.1.1.tgz 4844ms (cache miss)
2979 http fetch GET 200 https://registry.npmjs.org/@jridgewell/sourcemap-codec/-/sourcemap-codec-1.5.5.tgz 4845ms (cache miss)
2980 http fetch GET 200 https://registry.npmjs.org/@radix-ui/react-collection/-/react-collection-1.1.2.tgz 4954ms (cache miss)
2981 http fetch GET 200 https://registry.npmjs.org/@radix-ui/primitive/-/primitive-1.1.1.tgz 4964ms (cache miss)
2982 http fetch GET 200 https://registry.npmjs.org/@jridgewell/resolve-uri/-/resolve-uri-3.1.2.tgz 5038ms (cache miss)
2983 http fetch GET 200 https://registry.npmjs.org/@radix-ui/react-compose-refs/-/react-compose-refs-1.1.1.tgz 5079ms (cache miss)
2984 http fetch GET 200 https://registry.npmjs.org/@radix-ui/react-dismissable-layer/-/react-dismissable-layer-1.1.5.tgz 5151ms (cache miss)
2985 http fetch GET 200 https://registry.npmjs.org/csstype/-/csstype-3.2.3.tgz 5169ms (cache miss)
2986 http fetch GET 200 https://registry.npmjs.org/@radix-ui/react-use-previous/-/react-use-previous-1.1.0.tgz 5175ms (cache miss)
2987 http fetch GET 200 https://registry.npmjs.org/picocolors/-/picocolors-1.1.1.tgz 5222ms (cache miss)
2988 http fetch GET 200 https://registry.npmjs.org/jsesc/-/jsesc-3.1.0.tgz 5223ms (cache miss)
2989 http fetch GET 200 https://registry.npmjs.org/@jridgewell/trace-mapping/-/trace-mapping-0.3.31.tgz 5227ms (cache miss)
2990 http fetch GET 200 https://registry.npmjs.org/debug/-/debug-4.4.3.tgz 5272ms (cache miss)
2991 http fetch GET 200 https://registry.npmjs.org/js-tokens/-/js-tokens-4.0.0.tgz 5318ms (cache miss)
2992 http fetch GET 200 https://registry.npmjs.org/@babel/helper-validator-identifier/-/helper-validator-identifier-7.28.5.tgz 5322ms (cache miss)
2993 http fetch GET 200 https://registry.npmjs.org/@emotion/sheet/-/sheet-1.4.0.tgz 5406ms (cache miss)
2994 http fetch GET 200 https://registry.npmjs.org/@radix-ui/react-popper/-/react-popper-1.2.2.tgz 5427ms (cache miss)
2995 http fetch GET 200 https://registry.npmjs.org/@babel/code-frame/-/code-frame-7.29.0.tgz 5512ms (cache miss)
2996 http fetch GET 200 https://registry.npmjs.org/@babel/helper-string-parser/-/helper-string-parser-7.27.1.tgz 5516ms (cache miss)
2997 http fetch GET 200 https://registry.npmjs.org/@babel/parser/-/parser-7.29.0.tgz 5532ms (cache miss)
2998 http fetch GET 200 https://registry.npmjs.org/@jridgewell/gen-mapping/-/gen-mapping-0.3.13.tgz 5592ms (cache miss)
2999 http fetch GET 200 https://registry.npmjs.org/@babel/traverse/-/traverse-7.29.0.tgz 5626ms (cache miss)
3000 http fetch GET 200 https://registry.npmjs.org/@types/react-transition-group/-/react-transition-group-4.4.12.tgz 5647ms (cache miss)
3001 http fetch GET 200 https://registry.npmjs.org/@emotion/is-prop-valid/-/is-prop-valid-1.4.0.tgz 5654ms (cache miss)
3002 http fetch GET 200 https://registry.npmjs.org/@babel/template/-/template-7.28.6.tgz 5695ms (cache miss)
3003 http fetch GET 200 https://registry.npmjs.org/stylis/-/stylis-4.2.0.tgz 5694ms (cache miss)
3004 http fetch GET 200 https://registry.npmjs.org/find-root/-/find-root-1.1.0.tgz 5705ms (cache miss)
3005 http fetch GET 200 https://registry.npmjs.org/escape-string-regexp/-/escape-string-regexp-4.0.0.tgz 5753ms (cache miss)
3006 http fetch GET 200 https://registry.npmjs.org/@mui/private-theming/-/private-theming-7.3.8.tgz 5766ms (cache miss)
3007 http fetch GET 200 https://registry.npmjs.org/convert-source-map/-/convert-source-map-1.9.0.tgz 5761ms (cache miss)
3008 http fetch GET 200 https://registry.npmjs.org/@babel/helper-globals/-/helper-globals-7.28.0.tgz 5782ms (cache miss)
3009 http fetch GET 200 https://registry.npmjs.org/@types/react/-/react-19.2.14.tgz 5821ms (cache miss)
3010 http fetch GET 200 https://registry.npmjs.org/hoist-non-react-statics/-/hoist-non-react-statics-3.3.2.tgz 5814ms (cache miss)
3011 http fetch GET 200 https://registry.npmjs.org/@babel/types/-/types-7.29.0.tgz 5825ms (cache miss)
3012 http fetch GET 200 https://registry.npmjs.org/@emotion/weak-memoize/-/weak-memoize-0.4.0.tgz 5839ms (cache miss)
3013 http fetch GET 200 https://registry.npmjs.org/@emotion/utils/-/utils-1.4.2.tgz 5845ms (cache miss)
3014 http fetch GET 200 https://registry.npmjs.org/@mui/core-downloads-tracker/-/core-downloads-tracker-7.3.8.tgz 5931ms (cache miss)
3015 http fetch GET 200 https://registry.npmjs.org/babel-plugin-macros/-/babel-plugin-macros-3.1.0.tgz 5947ms (cache miss)
3016 http fetch GET 200 https://registry.npmjs.org/@emotion/memoize/-/memoize-0.9.0.tgz 5947ms (cache miss)
3017 http fetch GET 200 https://registry.npmjs.org/@emotion/babel-plugin/-/babel-plugin-11.13.5.tgz 5971ms (cache miss)
3018 http fetch GET 200 https://registry.npmjs.org/@emotion/cache/-/cache-11.14.0.tgz 5988ms (cache miss)
3019 http fetch GET 200 https://registry.npmjs.org/tw-animate-css/-/tw-animate-css-1.3.8.tgz 6017ms (cache miss)
3020 http fetch GET 200 https://registry.npmjs.org/source-map/-/source-map-0.5.7.tgz 6027ms (cache miss)
3021 http fetch GET 200 https://registry.npmjs.org/@mui/types/-/types-7.4.11.tgz 6037ms (cache miss)
3022 http fetch GET 200 https://registry.npmjs.org/sonner/-/sonner-2.0.3.tgz 6026ms (cache miss)
3023 http fetch GET 200 https://registry.npmjs.org/@emotion/unitless/-/unitless-0.10.0.tgz 6046ms (cache miss)
3024 http fetch GET 200 https://registry.npmjs.org/vaul/-/vaul-1.1.2.tgz 6062ms (cache miss)
3025 http fetch GET 200 https://registry.npmjs.org/@babel/generator/-/generator-7.29.1.tgz 6071ms (cache miss)
3026 http fetch GET 200 https://registry.npmjs.org/tailwindcss/-/tailwindcss-4.1.12.tgz 6067ms (cache miss)
3027 http fetch GET 200 https://registry.npmjs.org/@supabase/functions-js/-/functions-js-2.97.0.tgz 6114ms (cache miss)
3028 http fetch GET 200 https://registry.npmjs.org/react-router-dom/-/react-router-dom-7.13.0.tgz 6129ms (cache miss)
3029 http fetch GET 200 https://registry.npmjs.org/@emotion/hash/-/hash-0.9.2.tgz 6136ms (cache miss)
3030 http fetch GET 200 https://registry.npmjs.org/react-popper/-/react-popper-2.3.0.tgz 6134ms (cache miss)
3031 http fetch GET 200 https://registry.npmjs.org/react-responsive-masonry/-/react-responsive-masonry-2.7.1.tgz 6162ms (cache miss)
3032 http fetch GET 200 https://registry.npmjs.org/react-resizable-panels/-/react-resizable-panels-2.1.7.tgz 6178ms (cache miss)
3033 http fetch GET 200 https://registry.npmjs.org/next-themes/-/next-themes-0.4.6.tgz 6189ms (cache miss)
3034 http fetch GET 200 https://registry.npmjs.org/@babel/helper-module-imports/-/helper-module-imports-7.28.6.tgz 6235ms (cache miss)
3035 http fetch GET 200 https://registry.npmjs.org/tailwind-merge/-/tailwind-merge-3.2.0.tgz 6261ms (cache miss)
3036 http fetch GET 200 https://registry.npmjs.org/clsx/-/clsx-2.1.1.tgz 6291ms (cache miss)
3037 http fetch GET 200 https://registry.npmjs.org/embla-carousel-react/-/embla-carousel-react-8.6.0.tgz 6292ms (cache miss)
3038 http fetch GET 200 https://registry.npmjs.org/react-slick/-/react-slick-0.31.0.tgz 6297ms (cache miss)
3039 http fetch GET 200 https://registry.npmjs.org/motion/-/motion-12.23.24.tgz 6327ms (cache miss)
3040 http fetch GET 200 https://registry.npmjs.org/react-dnd-html5-backend/-/react-dnd-html5-backend-16.0.1.tgz 6333ms (cache miss)
3041 http fetch GET 200 https://registry.npmjs.org/cmdk/-/cmdk-1.1.1.tgz 6431ms (cache miss)
3042 http fetch GET 200 https://registry.npmjs.org/@emotion/serialize/-/serialize-1.3.3.tgz 6473ms (cache miss)
3043 http fetch GET 200 https://registry.npmjs.org/@babel/runtime/-/runtime-7.28.6.tgz 6524ms (cache miss)
3044 http fetch GET 200 https://registry.npmjs.org/class-variance-authority/-/class-variance-authority-0.7.1.tgz 6566ms (cache miss)
3045 http fetch GET 200 https://registry.npmjs.org/@vitejs/plugin-react/-/plugin-react-4.7.0.tgz 6570ms (cache miss)
3046 http fetch GET 200 https://registry.npmjs.org/input-otp/-/input-otp-1.4.2.tgz 6572ms (cache miss)
3047 http fetch GET 200 https://registry.npmjs.org/react-dnd/-/react-dnd-16.0.1.tgz 6590ms (cache miss)
3048 http fetch GET 200 https://registry.npmjs.org/recharts/-/recharts-2.15.2.tgz 6737ms (cache miss)
3049 http fetch GET 200 https://registry.npmjs.org/@mui/utils/-/utils-7.3.8.tgz 6778ms (cache miss)
3050 http fetch GET 200 https://registry.npmjs.org/react-hook-form/-/react-hook-form-7.55.0.tgz 6878ms (cache miss)
3051 http fetch GET 200 https://registry.npmjs.org/vite/-/vite-6.3.5.tgz 6916ms (cache miss)
3052 http fetch GET 200 https://registry.npmjs.org/react-day-picker/-/react-day-picker-8.10.1.tgz 6991ms (cache miss)
3053 http fetch GET 200 https://registry.npmjs.org/@mui/system/-/system-7.3.8.tgz 7079ms (cache miss)
3054 http fetch GET 200 https://registry.npmjs.org/@emotion/use-insertion-effect-with-fallbacks/-/use-insertion-effect-with-fallbacks-1.2.0.tgz 7239ms (cache miss)
3055 http fetch GET 200 https://registry.npmjs.org/@radix-ui/react-tabs/-/react-tabs-1.1.3.tgz 7395ms (cache miss)
3056 http fetch GET 200 https://registry.npmjs.org/@radix-ui/react-switch/-/react-switch-1.1.3.tgz 7400ms (cache miss)
3057 http fetch GET 200 https://registry.npmjs.org/@radix-ui/react-tooltip/-/react-tooltip-1.1.8.tgz 7404ms (cache miss)
3058 http fetch GET 200 https://registry.npmjs.org/@radix-ui/react-slider/-/react-slider-1.2.3.tgz 7577ms (cache miss)
3059 http fetch GET 200 https://registry.npmjs.org/@radix-ui/react-select/-/react-select-2.1.6.tgz 7660ms (cache miss)
3060 http fetch GET 200 https://registry.npmjs.org/@supabase/supabase-js/-/supabase-js-2.97.0.tgz 7702ms (cache miss)
3061 http fetch GET 200 https://registry.npmjs.org/@radix-ui/react-toggle/-/react-toggle-1.1.2.tgz 7788ms (cache miss)
3062 http fetch GET 200 https://registry.npmjs.org/@radix-ui/react-slot/-/react-slot-1.1.2.tgz 7854ms (cache miss)
3063 http fetch GET 200 https://registry.npmjs.org/@tailwindcss/vite/-/vite-4.1.12.tgz 7994ms (cache miss)
3064 http fetch GET 200 https://registry.npmjs.org/@radix-ui/react-separator/-/react-separator-1.1.2.tgz 8211ms (cache miss)
3065 http fetch GET 200 https://registry.npmjs.org/@radix-ui/react-toggle-group/-/react-toggle-group-1.1.2.tgz 8260ms (cache miss)
3066 http fetch GET 200 https://registry.npmjs.org/@radix-ui/react-hover-card/-/react-hover-card-1.1.6.tgz 8278ms (cache miss)
3067 http fetch GET 200 https://registry.npmjs.org/@radix-ui/react-scroll-area/-/react-scroll-area-1.2.3.tgz 8448ms (cache miss)
3068 http fetch GET 200 https://registry.npmjs.org/@radix-ui/react-progress/-/react-progress-1.1.2.tgz 8542ms (cache miss)
3069 http fetch GET 200 https://registry.npmjs.org/@radix-ui/react-checkbox/-/react-checkbox-1.1.4.tgz 8541ms (cache miss)
3070 http fetch GET 200 https://registry.npmjs.org/@radix-ui/react-context-menu/-/react-context-menu-2.2.6.tgz 8543ms (cache miss)
3071 http fetch GET 200 https://registry.npmjs.org/@radix-ui/react-radio-group/-/react-radio-group-1.2.3.tgz 8546ms (cache miss)
3072 http fetch GET 200 https://registry.npmjs.org/@radix-ui/react-avatar/-/react-avatar-1.1.3.tgz 8613ms (cache miss)
3073 http fetch GET 200 https://registry.npmjs.org/@radix-ui/react-navigation-menu/-/react-navigation-menu-1.2.5.tgz 8668ms (cache miss)
3074 http fetch GET 200 https://registry.npmjs.org/@radix-ui/react-label/-/react-label-2.1.2.tgz 8683ms (cache miss)
3075 http fetch GET 200 https://registry.npmjs.org/convert-source-map/-/convert-source-map-2.0.0.tgz 8775ms (cache miss)
3076 http fetch GET 200 https://registry.npmjs.org/react/-/react-18.3.1.tgz 8780ms (cache miss)
3077 http fetch GET 200 https://registry.npmjs.org/yallist/-/yallist-5.0.0.tgz 8876ms (cache miss)
3078 http fetch GET 200 https://registry.npmjs.org/yaml/-/yaml-1.10.2.tgz 8881ms (cache miss)
3079 http fetch GET 200 https://registry.npmjs.org/@radix-ui/react-menubar/-/react-menubar-1.1.6.tgz 8898ms (cache miss)
3080 http fetch GET 200 https://registry.npmjs.org/react-is/-/react-is-16.13.1.tgz 8913ms (cache miss)
3081 http fetch GET 200 https://registry.npmjs.org/react-is/-/react-is-16.13.1.tgz 8932ms (cache miss)
3082 http fetch GET 200 https://registry.npmjs.org/react-is/-/react-is-18.3.1.tgz 8944ms (cache miss)
3083 http fetch GET 200 https://registry.npmjs.org/@radix-ui/react-popover/-/react-popover-1.1.6.tgz 9008ms (cache miss)
3084 http fetch GET 200 https://registry.npmjs.org/@radix-ui/react-alert-dialog/-/react-alert-dialog-1.1.6.tgz 9067ms (cache miss)
3085 http fetch GET 200 https://registry.npmjs.org/react-dom/-/react-dom-18.3.1.tgz 9115ms (cache miss)
3086 http fetch GET 200 https://registry.npmjs.org/@radix-ui/react-dialog/-/react-dialog-1.1.6.tgz 9166ms (cache miss)
3087 http fetch GET 200 https://registry.npmjs.org/@radix-ui/react-collapsible/-/react-collapsible-1.1.3.tgz 9602ms (cache miss)
3088 http fetch GET 200 https://registry.npmjs.org/@radix-ui/react-dropdown-menu/-/react-dropdown-menu-2.1.6.tgz 9606ms (cache miss)
3089 http fetch GET 200 https://registry.npmjs.org/@radix-ui/react-aspect-ratio/-/react-aspect-ratio-1.1.2.tgz 9736ms (cache miss)
3090 http fetch GET 200 https://registry.npmjs.org/@radix-ui/react-accordion/-/react-accordion-1.2.3.tgz 9815ms (cache miss)
3091 http fetch GET 200 https://registry.npmjs.org/@popperjs/core/-/core-2.11.8.tgz 9843ms (cache miss)
3092 http fetch GET 200 https://registry.npmjs.org/@emotion/styled/-/styled-11.14.1.tgz 9961ms (cache miss)
3093 http fetch GET 200 https://registry.npmjs.org/@emotion/react/-/react-11.14.0.tgz 10252ms (cache miss)
3094 http fetch GET 200 https://registry.npmjs.org/date-fns/-/date-fns-3.6.0.tgz 11126ms (cache miss)
3095 http fetch GET 200 https://registry.npmjs.org/lucide-react/-/lucide-react-0.487.0.tgz 11466ms (cache miss)
3096 http fetch GET 200 https://registry.npmjs.org/@mui/material/-/material-7.3.5.tgz 11552ms (cache miss)
3097 http fetch GET 200 https://registry.npmjs.org/@mui/icons-material/-/icons-material-7.3.5.tgz 17799ms (cache miss)
3098 info run fsevents@2.3.3 install node_modules/fsevents node-gyp rebuild
3099 info run fsevents@2.3.3 install { code: 127, signal: null }
3100 verbose reify failed optional dependency /Users/mac/Downloads/Elevate-Educate/node_modules/fsevents
3101 silly reify mark deleted [ '/Users/mac/Downloads/Elevate-Educate/node_modules/fsevents' ]
3102 info run @tailwindcss/oxide@4.1.12 postinstall node_modules/@tailwindcss/oxide node ./scripts/install.js
3103 info run esbuild@0.25.12 postinstall node_modules/esbuild node install.js
3104 info run @tailwindcss/oxide@4.1.12 postinstall { code: 127, signal: null }
3105 info run esbuild@0.25.12 postinstall { code: 127, signal: null }
3106 verbose stack Error: command failed
3106 verbose stack     at promiseSpawn (/opt/homebrew/Cellar/node@24/24.13.1/lib/node_modules/npm/node_modules/@npmcli/promise-spawn/lib/index.js:22:22)
3106 verbose stack     at spawnWithShell (/opt/homebrew/Cellar/node@24/24.13.1/lib/node_modules/npm/node_modules/@npmcli/promise-spawn/lib/index.js:124:10)
3106 verbose stack     at promiseSpawn (/opt/homebrew/Cellar/node@24/24.13.1/lib/node_modules/npm/node_modules/@npmcli/promise-spawn/lib/index.js:12:12)
3106 verbose stack     at runScriptPkg (/opt/homebrew/Cellar/node@24/24.13.1/lib/node_modules/npm/node_modules/@npmcli/run-script/lib/run-script-pkg.js:79:13)
3106 verbose stack     at runScript (/opt/homebrew/Cellar/node@24/24.13.1/lib/node_modules/npm/node_modules/@npmcli/run-script/lib/run-script.js:9:12)
3106 verbose stack     at /opt/homebrew/Cellar/node@24/24.13.1/lib/node_modules/npm/node_modules/@npmcli/arborist/lib/arborist/rebuild.js:327:17
3106 verbose stack     at run (/opt/homebrew/Cellar/node@24/24.13.1/lib/node_modules/npm/node_modules/promise-call-limit/dist/commonjs/index.js:67:22)
3106 verbose stack     at /opt/homebrew/Cellar/node@24/24.13.1/lib/node_modules/npm/node_modules/promise-call-limit/dist/commonjs/index.js:84:9
3106 verbose stack     at new Promise (<anonymous>)
3106 verbose stack     at callLimit (/opt/homebrew/Cellar/node@24/24.13.1/lib/node_modules/npm/node_modules/promise-call-limit/dist/commonjs/index.js:35:69)
3107 verbose pkgid @tailwindcss/oxide@4.1.12
3108 error code 127
3109 error path /Users/mac/Downloads/Elevate-Educate/node_modules/@tailwindcss/oxide
3110 error command failed
3111 error command sh -c node ./scripts/install.js
3112 error sh: node: command not found
3113 silly unfinished npm timer reify 1771633220038
3114 silly unfinished npm timer reify:build 1771633361741
3115 silly unfinished npm timer build 1771633361742
3116 silly unfinished npm timer build:deps 1771633361742
3117 silly unfinished npm timer build:run:postinstall 1771633361827
3118 silly unfinished npm timer build:run:postinstall:node_modules/@tailwindcss/oxide 1771633361827
3119 silly unfinished npm timer build:run:postinstall:node_modules/esbuild 1771633361830
3120 verbose cwd /Users/mac/Downloads/Elevate-Educate
3121 verbose os Darwin 25.2.0
3122 verbose node v24.13.1
3123 verbose npm  v11.8.0
3124 notice
3124 notice New minor version of npm available! 11.8.0 -> 11.10.1
3124 notice Changelog: https://github.com/npm/cli/releases/tag/v11.10.1
3124 notice To update run: npm install -g npm@11.10.1
3124 notice  { force: true, Symbol(proc-log.meta): true }
3125 verbose exit 127
3126 verbose code 127
3127 error A complete log of this run can be found in: /Users/mac/Downloads/Elevate-Educate/.npm-cache/_logs/2026-02-21T00_20_19_680Z-debug-0.log
